,company_name,company_url
0,ICT bedrijven zoeken,https://www.ictergezocht.nl/ict-bedrijven/
1,ICT bedrijven zoeken,https://www.ictergezocht.nl/ict-bedrijven/
2,a friend of mine,https://www.ictergezocht.nl/ict-bedrijven/4763-a-friend-of-mine/
3,A New Spring,https://www.ictergezocht.nl/ict-bedrijven/703-a-new-spring/
4,A!tention,https://www.ictergezocht.nl/ict-bedrijven/64-atention/
5,A. van Tilburg Beheer,https://www.ictergezocht.nl/ict-bedrijven/7777-a-van-tilburg-beheer/
6,A&A Capacity,https://www.ictergezocht.nl/ict-bedrijven/8083-aa-capacity/
7,A&A Capacity,https://www.ictergezocht.nl/ict-bedrijven/5326-aa-capacity/
8,a&m impact internetdiensten,https://www.ictergezocht.nl/ict-bedrijven/79-am-impact-internetdiensten/
9,A+ Personeel,https://www.ictergezocht.nl/ict-bedrijven/9648-a-personeel/
10,Aafje,https://www.ictergezocht.nl/ict-bedrijven/8395-aafje/
11,Aafje,https://www.ictergezocht.nl/ict-bedrijven/9970-aafje/
12,Aafje thuiszorg huizen zorghotels,https://www.ictergezocht.nl/ict-bedrijven/5127-aafje-thuiszorg-huizen-zorghotels/
13,AAN,https://www.ictergezocht.nl/ict-bedrijven/6198-aan/
14,Aan Zee Interactive,https://www.ictergezocht.nl/ict-bedrijven/2895-aan-zee-interactive/
15,Aartsen Breda,https://www.ictergezocht.nl/ict-bedrijven/7620-aartsen-breda/
16,Aatop ICT,https://www.ictergezocht.nl/ict-bedrijven/127-aatop-ict/
17,AB Midden Nederland,https://www.ictergezocht.nl/ict-bedrijven/10277-ab-midden-nederland/
18,AB Zuid-Holland,https://www.ictergezocht.nl/ict-bedrijven/10619-ab-zuid-holland/
19,Abacus,https://www.ictergezocht.nl/ict-bedrijven/5391-abacus/
20,ABB Ontwikkeling,https://www.ictergezocht.nl/ict-bedrijven/9569-abb-ontwikkeling/
21,ABC E BUSINESS,https://www.ictergezocht.nl/ict-bedrijven/4260-abc-e-business/
22,ABCom ITServe,https://www.ictergezocht.nl/ict-bedrijven/4927-abcom-itserve/
23,ABF Research,https://www.ictergezocht.nl/ict-bedrijven/9579-abf-research/
24,ABN AMRO,https://www.ictergezocht.nl/ict-bedrijven/7287-abn-amro/
25,about:blank,https://www.ictergezocht.nl/ict-bedrijven/8209-aboutblank/
26,Abovo Media,https://www.ictergezocht.nl/ict-bedrijven/1778-abovo-media/
27,Abstract IT,https://www.ictergezocht.nl/ict-bedrijven/6217-abstract-it/
28,ABZ,https://www.ictergezocht.nl/ict-bedrijven/4952-abz/
29,Acantis,https://www.ictergezocht.nl/ict-bedrijven/498-acantis/
30,Acato,https://www.ictergezocht.nl/ict-bedrijven/4521-acato/
31,ACC ICT,https://www.ictergezocht.nl/ict-bedrijven/8152-acc-ict/
32,Accent Automatisering,https://www.ictergezocht.nl/ict-bedrijven/7899-accent-automatisering/
33,Accent Pointe,https://www.ictergezocht.nl/ict-bedrijven/9118-accent-pointe/
34,Accenture,https://www.ictergezocht.nl/ict-bedrijven/8698-accenture/
35,AccessPlanner,https://www.ictergezocht.nl/ict-bedrijven/10503-accessplanner/
36,Accord Marketing Limited,https://www.ictergezocht.nl/ict-bedrijven/8941-accord-marketing-limited/
37,Ace Mobilization,https://www.ictergezocht.nl/ict-bedrijven/8292-ace-mobilization/
38,ACF Bentveld,https://www.ictergezocht.nl/ict-bedrijven/8298-acf-bentveld/
39,Achmea health Centers,https://www.ictergezocht.nl/ict-bedrijven/971-achmea-health-centers/
40,Acision,https://www.ictergezocht.nl/ict-bedrijven/35-acision/
41,Acknowledge Benelux,https://www.ictergezocht.nl/ict-bedrijven/9268-acknowledge-benelux/
42,Acknowledge Benelux,https://www.ictergezocht.nl/ict-bedrijven/10745-acknowledge-benelux/
43,Acknowledge Professional Services,https://www.ictergezocht.nl/ict-bedrijven/2783-acknowledge-professional-services/
44,ACN Europe,https://www.ictergezocht.nl/ict-bedrijven/4268-acn-europe/
45,Acolad,https://www.ictergezocht.nl/ict-bedrijven/10209-acolad/
46,AcouSoft Informatisering,https://www.ictergezocht.nl/ict-bedrijven/10613-acousoft-informatisering/
47,Acrelec Group,https://www.ictergezocht.nl/ict-bedrijven/8845-acrelec-group/
48,Acrelec Group,https://www.ictergezocht.nl/ict-bedrijven/10128-acrelec-group/
49,Acropolis Automatiseringsgroep,https://www.ictergezocht.nl/ict-bedrijven/1425-acropolis-automatiseringsgroep/
50,Act Vision,https://www.ictergezocht.nl/ict-bedrijven/632-act-vision/
51,Act-3D,https://www.ictergezocht.nl/ict-bedrijven/9748-act-3d/
52,Acta Marine Management Services,https://www.ictergezocht.nl/ict-bedrijven/10711-acta-marine-management-services/
53,Actacom,https://www.ictergezocht.nl/ict-bedrijven/9944-actacom/
54,Active Ants,https://www.ictergezocht.nl/ict-bedrijven/5232-active-ants/
55,Active Cues,https://www.ictergezocht.nl/ict-bedrijven/7958-active-cues/
56,Active Group ICT - Meester in ICT en AV,https://www.ictergezocht.nl/ict-bedrijven/5006-active-group-ict-meester-in-ict-en-av/
57,Active Intermediair,https://www.ictergezocht.nl/ict-bedrijven/605-active-intermediair/
58,ActiVite,https://www.ictergezocht.nl/ict-bedrijven/4688-activite/
59,"ActiZ, branchevereniging van zorgorganisaties",https://www.ictergezocht.nl/ict-bedrijven/9595-actiz-branchevereniging-van-zorgorganisaties/
60,Ad Channel,https://www.ictergezocht.nl/ict-bedrijven/302-ad-channel/
61,Adaption Business Software,https://www.ictergezocht.nl/ict-bedrijven/8404-adaption-business-software/
62,Adaptivity,https://www.ictergezocht.nl/ict-bedrijven/8134-adaptivity/
63,Add Value IT Recruitment,https://www.ictergezocht.nl/ict-bedrijven/9335-add-value-it-recruitment/
64,AddComm,https://www.ictergezocht.nl/ict-bedrijven/10507-addcomm/
65,AddComm Direct,https://www.ictergezocht.nl/ict-bedrijven/5266-addcomm-direct/
66,AddComm Direct,https://www.ictergezocht.nl/ict-bedrijven/9630-addcomm-direct/
67,Adecco Deventer,https://www.ictergezocht.nl/ict-bedrijven/900-adecco-deventer/
68,Adecon,https://www.ictergezocht.nl/ict-bedrijven/4502-adecon/
69,Adecs Airinfra,https://www.ictergezocht.nl/ict-bedrijven/3145-adecs-airinfra/
70,Adeko Webdesign & Development,https://www.ictergezocht.nl/ict-bedrijven/7862-adeko-webdesign-development/
71,adesso Nederland,https://www.ictergezocht.nl/ict-bedrijven/10083-adesso-nederland/
72,Adfiliate Concepts,https://www.ictergezocht.nl/ict-bedrijven/5331-adfiliate-concepts/
73,Adlantic Online Advertising,https://www.ictergezocht.nl/ict-bedrijven/4808-adlantic-online-advertising/
74,Admicom Systems,https://www.ictergezocht.nl/ict-bedrijven/8090-admicom-systems/
75,Adomex International,https://www.ictergezocht.nl/ict-bedrijven/9287-adomex-international/
76,Adsolutions,https://www.ictergezocht.nl/ict-bedrijven/10433-adsolutions/
77,Adtraxion Systems,https://www.ictergezocht.nl/ict-bedrijven/1140-adtraxion-systems/
78,ADTS ICT,https://www.ictergezocht.nl/ict-bedrijven/10706-adts-ict/
79,Advance Communications,https://www.ictergezocht.nl/ict-bedrijven/9856-advance-communications/
80,Advanced CRMMail Technology,https://www.ictergezocht.nl/ict-bedrijven/7768-advanced-crmmail-technology/
81,Adver-Online,https://www.ictergezocht.nl/ict-bedrijven/6177-adver-online/
82,Adver-Online,https://www.ictergezocht.nl/ict-bedrijven/3632-adver-online/
83,Adversitement,https://www.ictergezocht.nl/ict-bedrijven/2304-adversitement/
84,Adviesbureau voor Bouwconstructies Wagemaker,https://www.ictergezocht.nl/ict-bedrijven/8299-adviesbureau-voor-bouwconstructies-wagemaker/
85,Advisor ICT Solutions,https://www.ictergezocht.nl/ict-bedrijven/4631-advisor-ict-solutions/
86,Aelmans Adviesgroep,https://www.ictergezocht.nl/ict-bedrijven/3095-aelmans-adviesgroep/
87,AENC@Smart Talent,https://www.ictergezocht.nl/ict-bedrijven/10155-aencsmart-talent/
88,Aenova Software,https://www.ictergezocht.nl/ict-bedrijven/7974-aenova-software/
89,Aeon Service ICT,https://www.ictergezocht.nl/ict-bedrijven/5267-aeon-service-ict/
90,AethiQs,https://www.ictergezocht.nl/ict-bedrijven/9493-aethiqs/
91,AFAB Geldservice,https://www.ictergezocht.nl/ict-bedrijven/212-afab-geldservice/
92,Affiliate4You,https://www.ictergezocht.nl/ict-bedrijven/889-affiliate4you/
93,Afflux,https://www.ictergezocht.nl/ict-bedrijven/340-afflux/
94,Afternote,https://www.ictergezocht.nl/ict-bedrijven/5034-afternote/
95,AfterPay,https://www.ictergezocht.nl/ict-bedrijven/4798-afterpay/
96,AGEL adviseurs,https://www.ictergezocht.nl/ict-bedrijven/8148-agel-adviseurs/
97,Agfa Gevaert,https://www.ictergezocht.nl/ict-bedrijven/4951-agfa-gevaert/
98,Agiliq,https://www.ictergezocht.nl/ict-bedrijven/4465-agiliq/
99,AgilityMasters.com,https://www.ictergezocht.nl/ict-bedrijven/7856-agilitymasterscom/
100,AGIN Timmermans,https://www.ictergezocht.nl/ict-bedrijven/5620-agin-timmermans/
101,Agis Automatisering,https://www.ictergezocht.nl/ict-bedrijven/1710-agis-automatisering/
102,Agri Recruitment,https://www.ictergezocht.nl/ict-bedrijven/5682-agri-recruitment/
103,Agrico,https://www.ictergezocht.nl/ict-bedrijven/10678-agrico/
104,Agrippa,https://www.ictergezocht.nl/ict-bedrijven/9571-agrippa/
105,Agro Energy,https://www.ictergezocht.nl/ict-bedrijven/9221-agro-energy/
106,Aia worldwide,https://www.ictergezocht.nl/ict-bedrijven/4305-aia-worldwide/
107,Aidsfonds - Soa Aids Nederland,https://www.ictergezocht.nl/ict-bedrijven/10562-aidsfonds-soa-aids-nederland/
108,Aidsfonds - Soa Aids Nederland,https://www.ictergezocht.nl/ict-bedrijven/10393-aidsfonds-soa-aids-nederland/
109,Airworks Aviation Solutions,https://www.ictergezocht.nl/ict-bedrijven/3951-airworks-aviation-solutions/
110,Aivex,https://www.ictergezocht.nl/ict-bedrijven/5515-aivex/
111,Ajilon IT,https://www.ictergezocht.nl/ict-bedrijven/8115-ajilon-it/
112,Akiet Automatisering,https://www.ictergezocht.nl/ict-bedrijven/9726-akiet-automatisering/
113,AKJ,https://www.ictergezocht.nl/ict-bedrijven/9893-akj/
114,Akwa GGZ,https://www.ictergezocht.nl/ict-bedrijven/9160-akwa-ggz/
115,Akyla,https://www.ictergezocht.nl/ict-bedrijven/6083-akyla/
116,Albert Schweitzer ziekenhuis,https://www.ictergezocht.nl/ict-bedrijven/10779-albert-schweitzer-ziekenhuis/
117,Albion Network Technologies,https://www.ictergezocht.nl/ict-bedrijven/301-albion-network-technologies/
118,Albumprinter,https://www.ictergezocht.nl/ict-bedrijven/4762-albumprinter/
119,Alellou,https://www.ictergezocht.nl/ict-bedrijven/10238-alellou/
120,Alex van Groningen,https://www.ictergezocht.nl/ict-bedrijven/4853-alex-van-groningen/
121,Alfa Film Services,https://www.ictergezocht.nl/ict-bedrijven/2730-alfa-film-services/
122,ALFA PRO IT,https://www.ictergezocht.nl/ict-bedrijven/5058-alfa-pro-it/
123,All Modul Health IT,https://www.ictergezocht.nl/ict-bedrijven/9374-all-modul-health-it/
124,All4sports,https://www.ictergezocht.nl/ict-bedrijven/10891-all4sports/
125,Alldata Wireless Data Communication,https://www.ictergezocht.nl/ict-bedrijven/1456-alldata-wireless-data-communication/
126,Allegro automatisering,https://www.ictergezocht.nl/ict-bedrijven/6115-allegro-automatisering/
127,Alles Komt Goed,https://www.ictergezocht.nl/ict-bedrijven/10473-alles-komt-goed/
128,Alliance Automotive Group Benelux,https://www.ictergezocht.nl/ict-bedrijven/10809-alliance-automotive-group-benelux/
129,Alliander,https://www.ictergezocht.nl/ict-bedrijven/9310-alliander/
130,Alliander,https://www.ictergezocht.nl/ict-bedrijven/1146-alliander/
131,ALLSAFE Management,https://www.ictergezocht.nl/ict-bedrijven/8302-allsafe-management/
132,Almexx,https://www.ictergezocht.nl/ict-bedrijven/7826-almexx/
133,Alpak Shopservices,https://www.ictergezocht.nl/ict-bedrijven/4728-alpak-shopservices/
134,Alpha & Omega,https://www.ictergezocht.nl/ict-bedrijven/5385-alpha-omega/
135,Alphacomm Outbound Solutions,https://www.ictergezocht.nl/ict-bedrijven/5541-alphacomm-outbound-solutions/
136,Alphatron Marine,https://www.ictergezocht.nl/ict-bedrijven/9718-alphatron-marine/
137,Alpine Nederland,https://www.ictergezocht.nl/ict-bedrijven/3381-alpine-nederland/
138,Alpuro Group,https://www.ictergezocht.nl/ict-bedrijven/2986-alpuro-group/
139,Alrijne Zorggroep,https://www.ictergezocht.nl/ict-bedrijven/9296-alrijne-zorggroep/
140,ALTEN,https://www.ictergezocht.nl/ict-bedrijven/9375-alten/
141,Altios,https://www.ictergezocht.nl/ict-bedrijven/10077-altios/
142,Altrecht,https://www.ictergezocht.nl/ict-bedrijven/2324-altrecht/
143,Altrecht,https://www.ictergezocht.nl/ict-bedrijven/10292-altrecht/
144,Altrecht,https://www.ictergezocht.nl/ict-bedrijven/10650-altrecht/
145,Altrecht,https://www.ictergezocht.nl/ict-bedrijven/10739-altrecht/
146,Alturna Networks,https://www.ictergezocht.nl/ict-bedrijven/4219-alturna-networks/
147,Aluminium Verkoop Zuid,https://www.ictergezocht.nl/ict-bedrijven/8390-aluminium-verkoop-zuid/
148,Alutech Nederland,https://www.ictergezocht.nl/ict-bedrijven/9774-alutech-nederland/
149,Alvant,https://www.ictergezocht.nl/ict-bedrijven/10049-alvant/
150,Alveos,https://www.ictergezocht.nl/ict-bedrijven/5302-alveos/
151,Alvi Bedrijvenscan,https://www.ictergezocht.nl/ict-bedrijven/5064-alvi-bedrijvenscan/
152,Amac,https://www.ictergezocht.nl/ict-bedrijven/9843-amac/
153,Amacom,https://www.ictergezocht.nl/ict-bedrijven/517-amacom/
154,Amaris Zorggroep,https://www.ictergezocht.nl/ict-bedrijven/9545-amaris-zorggroep/
155,Amazing Bits,https://www.ictergezocht.nl/ict-bedrijven/2843-amazing-bits/
156,AmbaFlex,https://www.ictergezocht.nl/ict-bedrijven/7629-ambaflex/
157,Ambitious People.nl,https://www.ictergezocht.nl/ict-bedrijven/117-ambitious-peoplenl/
158,Ambrac,https://www.ictergezocht.nl/ict-bedrijven/5344-ambrac/
159,AMC Medical Research,https://www.ictergezocht.nl/ict-bedrijven/4876-amc-medical-research/
160,AMCS Group,https://www.ictergezocht.nl/ict-bedrijven/5124-amcs-group/
161,AMCS Group,https://www.ictergezocht.nl/ict-bedrijven/10013-amcs-group/
162,Amerpoort,https://www.ictergezocht.nl/ict-bedrijven/4149-amerpoort/
163,AmeXio Group,https://www.ictergezocht.nl/ict-bedrijven/10865-amexio-group/
164,AmigoAmigo,https://www.ictergezocht.nl/ict-bedrijven/4963-amigoamigo/
165,AMP Logistics,https://www.ictergezocht.nl/ict-bedrijven/5762-amp-logistics/
166,Ampere Support Office,https://www.ictergezocht.nl/ict-bedrijven/10875-ampere-support-office/
167,Amphia Ziekenhuis,https://www.ictergezocht.nl/ict-bedrijven/9696-amphia-ziekenhuis/
168,Amphia Ziekenhuis,https://www.ictergezocht.nl/ict-bedrijven/5610-amphia-ziekenhuis/
169,AMPLEXOR Netherlands,https://www.ictergezocht.nl/ict-bedrijven/10071-amplexor-netherlands/
170,Amref Flying Doctors,https://www.ictergezocht.nl/ict-bedrijven/8315-amref-flying-doctors/
171,Amsterdam UMC,https://www.ictergezocht.nl/ict-bedrijven/10427-amsterdam-umc/
172,Amsterdamse Hogeschool voor de Kunsten,https://www.ictergezocht.nl/ict-bedrijven/4379-amsterdamse-hogeschool-voor-de-kunsten/
173,Amsterdamse Hogeschool voor de Kunsten,https://www.ictergezocht.nl/ict-bedrijven/9563-amsterdamse-hogeschool-voor-de-kunsten/
174,Amyyon & more,https://www.ictergezocht.nl/ict-bedrijven/7841-amyyon-more/
175,AN Sales & Recruitment,https://www.ictergezocht.nl/ict-bedrijven/10511-an-sales-recruitment/
176,AncoferWaldram Steelplates,https://www.ictergezocht.nl/ict-bedrijven/4315-ancoferwaldram-steelplates/
177,Andarr Technology Services,https://www.ictergezocht.nl/ict-bedrijven/10134-andarr-technology-services/
178,Anderis Software Testing,https://www.ictergezocht.nl/ict-bedrijven/794-anderis-software-testing/
179,Andes,https://www.ictergezocht.nl/ict-bedrijven/1019-andes/
180,Angry Nerds,https://www.ictergezocht.nl/ict-bedrijven/4545-angry-nerds/
181,AniCura Nederland,https://www.ictergezocht.nl/ict-bedrijven/9157-anicura-nederland/
182,Animana,https://www.ictergezocht.nl/ict-bedrijven/3868-animana/
183,ANL IT,https://www.ictergezocht.nl/ict-bedrijven/10123-anl-it/
184,Antal International,https://www.ictergezocht.nl/ict-bedrijven/5507-antal-international/
185,Antea Group,https://www.ictergezocht.nl/ict-bedrijven/10493-antea-group/
186,Anthony Veder,https://www.ictergezocht.nl/ict-bedrijven/8878-anthony-veder/
187,Anthura,https://www.ictergezocht.nl/ict-bedrijven/10749-anthura/
188,Antrel,https://www.ictergezocht.nl/ict-bedrijven/8621-antrel/
189,ANVA,https://www.ictergezocht.nl/ict-bedrijven/174-anva/
190,ANWB,https://www.ictergezocht.nl/ict-bedrijven/10802-anwb/
191,ANWB,https://www.ictergezocht.nl/ict-bedrijven/8781-anwb/
192,ANWR-GARANT Nederland,https://www.ictergezocht.nl/ict-bedrijven/5761-anwr-garant-nederland/
193,Any2Info,https://www.ictergezocht.nl/ict-bedrijven/9865-any2info/
194,Anylinq,https://www.ictergezocht.nl/ict-bedrijven/9212-anylinq/
195,Anywhere365,https://www.ictergezocht.nl/ict-bedrijven/9216-anywhere365/
196,Aon,https://www.ictergezocht.nl/ict-bedrijven/9655-aon/
197,APH Group,https://www.ictergezocht.nl/ict-bedrijven/9430-aph-group/
198,APIcenter,https://www.ictergezocht.nl/ict-bedrijven/10069-apicenter/
199,Apollo Vredestein.,https://www.ictergezocht.nl/ict-bedrijven/3879-apollo-vredestein/
200,AppComm,https://www.ictergezocht.nl/ict-bedrijven/5332-appcomm/
201,Appetite,https://www.ictergezocht.nl/ict-bedrijven/6142-appetite/
202,Applepie,https://www.ictergezocht.nl/ict-bedrijven/4082-applepie/
203,ApplicatieLink,https://www.ictergezocht.nl/ict-bedrijven/10401-applicatielink/
204,Applied Medical,https://www.ictergezocht.nl/ict-bedrijven/8806-applied-medical/
205,Applied Medical Europe,https://www.ictergezocht.nl/ict-bedrijven/7674-applied-medical-europe/
206,Apployed Nederland,https://www.ictergezocht.nl/ict-bedrijven/9116-apployed-nederland/
207,Appoint,https://www.ictergezocht.nl/ict-bedrijven/4446-appoint/
208,Appoint,https://www.ictergezocht.nl/ict-bedrijven/358-appoint/
209,Appoint Rotterdam,https://www.ictergezocht.nl/ict-bedrijven/380-appoint-rotterdam/
210,Appoint Utrecht,https://www.ictergezocht.nl/ict-bedrijven/385-appoint-utrecht/
211,Apres Nous,https://www.ictergezocht.nl/ict-bedrijven/4208-apres-nous/
212,APRO Software Solutions,https://www.ictergezocht.nl/ict-bedrijven/5271-apro-software-solutions/
213,APRO Software Solutions,https://www.ictergezocht.nl/ict-bedrijven/9969-apro-software-solutions/
214,APS IT-diensten,https://www.ictergezocht.nl/ict-bedrijven/4328-aps-it-diensten/
215,Aptic,https://www.ictergezocht.nl/ict-bedrijven/8439-aptic/
216,APview (voor Monotch),https://www.ictergezocht.nl/ict-bedrijven/10751-apview-voor-monotch/
217,Aqua-IT,https://www.ictergezocht.nl/ict-bedrijven/3935-aqua-it/
218,Aquesta,https://www.ictergezocht.nl/ict-bedrijven/9995-aquesta/
219,Aquirius,https://www.ictergezocht.nl/ict-bedrijven/1857-aquirius/
220,AR Holding,https://www.ictergezocht.nl/ict-bedrijven/10688-ar-holding/
221,Aragorn,https://www.ictergezocht.nl/ict-bedrijven/8401-aragorn/
222,Arbo Unie,https://www.ictergezocht.nl/ict-bedrijven/9960-arbo-unie/
223,Arbor Media,https://www.ictergezocht.nl/ict-bedrijven/5733-arbor-media/
224,Arch Internet Services,https://www.ictergezocht.nl/ict-bedrijven/1429-arch-internet-services/
225,Arcus IT,https://www.ictergezocht.nl/ict-bedrijven/9751-arcus-it/
226,Arend Embedded Intelligence,https://www.ictergezocht.nl/ict-bedrijven/1601-arend-embedded-intelligence/
227,Arfos,https://www.ictergezocht.nl/ict-bedrijven/416-arfos/
228,Argas,https://www.ictergezocht.nl/ict-bedrijven/9639-argas/
229,Argo Advies,https://www.ictergezocht.nl/ict-bedrijven/7763-argo-advies/
230,Argo Advies,https://www.ictergezocht.nl/ict-bedrijven/5603-argo-advies/
231,Argos Zorggroep,https://www.ictergezocht.nl/ict-bedrijven/10397-argos-zorggroep/
232,Aris,https://www.ictergezocht.nl/ict-bedrijven/3820-aris/
233,Arkin,https://www.ictergezocht.nl/ict-bedrijven/9901-arkin/
234,Arkin,https://www.ictergezocht.nl/ict-bedrijven/9396-arkin/
235,Arkitech International,https://www.ictergezocht.nl/ict-bedrijven/8600-arkitech-international/
236,Arnold & Siedsma,https://www.ictergezocht.nl/ict-bedrijven/7660-arnold-siedsma/
237,ARQ. Recruitment Group,https://www.ictergezocht.nl/ict-bedrijven/9418-arq-recruitment-group/
238,Arrix Automatisering,https://www.ictergezocht.nl/ict-bedrijven/8341-arrix-automatisering/
239,Arrow Recruitment,https://www.ictergezocht.nl/ict-bedrijven/10115-arrow-recruitment/
240,Arrows Group,https://www.ictergezocht.nl/ict-bedrijven/4432-arrows-group/
241,Arseus,https://www.ictergezocht.nl/ict-bedrijven/4993-arseus/
242,Artex,https://www.ictergezocht.nl/ict-bedrijven/3919-artex/
243,ArtEZ University of the Arts,https://www.ictergezocht.nl/ict-bedrijven/10561-artez-university-of-the-arts/
244,Artinis Medical Systems,https://www.ictergezocht.nl/ict-bedrijven/8491-artinis-medical-systems/
245,Arts en Zorg Groep,https://www.ictergezocht.nl/ict-bedrijven/10724-arts-en-zorg-groep/
246,Artsen zonder Grenzen,https://www.ictergezocht.nl/ict-bedrijven/10278-artsen-zonder-grenzen/
247,Artsen Zonder Grenzen,https://www.ictergezocht.nl/ict-bedrijven/10205-artsen-zonder-grenzen/
248,Arture,https://www.ictergezocht.nl/ict-bedrijven/8227-arture/
249,ARVIX Data Consultancy,https://www.ictergezocht.nl/ict-bedrijven/3068-arvix-data-consultancy/
250,ASAPCLOUD,https://www.ictergezocht.nl/ict-bedrijven/8637-asapcloud/
251,ASBC ICT Diensten,https://www.ictergezocht.nl/ict-bedrijven/2784-asbc-ict-diensten/
252,Ascari s.r.o.,https://www.ictergezocht.nl/ict-bedrijven/7639-ascari-sro/
253,Asecom,https://www.ictergezocht.nl/ict-bedrijven/9144-asecom/
254,Asista IT,https://www.ictergezocht.nl/ict-bedrijven/5204-asista-it/
255,ASK Community Systems,https://www.ictergezocht.nl/ict-bedrijven/4865-ask-community-systems/
256,Ask Roger!,https://www.ictergezocht.nl/ict-bedrijven/9264-ask-roger/
257,AskNow Solutions,https://www.ictergezocht.nl/ict-bedrijven/1357-asknow-solutions/
258,ASM,https://www.ictergezocht.nl/ict-bedrijven/782-asm/
259,ASM Laser Sepratation (ALSI),https://www.ictergezocht.nl/ict-bedrijven/6022-asm-laser-sepratation-alsi/
260,ASML,https://www.ictergezocht.nl/ict-bedrijven/8836-asml/
261,ASMPT ALSI,https://www.ictergezocht.nl/ict-bedrijven/10907-asmpt-alsi/
262,Aspect ICT,https://www.ictergezocht.nl/ict-bedrijven/6197-aspect-ict/
263,ASPOBO,https://www.ictergezocht.nl/ict-bedrijven/4920-aspobo/
264,ASR Nederland,https://www.ictergezocht.nl/ict-bedrijven/950-asr-nederland/
265,Assa Abloy Entrance Systems,https://www.ictergezocht.nl/ict-bedrijven/9900-assa-abloy-entrance-systems/
266,Assimilate,https://www.ictergezocht.nl/ict-bedrijven/4263-assimilate/
267,Assist Management,https://www.ictergezocht.nl/ict-bedrijven/8002-assist-management/
268,Assistent automatisering,https://www.ictergezocht.nl/ict-bedrijven/4982-assistent-automatisering/
269,AssistiveWare,https://www.ictergezocht.nl/ict-bedrijven/4489-assistiveware/
270,Astecom Websites,https://www.ictergezocht.nl/ict-bedrijven/5013-astecom-websites/
271,Aster Groep,https://www.ictergezocht.nl/ict-bedrijven/9566-aster-groep/
272,Asterisque,https://www.ictergezocht.nl/ict-bedrijven/5794-asterisque/
273,Aston Carter,https://www.ictergezocht.nl/ict-bedrijven/855-aston-carter/
274,Aston Carter,https://www.ictergezocht.nl/ict-bedrijven/3516-aston-carter/
275,Aston Carter - International,https://www.ictergezocht.nl/ict-bedrijven/3033-aston-carter-international/
276,Aston Carter International,https://www.ictergezocht.nl/ict-bedrijven/667-aston-carter-international/
277,Astorium,https://www.ictergezocht.nl/ict-bedrijven/8548-astorium/
278,Astorium,https://www.ictergezocht.nl/ict-bedrijven/996-astorium/
279,AstraZeneca,https://www.ictergezocht.nl/ict-bedrijven/10513-astrazeneca/
280,ASTRON,https://www.ictergezocht.nl/ict-bedrijven/10813-astron/
281,ASVZ,https://www.ictergezocht.nl/ict-bedrijven/8432-asvz/
282,AT Computing,https://www.ictergezocht.nl/ict-bedrijven/8037-at-computing/
283,At value,https://www.ictergezocht.nl/ict-bedrijven/5423-at-value/
284,Atcon Global,https://www.ictergezocht.nl/ict-bedrijven/9332-atcon-global/
285,Atimo Personeelstechniek,https://www.ictergezocht.nl/ict-bedrijven/8682-atimo-personeelstechniek/
286,Atlant,https://www.ictergezocht.nl/ict-bedrijven/9628-atlant/
287,Atlantica Internetsites en Systeembeheer,https://www.ictergezocht.nl/ict-bedrijven/540-atlantica-internetsites-en-systeembeheer/
288,Atlantis Creative,https://www.ictergezocht.nl/ict-bedrijven/141-atlantis-creative/
289,Atlantis Financiers,https://www.ictergezocht.nl/ict-bedrijven/7799-atlantis-financiers/
290,Atleta,https://www.ictergezocht.nl/ict-bedrijven/10867-atleta/
291,Atos,https://www.ictergezocht.nl/ict-bedrijven/8704-atos/
292,Atos,https://www.ictergezocht.nl/ict-bedrijven/10442-atos/
293,Atos Origin Netherlands,https://www.ictergezocht.nl/ict-bedrijven/31-atos-origin-netherlands/
294,"ATP, The Advanced Travel Partner",https://www.ictergezocht.nl/ict-bedrijven/143-atp-the-advanced-travel-partner/
295,ATPI,https://www.ictergezocht.nl/ict-bedrijven/5763-atpi/
296,Atria Kennisinstituut voor vrouwengeschiedenis en emancipatie,https://www.ictergezocht.nl/ict-bedrijven/10222-atria-kennisinstituut-voor-vrouwengeschiedenis-en-emancipatie/
297,ATS Teconomy,https://www.ictergezocht.nl/ict-bedrijven/8632-ats-teconomy/
298,Attached,https://www.ictergezocht.nl/ict-bedrijven/4438-attached/
299,Attached ICT,https://www.ictergezocht.nl/ict-bedrijven/9199-attached-ict/
300,Attract Flex,https://www.ictergezocht.nl/ict-bedrijven/5851-attract-flex/
301,Aucuba,https://www.ictergezocht.nl/ict-bedrijven/10546-aucuba/
302,AuditConnect,https://www.ictergezocht.nl/ict-bedrijven/5367-auditconnect/
303,Auke Smits Publiciteit,https://www.ictergezocht.nl/ict-bedrijven/10675-auke-smits-publiciteit/
304,Aumatics,https://www.ictergezocht.nl/ict-bedrijven/9818-aumatics/
305,Aurio Software,https://www.ictergezocht.nl/ict-bedrijven/4613-aurio-software/
306,Aurora Innovation,https://www.ictergezocht.nl/ict-bedrijven/4795-aurora-innovation/
307,AUTO1 Group,https://www.ictergezocht.nl/ict-bedrijven/8447-auto1-group/
308,Autobar Holland,https://www.ictergezocht.nl/ict-bedrijven/1962-autobar-holland/
309,Autobedrijf van den Udenhout,https://www.ictergezocht.nl/ict-bedrijven/9874-autobedrijf-van-den-udenhout/
310,Autoflex,https://www.ictergezocht.nl/ict-bedrijven/6129-autoflex/
311,Autoriteit Financiële Markten,https://www.ictergezocht.nl/ict-bedrijven/10521-autoriteit-financiele-markten/
312,AVANCE ICT Groep Nederland,https://www.ictergezocht.nl/ict-bedrijven/434-avance-ict-groep-nederland/
313,Avance Maastricht,https://www.ictergezocht.nl/ict-bedrijven/8642-avance-maastricht/
314,Avans Hogeschool,https://www.ictergezocht.nl/ict-bedrijven/5151-avans-hogeschool/
315,Avans Hogeschool,https://www.ictergezocht.nl/ict-bedrijven/9179-avans-hogeschool/
316,AVC IT Services,https://www.ictergezocht.nl/ict-bedrijven/4826-avc-it-services/
317,AVEDAS Netherlands,https://www.ictergezocht.nl/ict-bedrijven/4842-avedas-netherlands/
318,Avensus Cloud Services,https://www.ictergezocht.nl/ict-bedrijven/6178-avensus-cloud-services/
319,AVEX,https://www.ictergezocht.nl/ict-bedrijven/5929-avex/
320,AVIV,https://www.ictergezocht.nl/ict-bedrijven/4253-aviv/
321,Avon Arrow - international executive search,https://www.ictergezocht.nl/ict-bedrijven/192-avon-arrow-international-executive-search/
322,Avonic,https://www.ictergezocht.nl/ict-bedrijven/9968-avonic/
323,"Avonturenpark Hellendoorn, Dolfinarium en Walibi World",https://www.ictergezocht.nl/ict-bedrijven/988-avonturenpark-hellendoorn-dolfinarium-en-walibi-world/
324,AVOP,https://www.ictergezocht.nl/ict-bedrijven/8129-avop/
325,Avouch Recruitment,https://www.ictergezocht.nl/ict-bedrijven/4289-avouch-recruitment/
326,Avouch Recruitment & Management Search,https://www.ictergezocht.nl/ict-bedrijven/269-avouch-recruitment-management-search/
327,AVROTROS,https://www.ictergezocht.nl/ict-bedrijven/10355-avrotros/
328,AW Groep,https://www.ictergezocht.nl/ict-bedrijven/10612-aw-groep/
329,AWI,https://www.ictergezocht.nl/ict-bedrijven/8718-awi/
330,AWI,https://www.ictergezocht.nl/ict-bedrijven/10141-awi/
331,AXI,https://www.ictergezocht.nl/ict-bedrijven/2582-axi/
332,Axians,https://www.ictergezocht.nl/ict-bedrijven/8069-axians/
333,Axiell ALM Netherlands,https://www.ictergezocht.nl/ict-bedrijven/8144-axiell-alm-netherlands/
334,Axient ICT-personeelsdiensten,https://www.ictergezocht.nl/ict-bedrijven/770-axient-ict-personeelsdiensten/
335,Axilium,https://www.ictergezocht.nl/ict-bedrijven/7565-axilium/
336,Aximius,https://www.ictergezocht.nl/ict-bedrijven/214-aximius/
337,Axini,https://www.ictergezocht.nl/ict-bedrijven/9398-axini/
338,Axoft IT & Telecom,https://www.ictergezocht.nl/ict-bedrijven/8469-axoft-it-telecom/
339,Axon Digital Design,https://www.ictergezocht.nl/ict-bedrijven/8945-axon-digital-design/
340,Axon Pharius,https://www.ictergezocht.nl/ict-bedrijven/5752-axon-pharius/
341,AXUZ,https://www.ictergezocht.nl/ict-bedrijven/787-axuz/
342,Axxor,https://www.ictergezocht.nl/ict-bedrijven/9711-axxor/
343,AxyWare,https://www.ictergezocht.nl/ict-bedrijven/8089-axyware/
344,Ayton,https://www.ictergezocht.nl/ict-bedrijven/5863-ayton/
345,AZ,https://www.ictergezocht.nl/ict-bedrijven/915-az/
346,Azna Holding,https://www.ictergezocht.nl/ict-bedrijven/10692-azna-holding/
347,Azora,https://www.ictergezocht.nl/ict-bedrijven/4047-azora/
348,ICT bedrijven zoeken,https://www.ictergezocht.nl/ict-bedrijven/
349,ICT bedrijven zoeken,https://www.ictergezocht.nl/ict-bedrijven/
350,B Professional,https://www.ictergezocht.nl/ict-bedrijven/8142-b-professional/
351,B-Hunted,https://www.ictergezocht.nl/ict-bedrijven/8803-b-hunted/
352,B.S. Automatisering,https://www.ictergezocht.nl/ict-bedrijven/12-bs-automatisering/
353,B2 Creative,https://www.ictergezocht.nl/ict-bedrijven/4547-b2-creative/
354,B2IT,https://www.ictergezocht.nl/ict-bedrijven/10590-b2it/
355,B4ict Services,https://www.ictergezocht.nl/ict-bedrijven/6056-b4ict-services/
356,BA Finance,https://www.ictergezocht.nl/ict-bedrijven/2137-ba-finance/
357,backendlab,https://www.ictergezocht.nl/ict-bedrijven/5861-backendlab/
358,Backwire,https://www.ictergezocht.nl/ict-bedrijven/10153-backwire/
359,Baetsen-Groep,https://www.ictergezocht.nl/ict-bedrijven/5196-baetsen-groep/
360,Bakker & Bosch,https://www.ictergezocht.nl/ict-bedrijven/10202-bakker-bosch/
361,Bakker & Bosch HR Diensten,https://www.ictergezocht.nl/ict-bedrijven/4890-bakker-bosch-hr-diensten/
362,Bakker Logistiek,https://www.ictergezocht.nl/ict-bedrijven/10197-bakker-logistiek/
363,Bakker&Spees,https://www.ictergezocht.nl/ict-bedrijven/10015-bakkerspees/
364,Balans Automatisering,https://www.ictergezocht.nl/ict-bedrijven/9074-balans-automatisering/
365,Bandall,https://www.ictergezocht.nl/ict-bedrijven/9559-bandall/
366,Bandolera Holding,https://www.ictergezocht.nl/ict-bedrijven/4604-bandolera-holding/
367,Bankers ICT Diensten,https://www.ictergezocht.nl/ict-bedrijven/8155-bankers-ict-diensten/
368,BAPAS,https://www.ictergezocht.nl/ict-bedrijven/4595-bapas/
369,Barenbrug Holland,https://www.ictergezocht.nl/ict-bedrijven/7633-barenbrug-holland/
370,BarentsKrans,https://www.ictergezocht.nl/ict-bedrijven/4649-barentskrans/
371,Bartels Ingenieurs voor Bouw & Infra,https://www.ictergezocht.nl/ict-bedrijven/4900-bartels-ingenieurs-voor-bouw-infra/
372,Bartiméus,https://www.ictergezocht.nl/ict-bedrijven/5914-bartimeus/
373,Barts,https://www.ictergezocht.nl/ict-bedrijven/8656-barts/
374,Baruch Linux Specialisten,https://www.ictergezocht.nl/ict-bedrijven/9973-baruch-linux-specialisten/
375,Base Solutions,https://www.ictergezocht.nl/ict-bedrijven/3911-base-solutions/
376,BaseClear,https://www.ictergezocht.nl/ict-bedrijven/7989-baseclear/
377,BaseClear,https://www.ictergezocht.nl/ict-bedrijven/5251-baseclear/
378,BaseNet,https://www.ictergezocht.nl/ict-bedrijven/9045-basenet/
379,Basic-Fit,https://www.ictergezocht.nl/ict-bedrijven/5107-basic-fit/
380,Basware,https://www.ictergezocht.nl/ict-bedrijven/4694-basware/
381,Basys,https://www.ictergezocht.nl/ict-bedrijven/5801-basys/
382,Basys IT Service GmbH,https://www.ictergezocht.nl/ict-bedrijven/10479-basys-it-service-gmbh/
383,BASYS IT-Service GmbH,https://www.ictergezocht.nl/ict-bedrijven/5020-basys-it-service-gmbh/
384,Batavia Groep,https://www.ictergezocht.nl/ict-bedrijven/5756-batavia-groep/
385,Batenburg Techniek,https://www.ictergezocht.nl/ict-bedrijven/10353-batenburg-techniek/
386,Baugeneralist,https://www.ictergezocht.nl/ict-bedrijven/7750-baugeneralist/
387,Baulds,https://www.ictergezocht.nl/ict-bedrijven/10095-baulds/
388,Bax Music,https://www.ictergezocht.nl/ict-bedrijven/8593-bax-music/
389,Bax Music,https://www.ictergezocht.nl/ict-bedrijven/9188-bax-music/
390,BBA Pumps,https://www.ictergezocht.nl/ict-bedrijven/7827-bba-pumps/
391,bbn adviseurs,https://www.ictergezocht.nl/ict-bedrijven/5180-bbn-adviseurs/
392,BCA Autoveiling,https://www.ictergezocht.nl/ict-bedrijven/4541-bca-autoveiling/
393,Bdifrent,https://www.ictergezocht.nl/ict-bedrijven/9809-bdifrent/
394,BDO,https://www.ictergezocht.nl/ict-bedrijven/4063-bdo/
395,BDO Global Office,https://www.ictergezocht.nl/ict-bedrijven/8276-bdo-global-office/
396,BDT Holland,https://www.ictergezocht.nl/ict-bedrijven/6207-bdt-holland/
397,Be Informed,https://www.ictergezocht.nl/ict-bedrijven/1020-be-informed/
398,Be IT,https://www.ictergezocht.nl/ict-bedrijven/5340-be-it/
399,BE-Interactive,https://www.ictergezocht.nl/ict-bedrijven/4301-be-interactive/
400,Beach Recruitment,https://www.ictergezocht.nl/ict-bedrijven/4983-beach-recruitment/
401,Beau Webdesign en Fotografie,https://www.ictergezocht.nl/ict-bedrijven/591-beau-webdesign-en-fotografie/
402,Bechtle direct,https://www.ictergezocht.nl/ict-bedrijven/9715-bechtle-direct/
403,Beco,https://www.ictergezocht.nl/ict-bedrijven/4283-beco/
404,BECO Groep,https://www.ictergezocht.nl/ict-bedrijven/1566-beco-groep/
405,Beco Systems,https://www.ictergezocht.nl/ict-bedrijven/3915-beco-systems/
406,Becs IT Services,https://www.ictergezocht.nl/ict-bedrijven/10221-becs-it-services/
407,BeCurious Hotel Internet Marketing,https://www.ictergezocht.nl/ict-bedrijven/4385-becurious-hotel-internet-marketing/
408,Bedandbreakfast.eu,https://www.ictergezocht.nl/ict-bedrijven/9114-bedandbreakfasteu/
409,Bedding House,https://www.ictergezocht.nl/ict-bedrijven/5608-bedding-house/
410,Beekenkamp Beheer Maasdijk,https://www.ictergezocht.nl/ict-bedrijven/9733-beekenkamp-beheer-maasdijk/
411,Beeldspraak,https://www.ictergezocht.nl/ict-bedrijven/761-beeldspraak/
412,Beguin Media Totaal,https://www.ictergezocht.nl/ict-bedrijven/10810-beguin-media-totaal/
413,Bejo Zaden,https://www.ictergezocht.nl/ict-bedrijven/10457-bejo-zaden/
414,"Bek, 1 op 1 publiceren",https://www.ictergezocht.nl/ict-bedrijven/5999-bek-1-op-1-publiceren/
415,BekenT,https://www.ictergezocht.nl/ict-bedrijven/455-bekent/
416,Beko Cooöperatie,https://www.ictergezocht.nl/ict-bedrijven/10230-beko-coooperatie/
417,Belastingdienst,https://www.ictergezocht.nl/ict-bedrijven/9343-belastingdienst/
418,Belevenissen.nl,https://www.ictergezocht.nl/ict-bedrijven/4153-belevenissennl/
419,Benaïssa,https://www.ictergezocht.nl/ict-bedrijven/8649-benaissa/
420,Bencom,https://www.ictergezocht.nl/ict-bedrijven/3036-bencom/
421,Benk Groep.,https://www.ictergezocht.nl/ict-bedrijven/6114-benk-groep/
422,BenQ Europe,https://www.ictergezocht.nl/ict-bedrijven/10474-benq-europe/
423,BENS Consultancy,https://www.ictergezocht.nl/ict-bedrijven/5922-bens-consultancy/
424,Berden Retail,https://www.ictergezocht.nl/ict-bedrijven/9423-berden-retail/
425,Berger Executive Solutions,https://www.ictergezocht.nl/ict-bedrijven/9889-berger-executive-solutions/
426,Bergler Groep,https://www.ictergezocht.nl/ict-bedrijven/4032-bergler-groep/
427,Bertels,https://www.ictergezocht.nl/ict-bedrijven/5727-bertels/
428,Besi Netherlands,https://www.ictergezocht.nl/ict-bedrijven/9410-besi-netherlands/
429,Beslist.nl,https://www.ictergezocht.nl/ict-bedrijven/2457-beslistnl/
430,Best Business IT Group,https://www.ictergezocht.nl/ict-bedrijven/8597-best-business-it-group/
431,Bestseller Wholesale Benelux,https://www.ictergezocht.nl/ict-bedrijven/5354-bestseller-wholesale-benelux/
432,Beter Wonen,https://www.ictergezocht.nl/ict-bedrijven/8674-beter-wonen/
433,BeterBaan Uitzendbureau,https://www.ictergezocht.nl/ict-bedrijven/5425-beterbaan-uitzendbureau/
434,BetterBe,https://www.ictergezocht.nl/ict-bedrijven/10856-betterbe/
435,Bevede,https://www.ictergezocht.nl/ict-bedrijven/8687-bevede/
436,Bevede Automatiseringsdiensten,https://www.ictergezocht.nl/ict-bedrijven/9859-bevede-automatiseringsdiensten/
437,Bevolkingsonderzoek Midden-West,https://www.ictergezocht.nl/ict-bedrijven/4997-bevolkingsonderzoek-midden-west/
438,Bevolkingsonderzoek Nederland,https://www.ictergezocht.nl/ict-bedrijven/9824-bevolkingsonderzoek-nederland/
439,Bevolkingsonderzoek Zuid-West,https://www.ictergezocht.nl/ict-bedrijven/9576-bevolkingsonderzoek-zuid-west/
440,Beweging 3.0,https://www.ictergezocht.nl/ict-bedrijven/10002-beweging-30/
441,Beweging 3.0,https://www.ictergezocht.nl/ict-bedrijven/1173-beweging-30/
442,Beyond Energy,https://www.ictergezocht.nl/ict-bedrijven/10074-beyond-energy/
443,BF Global Logistics,https://www.ictergezocht.nl/ict-bedrijven/8297-bf-global-logistics/
444,BiblioPlus,https://www.ictergezocht.nl/ict-bedrijven/10858-biblioplus/
445,Bibliotheek Service Centrum (BiSC),https://www.ictergezocht.nl/ict-bedrijven/10490-bibliotheek-service-centrum-bisc/
446,Bibliotheek Zoetermeer,https://www.ictergezocht.nl/ict-bedrijven/5716-bibliotheek-zoetermeer/
447,Bibliotheekservice Passend Lezen,https://www.ictergezocht.nl/ict-bedrijven/9807-bibliotheekservice-passend-lezen/
448,BICT Groep,https://www.ictergezocht.nl/ict-bedrijven/9119-bict-groep/
449,BICT Groep,https://www.ictergezocht.nl/ict-bedrijven/8172-bict-groep/
450,BICTT,https://www.ictergezocht.nl/ict-bedrijven/608-bictt/
451,BICTT (Services),https://www.ictergezocht.nl/ict-bedrijven/6064-bictt-services/
452,BID Group ltd.,https://www.ictergezocht.nl/ict-bedrijven/10504-bid-group-ltd/
453,Bierens Incasso Advocaten,https://www.ictergezocht.nl/ict-bedrijven/4933-bierens-incasso-advocaten/
454,Bieze food Group,https://www.ictergezocht.nl/ict-bedrijven/7623-bieze-food-group/
455,BinckBank,https://www.ictergezocht.nl/ict-bedrijven/4299-binckbank/
456,Bind HR Solutions,https://www.ictergezocht.nl/ict-bedrijven/5447-bind-hr-solutions/
457,Bindinc,https://www.ictergezocht.nl/ict-bedrijven/9078-bindinc/
458,Bindinc.,https://www.ictergezocht.nl/ict-bedrijven/9813-bindinc/
459,Binkies 3D,https://www.ictergezocht.nl/ict-bedrijven/8300-binkies-3d/
460,BioClinica,https://www.ictergezocht.nl/ict-bedrijven/4258-bioclinica/
461,BIT,https://www.ictergezocht.nl/ict-bedrijven/7758-bit/
462,Bit and Bytes,https://www.ictergezocht.nl/ict-bedrijven/10787-bit-and-bytes/
463,Bit-Works,https://www.ictergezocht.nl/ict-bedrijven/10332-bit-works/
464,Bitcom,https://www.ictergezocht.nl/ict-bedrijven/5957-bitcom/
465,Bitfactory,https://www.ictergezocht.nl/ict-bedrijven/4750-bitfactory/
466,Bits en Bytes,https://www.ictergezocht.nl/ict-bedrijven/10817-bits-en-bytes/
467,Bitvavo,https://www.ictergezocht.nl/ict-bedrijven/7995-bitvavo/
468,Bizure,https://www.ictergezocht.nl/ict-bedrijven/10765-bizure/
469,Bizworx Solution Provider,https://www.ictergezocht.nl/ict-bedrijven/10016-bizworx-solution-provider/
470,Bizzcon IT,https://www.ictergezocht.nl/ict-bedrijven/10075-bizzcon-it/
471,BKC Media,https://www.ictergezocht.nl/ict-bedrijven/5933-bkc-media/
472,Bkonnect,https://www.ictergezocht.nl/ict-bedrijven/7991-bkonnect/
473,BlauStein FS,https://www.ictergezocht.nl/ict-bedrijven/5536-blaustein-fs/
474,Blauw Research,https://www.ictergezocht.nl/ict-bedrijven/7780-blauw-research/
475,Blauwtand IT,https://www.ictergezocht.nl/ict-bedrijven/10683-blauwtand-it/
476,Blending Nederland,https://www.ictergezocht.nl/ict-bedrijven/3484-blending-nederland/
477,Blgg AgroXpertus,https://www.ictergezocht.nl/ict-bedrijven/3101-blgg-agroxpertus/
478,Blisss Software,https://www.ictergezocht.nl/ict-bedrijven/9649-blisss-software/
479,Blisss Software,https://www.ictergezocht.nl/ict-bedrijven/6099-blisss-software/
480,Blisss Software,https://www.ictergezocht.nl/ict-bedrijven/9201-blisss-software/
481,BLkwadraat,https://www.ictergezocht.nl/ict-bedrijven/5510-blkwadraat/
482,BLNKS,https://www.ictergezocht.nl/ict-bedrijven/10652-blnks/
483,Bloembollenkeuringsdienst,https://www.ictergezocht.nl/ict-bedrijven/6009-bloembollenkeuringsdienst/
484,Bloembollenkeuringsdienst,https://www.ictergezocht.nl/ict-bedrijven/9939-bloembollenkeuringsdienst/
485,Bloemendaal Consultancy,https://www.ictergezocht.nl/ict-bedrijven/910-bloemendaal-consultancy/
486,BLOKES,https://www.ictergezocht.nl/ict-bedrijven/9750-blokes/
487,blooming bedrijvengroep,https://www.ictergezocht.nl/ict-bedrijven/4276-blooming-bedrijvengroep/
488,Blue and Red,https://www.ictergezocht.nl/ict-bedrijven/8034-blue-and-red/
489,Blue Billywig,https://www.ictergezocht.nl/ict-bedrijven/3933-blue-billywig/
490,Blue IT,https://www.ictergezocht.nl/ict-bedrijven/360-blue-it/
491,Blue Lynx Recruitment,https://www.ictergezocht.nl/ict-bedrijven/5431-blue-lynx-recruitment/
492,Blue Monkeys,https://www.ictergezocht.nl/ict-bedrijven/10003-blue-monkeys/
493,Blue Wireless (Europe),https://www.ictergezocht.nl/ict-bedrijven/9998-blue-wireless-europe/
494,BlueBear,https://www.ictergezocht.nl/ict-bedrijven/8567-bluebear/
495,BlueBerry Media,https://www.ictergezocht.nl/ict-bedrijven/4040-blueberry-media/
496,BlueConic,https://www.ictergezocht.nl/ict-bedrijven/9109-blueconic/
497,Bluedesk CRM,https://www.ictergezocht.nl/ict-bedrijven/7776-bluedesk-crm/
498,Bluedesk CRM,https://www.ictergezocht.nl/ict-bedrijven/9863-bluedesk-crm/
499,Bluedesk Groep,https://www.ictergezocht.nl/ict-bedrijven/482-bluedesk-groep/
500,bluedome,https://www.ictergezocht.nl/ict-bedrijven/524-bluedome/
501,BlueDutch,https://www.ictergezocht.nl/ict-bedrijven/9652-bluedutch/
502,BlueMinds,https://www.ictergezocht.nl/ict-bedrijven/9884-blueminds/
503,Bluetrail,https://www.ictergezocht.nl/ict-bedrijven/5461-bluetrail/
504,Bluewave Recruitment,https://www.ictergezocht.nl/ict-bedrijven/10380-bluewave-recruitment/
505,BMP Datapartners,https://www.ictergezocht.nl/ict-bedrijven/5585-bmp-datapartners/
506,BMP Datapartners,https://www.ictergezocht.nl/ict-bedrijven/10734-bmp-datapartners/
507,BMT ARGOSS,https://www.ictergezocht.nl/ict-bedrijven/5835-bmt-argoss/
508,BNF Telecom,https://www.ictergezocht.nl/ict-bedrijven/2314-bnf-telecom/
509,BNNVARA,https://www.ictergezocht.nl/ict-bedrijven/10716-bnnvara/
510,BNP Paribas Assurance (Cardif),https://www.ictergezocht.nl/ict-bedrijven/4046-bnp-paribas-assurance-cardif/
511,BNS Data Logistics,https://www.ictergezocht.nl/ict-bedrijven/9390-bns-data-logistics/
512,Bodis,https://www.ictergezocht.nl/ict-bedrijven/4670-bodis/
513,Boekestijn Transport Service,https://www.ictergezocht.nl/ict-bedrijven/10420-boekestijn-transport-service/
514,Boelen Adviesgroep,https://www.ictergezocht.nl/ict-bedrijven/10785-boelen-adviesgroep/
515,Bol ICT,https://www.ictergezocht.nl/ict-bedrijven/5249-bol-ict/
516,Bol.com,https://www.ictergezocht.nl/ict-bedrijven/8747-bolcom/
517,BOLD Company,https://www.ictergezocht.nl/ict-bedrijven/9289-bold-company/
518,Bold Security Technology,https://www.ictergezocht.nl/ict-bedrijven/10889-bold-security-technology/
519,Boltrics Professionals,https://www.ictergezocht.nl/ict-bedrijven/5912-boltrics-professionals/
520,Bondify,https://www.ictergezocht.nl/ict-bedrijven/9111-bondify/
521,Booking Experts,https://www.ictergezocht.nl/ict-bedrijven/5129-booking-experts/
522,Booking Experts,https://www.ictergezocht.nl/ict-bedrijven/8109-booking-experts/
523,Booking.com,https://www.ictergezocht.nl/ict-bedrijven/5224-bookingcom/
524,Bookunited,https://www.ictergezocht.nl/ict-bedrijven/10007-bookunited/
525,Booleanpark Interaction Agency,https://www.ictergezocht.nl/ict-bedrijven/500-booleanpark-interaction-agency/
526,Boomerweb,https://www.ictergezocht.nl/ict-bedrijven/8486-boomerweb/
527,Boost Services,https://www.ictergezocht.nl/ict-bedrijven/9921-boost-services/
528,BORN-IT,https://www.ictergezocht.nl/ict-bedrijven/7954-born-it/
529,Bos Groep - All Star,https://www.ictergezocht.nl/ict-bedrijven/952-bos-groep-all-star/
530,Bos Search Select,https://www.ictergezocht.nl/ict-bedrijven/766-bos-search-select/
531,Bosch Thermotechniek,https://www.ictergezocht.nl/ict-bedrijven/5601-bosch-thermotechniek/
532,Bosman GGz,https://www.ictergezocht.nl/ict-bedrijven/999-bosman-ggz/
533,Bosveld Incasso en Gerechtsdeurwaarders,https://www.ictergezocht.nl/ict-bedrijven/6215-bosveld-incasso-en-gerechtsdeurwaarders/
534,Bothoff Media,https://www.ictergezocht.nl/ict-bedrijven/6054-bothoff-media/
535,Bottomline,https://www.ictergezocht.nl/ict-bedrijven/9625-bottomline/
536,Bouman GGZ,https://www.ictergezocht.nl/ict-bedrijven/278-bouman-ggz/
537,Bouwman Information Consultancy,https://www.ictergezocht.nl/ict-bedrijven/8176-bouwman-information-consultancy/
538,Bouwmeester Groep,https://www.ictergezocht.nl/ict-bedrijven/3917-bouwmeester-groep/
539,BOVAG,https://www.ictergezocht.nl/ict-bedrijven/8580-bovag/
540,Boval,https://www.ictergezocht.nl/ict-bedrijven/10150-boval/
541,Bovemij Interne Diensten,https://www.ictergezocht.nl/ict-bedrijven/9958-bovemij-interne-diensten/
542,Bovertis,https://www.ictergezocht.nl/ict-bedrijven/808-bovertis/
543,Boxplosive,https://www.ictergezocht.nl/ict-bedrijven/10287-boxplosive/
544,BproCare,https://www.ictergezocht.nl/ict-bedrijven/9147-bprocare/
545,BPS Arbeidsbemiddeling,https://www.ictergezocht.nl/ict-bedrijven/850-bps-arbeidsbemiddeling/
546,Brabantia Branding,https://www.ictergezocht.nl/ict-bedrijven/6104-brabantia-branding/
547,Brabants Landschap,https://www.ictergezocht.nl/ict-bedrijven/10815-brabants-landschap/
548,BRAIN MATCH - BRAIN FORCE,https://www.ictergezocht.nl/ict-bedrijven/3092-brain-match-brain-force/
549,Brainbox Consulting,https://www.ictergezocht.nl/ict-bedrijven/9831-brainbox-consulting/
550,Brainbrothers,https://www.ictergezocht.nl/ict-bedrijven/6139-brainbrothers/
551,BrainSquare BI services,https://www.ictergezocht.nl/ict-bedrijven/859-brainsquare-bi-services/
552,Brakowitz,https://www.ictergezocht.nl/ict-bedrijven/2864-brakowitz/
553,BRAM,https://www.ictergezocht.nl/ict-bedrijven/709-bram/
554,Brancom Internetbureau,https://www.ictergezocht.nl/ict-bedrijven/6062-brancom-internetbureau/
555,BrandLoyalty International,https://www.ictergezocht.nl/ict-bedrijven/9617-brandloyalty-international/
556,Brandmannen,https://www.ictergezocht.nl/ict-bedrijven/5711-brandmannen/
557,Brave reclamebureau,https://www.ictergezocht.nl/ict-bedrijven/4323-brave-reclamebureau/
558,BraveOrange,https://www.ictergezocht.nl/ict-bedrijven/8923-braveorange/
559,Bravo Sourcing Solutions,https://www.ictergezocht.nl/ict-bedrijven/811-bravo-sourcing-solutions/
560,Breed,https://www.ictergezocht.nl/ict-bedrijven/4150-breed/
561,Brendan&MacKenzie,https://www.ictergezocht.nl/ict-bedrijven/8056-brendanmackenzie/
562,Bresc,https://www.ictergezocht.nl/ict-bedrijven/10044-bresc/
563,Bridge Techniek Professionals,https://www.ictergezocht.nl/ict-bedrijven/10081-bridge-techniek-professionals/
564,Bridge24,https://www.ictergezocht.nl/ict-bedrijven/5479-bridge24/
565,BridgeFund,https://www.ictergezocht.nl/ict-bedrijven/9478-bridgefund/
566,Bridges,https://www.ictergezocht.nl/ict-bedrijven/8105-bridges/
567,Bright Answers,https://www.ictergezocht.nl/ict-bedrijven/6126-bright-answers/
568,BrightConnect,https://www.ictergezocht.nl/ict-bedrijven/5243-brightconnect/
569,BrightPlan Consultancy,https://www.ictergezocht.nl/ict-bedrijven/5160-brightplan-consultancy/
570,Brill.Digital,https://www.ictergezocht.nl/ict-bedrijven/8561-brilldigital/
571,Brilmij Groep,https://www.ictergezocht.nl/ict-bedrijven/10316-brilmij-groep/
572,Brink,https://www.ictergezocht.nl/ict-bedrijven/10008-brink/
573,Brinkman Agro,https://www.ictergezocht.nl/ict-bedrijven/9607-brinkman-agro/
574,BRIS,https://www.ictergezocht.nl/ict-bedrijven/5831-bris/
575,Brisk ICT,https://www.ictergezocht.nl/ict-bedrijven/5179-brisk-ict/
576,Brisker Groep,https://www.ictergezocht.nl/ict-bedrijven/10895-brisker-groep/
577,BRIXS,https://www.ictergezocht.nl/ict-bedrijven/5634-brixs/
578,Brocacef,https://www.ictergezocht.nl/ict-bedrijven/8585-brocacef/
579,Brockmeyer,https://www.ictergezocht.nl/ict-bedrijven/2734-brockmeyer/
580,Broekhuis Automatisering,https://www.ictergezocht.nl/ict-bedrijven/5898-broekhuis-automatisering/
581,Broekhuis Training Groep,https://www.ictergezocht.nl/ict-bedrijven/119-broekhuis-training-groep/
582,Brokerhof Web Marketing,https://www.ictergezocht.nl/ict-bedrijven/209-brokerhof-web-marketing/
583,Bronsco ICT,https://www.ictergezocht.nl/ict-bedrijven/10717-bronsco-ict/
584,Bronx Fashion,https://www.ictergezocht.nl/ict-bedrijven/290-bronx-fashion/
585,Brookhuis Applied Technologies,https://www.ictergezocht.nl/ict-bedrijven/5709-brookhuis-applied-technologies/
586,Brookz,https://www.ictergezocht.nl/ict-bedrijven/8123-brookz/
587,Bruisend IT,https://www.ictergezocht.nl/ict-bedrijven/3617-bruisend-it/
588,Brummans HR Services,https://www.ictergezocht.nl/ict-bedrijven/9945-brummans-hr-services/
589,Brunel Nederland,https://www.ictergezocht.nl/ict-bedrijven/8237-brunel-nederland/
590,BsGW,https://www.ictergezocht.nl/ict-bedrijven/7988-bsgw/
591,BSS ICT Groep,https://www.ictergezocht.nl/ict-bedrijven/1689-bss-ict-groep/
592,BSV-IT,https://www.ictergezocht.nl/ict-bedrijven/10838-bsv-it/
593,BT Computer Service,https://www.ictergezocht.nl/ict-bedrijven/5392-bt-computer-service/
594,BTC.com,https://www.ictergezocht.nl/ict-bedrijven/8026-btccom/
595,BTM Software Europe,https://www.ictergezocht.nl/ict-bedrijven/8338-btm-software-europe/
596,Bubblefish Interactive,https://www.ictergezocht.nl/ict-bedrijven/485-bubblefish-interactive/
597,Budget Company,https://www.ictergezocht.nl/ict-bedrijven/4132-budget-company/
598,Bugs Business,https://www.ictergezocht.nl/ict-bedrijven/5980-bugs-business/
599,buildIT IT-Solutions,https://www.ictergezocht.nl/ict-bedrijven/226-buildit-it-solutions/
600,Buit-IT four you,https://www.ictergezocht.nl/ict-bedrijven/7999-buit-it-four-you/
601,Buitenhof Tuinmeubelen,https://www.ictergezocht.nl/ict-bedrijven/9736-buitenhof-tuinmeubelen/
602,Buitenhuis-groep.nl,https://www.ictergezocht.nl/ict-bedrijven/3165-buitenhuis-groepnl/
603,Bumicom Telecommunicatie,https://www.ictergezocht.nl/ict-bedrijven/5360-bumicom-telecommunicatie/
604,Bundle Data,https://www.ictergezocht.nl/ict-bedrijven/8613-bundle-data/
605,Bunt ICT,https://www.ictergezocht.nl/ict-bedrijven/9486-bunt-ict/
606,Bureau Blanco,https://www.ictergezocht.nl/ict-bedrijven/5629-bureau-blanco/
607,Bureau Jeugdzorg Agglomeratie Amsterdam,https://www.ictergezocht.nl/ict-bedrijven/2538-bureau-jeugdzorg-agglomeratie-amsterdam/
608,Bureau Kellerman,https://www.ictergezocht.nl/ict-bedrijven/4639-bureau-kellerman/
609,Burger Support,https://www.ictergezocht.nl/ict-bedrijven/5533-burger-support/
610,Burger Support,https://www.ictergezocht.nl/ict-bedrijven/8611-burger-support/
611,Burghouwt Bouwbeslag,https://www.ictergezocht.nl/ict-bedrijven/10673-burghouwt-bouwbeslag/
612,Buro 5,https://www.ictergezocht.nl/ict-bedrijven/10261-buro-5/
613,Buro Scanbrit (Buro Scandinavia),https://www.ictergezocht.nl/ict-bedrijven/159-buro-scanbrit-buro-scandinavia/
614,Bursar Society,https://www.ictergezocht.nl/ict-bedrijven/7766-bursar-society/
615,Business Hosting,https://www.ictergezocht.nl/ict-bedrijven/4956-business-hosting/
616,Business Media,https://www.ictergezocht.nl/ict-bedrijven/1060-business-media/
617,Business Portals,https://www.ictergezocht.nl/ict-bedrijven/5630-business-portals/
618,Business Process Automation,https://www.ictergezocht.nl/ict-bedrijven/10304-business-process-automation/
619,Business Process Automation,https://www.ictergezocht.nl/ict-bedrijven/4286-business-process-automation/
620,Business Software Haaglanden,https://www.ictergezocht.nl/ict-bedrijven/8500-business-software-haaglanden/
621,Business Talent Network,https://www.ictergezocht.nl/ict-bedrijven/6085-business-talent-network/
622,Businessforensics,https://www.ictergezocht.nl/ict-bedrijven/5358-businessforensics/
623,Busscher Weerselo,https://www.ictergezocht.nl/ict-bedrijven/9534-busscher-weerselo/
624,Busscher Weerselo,https://www.ictergezocht.nl/ict-bedrijven/5339-busscher-weerselo/
625,BV Dot TK,https://www.ictergezocht.nl/ict-bedrijven/4257-bv-dot-tk/
626,BV Sponiza IT,https://www.ictergezocht.nl/ict-bedrijven/9912-bv-sponiza-it/
627,BV Twentsche Kabel Fabriek,https://www.ictergezocht.nl/ict-bedrijven/7669-bv-twentsche-kabel-fabriek/
628,BVB Substrates,https://www.ictergezocht.nl/ict-bedrijven/8258-bvb-substrates/
629,Byce,https://www.ictergezocht.nl/ict-bedrijven/4411-byce/
630,Byelex Multimedia Products,https://www.ictergezocht.nl/ict-bedrijven/533-byelex-multimedia-products/
631,Byte,https://www.ictergezocht.nl/ict-bedrijven/5948-byte/
632,Bytes Recruitment,https://www.ictergezocht.nl/ict-bedrijven/10430-bytes-recruitment/
633,ByYourSite,https://www.ictergezocht.nl/ict-bedrijven/5543-byyoursite/
634,ICT bedrijven zoeken,https://www.ictergezocht.nl/ict-bedrijven/
635,ICT bedrijven zoeken,https://www.ictergezocht.nl/ict-bedrijven/
636,C&C Chantal & Company,https://www.ictergezocht.nl/ict-bedrijven/10635-cc-chantal-company/
637,C4U,https://www.ictergezocht.nl/ict-bedrijven/6118-c4u/
638,CAGGB -Praktijk Buitenpost,https://www.ictergezocht.nl/ict-bedrijven/5172-caggb-praktijk-buitenpost/
639,Calco,https://www.ictergezocht.nl/ict-bedrijven/9402-calco/
640,Call2,https://www.ictergezocht.nl/ict-bedrijven/3805-call2/
641,Calllock mobility,https://www.ictergezocht.nl/ict-bedrijven/4874-calllock-mobility/
642,CAM IT Solutions,https://www.ictergezocht.nl/ict-bedrijven/10244-cam-it-solutions/
643,CAM IT Solutions,https://www.ictergezocht.nl/ict-bedrijven/9510-cam-it-solutions/
644,Camarate,https://www.ictergezocht.nl/ict-bedrijven/4062-camarate/
645,Camas IT,https://www.ictergezocht.nl/ict-bedrijven/10592-camas-it/
646,Camelot Vastgoedbeheer en Beveiliging,https://www.ictergezocht.nl/ict-bedrijven/9668-camelot-vastgoedbeheer-en-beveiliging/
647,Campaign Group,https://www.ictergezocht.nl/ict-bedrijven/3525-campaign-group/
648,Canal Company,https://www.ictergezocht.nl/ict-bedrijven/5524-canal-company/
649,Cannock,https://www.ictergezocht.nl/ict-bedrijven/9645-cannock/
650,CANS,https://www.ictergezocht.nl/ict-bedrijven/9816-cans/
651,Cantrijn Groep,https://www.ictergezocht.nl/ict-bedrijven/5797-cantrijn-groep/
652,CAOP,https://www.ictergezocht.nl/ict-bedrijven/2875-caop/
653,Capability Online,https://www.ictergezocht.nl/ict-bedrijven/4921-capability-online/
654,Capgemini,https://www.ictergezocht.nl/ict-bedrijven/4916-capgemini/
655,Capgemini Nederland,https://www.ictergezocht.nl/ict-bedrijven/68-capgemini-nederland/
656,Capica,https://www.ictergezocht.nl/ict-bedrijven/7609-capica/
657,Capital ID,https://www.ictergezocht.nl/ict-bedrijven/2817-capital-id/
658,Capitar IT Group,https://www.ictergezocht.nl/ict-bedrijven/4902-capitar-it-group/
659,Capri Solutions,https://www.ictergezocht.nl/ict-bedrijven/4106-capri-solutions/
660,Capri Solutions,https://www.ictergezocht.nl/ict-bedrijven/3638-capri-solutions/
661,Capwell,https://www.ictergezocht.nl/ict-bedrijven/6026-capwell/
662,CARD Services Utrecht,https://www.ictergezocht.nl/ict-bedrijven/7788-card-services-utrecht/
663,Cardio Selfcare,https://www.ictergezocht.nl/ict-bedrijven/4867-cardio-selfcare/
664,Cardiologie Centra Nederland,https://www.ictergezocht.nl/ict-bedrijven/9177-cardiologie-centra-nederland/
665,cards PLM Solutions,https://www.ictergezocht.nl/ict-bedrijven/5586-cards-plm-solutions/
666,CARE,https://www.ictergezocht.nl/ict-bedrijven/6045-care/
667,Care2u,https://www.ictergezocht.nl/ict-bedrijven/4363-care2u/
668,Career Control,https://www.ictergezocht.nl/ict-bedrijven/9341-career-control/
669,Career Result,https://www.ictergezocht.nl/ict-bedrijven/5323-career-result/
670,Career-Builders,https://www.ictergezocht.nl/ict-bedrijven/188-career-builders/
671,Careermaker,https://www.ictergezocht.nl/ict-bedrijven/9792-careermaker/
672,Careermaker,https://www.ictergezocht.nl/ict-bedrijven/8015-careermaker/
673,CareerValue,https://www.ictergezocht.nl/ict-bedrijven/2634-careervalue/
674,Careflex Zorg Groep,https://www.ictergezocht.nl/ict-bedrijven/10526-careflex-zorg-groep/
675,Cargo Holding,https://www.ictergezocht.nl/ict-bedrijven/5144-cargo-holding/
676,CargoSnap,https://www.ictergezocht.nl/ict-bedrijven/10091-cargosnap/
677,CargoXS,https://www.ictergezocht.nl/ict-bedrijven/5927-cargoxs/
678,Carriere uitzendbureau,https://www.ictergezocht.nl/ict-bedrijven/10695-carriere-uitzendbureau/
679,Carrierecafe,https://www.ictergezocht.nl/ict-bedrijven/274-carrierecafe/
680,Cartel Internetservices,https://www.ictergezocht.nl/ict-bedrijven/1983-cartel-internetservices/
681,CASE Builders,https://www.ictergezocht.nl/ict-bedrijven/2605-case-builders/
682,Case Electronics,https://www.ictergezocht.nl/ict-bedrijven/10129-case-electronics/
683,Casper,https://www.ictergezocht.nl/ict-bedrijven/10522-casper/
684,Catharina Stichting,https://www.ictergezocht.nl/ict-bedrijven/8511-catharina-stichting/
685,Catharina Ziekenhuis,https://www.ictergezocht.nl/ict-bedrijven/9158-catharina-ziekenhuis/
686,CBG Connect,https://www.ictergezocht.nl/ict-bedrijven/8203-cbg-connect/
687,CBR,https://www.ictergezocht.nl/ict-bedrijven/9468-cbr/
688,CBRE Global Investors,https://www.ictergezocht.nl/ict-bedrijven/4565-cbre-global-investors/
689,CBSbutler,https://www.ictergezocht.nl/ict-bedrijven/5621-cbsbutler/
690,CC Group,https://www.ictergezocht.nl/ict-bedrijven/4856-cc-group/
691,CCare ICT,https://www.ictergezocht.nl/ict-bedrijven/5996-ccare-ict/
692,CCI Groep,https://www.ictergezocht.nl/ict-bedrijven/4703-cci-groep/
693,CCO Automatisering,https://www.ictergezocht.nl/ict-bedrijven/116-cco-automatisering/
694,CCO ict diensten,https://www.ictergezocht.nl/ict-bedrijven/10729-cco-ict-diensten/
695,CCV Holland,https://www.ictergezocht.nl/ict-bedrijven/4402-ccv-holland/
696,CDG Automatisering,https://www.ictergezocht.nl/ict-bedrijven/190-cdg-automatisering/
697,CED,https://www.ictergezocht.nl/ict-bedrijven/3541-ced/
698,CEEZOO Magento specialisten,https://www.ictergezocht.nl/ict-bedrijven/4914-ceezoo-magento-specialisten/
699,Cegeka Nederland,https://www.ictergezocht.nl/ict-bedrijven/10723-cegeka-nederland/
700,Cellular Intelligence,https://www.ictergezocht.nl/ict-bedrijven/8483-cellular-intelligence/
701,Censo Data Solutions,https://www.ictergezocht.nl/ict-bedrijven/8858-censo-data-solutions/
702,Censom,https://www.ictergezocht.nl/ict-bedrijven/8721-censom/
703,Centa,https://www.ictergezocht.nl/ict-bedrijven/10367-centa/
704,Centix,https://www.ictergezocht.nl/ict-bedrijven/8154-centix/
705,Centralbikes,https://www.ictergezocht.nl/ict-bedrijven/5296-centralbikes/
706,Centrale Discotheek Rotterdam (muziekweb.nl),https://www.ictergezocht.nl/ict-bedrijven/1152-centrale-discotheek-rotterdam-muziekwebnl/
707,Centric,https://www.ictergezocht.nl/ict-bedrijven/8451-centric/
708,Centric IT Solutions,https://www.ictergezocht.nl/ict-bedrijven/3160-centric-it-solutions/
709,Centrum Wiskunde & Informatica (NWO-I),https://www.ictergezocht.nl/ict-bedrijven/9497-centrum-wiskunde-informatica-nwo-i/
710,Cenzo,https://www.ictergezocht.nl/ict-bedrijven/7934-cenzo/
711,CEPO,https://www.ictergezocht.nl/ict-bedrijven/4434-cepo/
712,Cerebo Networks,https://www.ictergezocht.nl/ict-bedrijven/9951-cerebo-networks/
713,CeresRecruitment,https://www.ictergezocht.nl/ict-bedrijven/4880-ceresrecruitment/
714,Certified Secure,https://www.ictergezocht.nl/ict-bedrijven/1117-certified-secure/
715,Cervus,https://www.ictergezocht.nl/ict-bedrijven/6145-cervus/
716,Cervus Automatisering,https://www.ictergezocht.nl/ict-bedrijven/10662-cervus-automatisering/
717,Ceves Vergeer,https://www.ictergezocht.nl/ict-bedrijven/6025-ceves-vergeer/
718,CF,https://www.ictergezocht.nl/ict-bedrijven/825-cf/
719,CFar,https://www.ictergezocht.nl/ict-bedrijven/347-cfar/
720,CFS,https://www.ictergezocht.nl/ict-bedrijven/816-cfs/
721,CGI Nederland,https://www.ictergezocht.nl/ict-bedrijven/5141-cgi-nederland/
722,Chainn,https://www.ictergezocht.nl/ict-bedrijven/9557-chainn/
723,ChainPoint,https://www.ictergezocht.nl/ict-bedrijven/10272-chainpoint/
724,ChainWise,https://www.ictergezocht.nl/ict-bedrijven/2500-chainwise/
725,Chalant - ICT,https://www.ictergezocht.nl/ict-bedrijven/9124-chalant-ict/
726,Changely,https://www.ictergezocht.nl/ict-bedrijven/10874-changely/
727,Changeroo,https://www.ictergezocht.nl/ict-bedrijven/10338-changeroo/
728,ChannelEngine.com,https://www.ictergezocht.nl/ict-bedrijven/7589-channelenginecom/
729,Chatventure,https://www.ictergezocht.nl/ict-bedrijven/229-chatventure/
730,Chellomedia,https://www.ictergezocht.nl/ict-bedrijven/977-chellomedia/
731,Chellomedia Programming,https://www.ictergezocht.nl/ict-bedrijven/3891-chellomedia-programming/
732,Chess iX,https://www.ictergezocht.nl/ict-bedrijven/5011-chess-ix/
733,ChipSoft,https://www.ictergezocht.nl/ict-bedrijven/8841-chipsoft/
734,Chiron iT,https://www.ictergezocht.nl/ict-bedrijven/5837-chiron-it/
735,Chirpley,https://www.ictergezocht.nl/ict-bedrijven/10871-chirpley/
736,Chrysal International,https://www.ictergezocht.nl/ict-bedrijven/5631-chrysal-international/
737,Cibap,https://www.ictergezocht.nl/ict-bedrijven/10633-cibap/
738,cict innovations,https://www.ictergezocht.nl/ict-bedrijven/5501-cict-innovations/
739,CIMSOLUTIONS,https://www.ictergezocht.nl/ict-bedrijven/9326-cimsolutions/
740,CINOP,https://www.ictergezocht.nl/ict-bedrijven/5045-cinop/
741,CINX,https://www.ictergezocht.nl/ict-bedrijven/3918-cinx/
742,Ciphix,https://www.ictergezocht.nl/ict-bedrijven/10548-ciphix/
743,Ciran Revalidatie,https://www.ictergezocht.nl/ict-bedrijven/4831-ciran-revalidatie/
744,Ciratum,https://www.ictergezocht.nl/ict-bedrijven/10378-ciratum/
745,Circle B,https://www.ictergezocht.nl/ict-bedrijven/10425-circle-b/
746,Circle Software,https://www.ictergezocht.nl/ict-bedrijven/5748-circle-software/
747,Circle8,https://www.ictergezocht.nl/ict-bedrijven/8245-circle8/
748,Circle8,https://www.ictergezocht.nl/ict-bedrijven/10572-circle8/
749,Circumflex Automatisering,https://www.ictergezocht.nl/ict-bedrijven/631-circumflex-automatisering/
750,CIRFOOD Netherlands.,https://www.ictergezocht.nl/ict-bedrijven/10231-cirfood-netherlands/
751,Cirrus,https://www.ictergezocht.nl/ict-bedrijven/8051-cirrus/
752,CIS-Group,https://www.ictergezocht.nl/ict-bedrijven/2933-cis-group/
753,Cisol,https://www.ictergezocht.nl/ict-bedrijven/7982-cisol/
754,Cisol.,https://www.ictergezocht.nl/ict-bedrijven/10186-cisol/
755,Cititec,https://www.ictergezocht.nl/ict-bedrijven/8710-cititec/
756,Cito Nederland,https://www.ictergezocht.nl/ict-bedrijven/10773-cito-nederland/
757,CityGIS,https://www.ictergezocht.nl/ict-bedrijven/5832-citygis/
758,Civas Opleidingen,https://www.ictergezocht.nl/ict-bedrijven/10852-civas-opleidingen/
759,Civolution,https://www.ictergezocht.nl/ict-bedrijven/3249-civolution/
760,Clansman,https://www.ictergezocht.nl/ict-bedrijven/2361-clansman/
761,Clascon IT Solutions,https://www.ictergezocht.nl/ict-bedrijven/2225-clascon-it-solutions/
762,CLBPS,https://www.ictergezocht.nl/ict-bedrijven/10243-clbps/
763,CLBPS,https://www.ictergezocht.nl/ict-bedrijven/10573-clbps/
764,Clean Air Group,https://www.ictergezocht.nl/ict-bedrijven/9449-clean-air-group/
765,Cleve & Zonen,https://www.ictergezocht.nl/ict-bedrijven/8620-cleve-zonen/
766,Cleve en Zonen,https://www.ictergezocht.nl/ict-bedrijven/10108-cleve-en-zonen/
767,Clever Strategy,https://www.ictergezocht.nl/ict-bedrijven/7661-clever-strategy/
768,Cleverbase,https://www.ictergezocht.nl/ict-bedrijven/7873-cleverbase/
769,CleverIT,https://www.ictergezocht.nl/ict-bedrijven/9330-cleverit/
770,CLEVR,https://www.ictergezocht.nl/ict-bedrijven/9746-clevr/
771,Clickdreams,https://www.ictergezocht.nl/ict-bedrijven/10179-clickdreams/
772,Climate-KIC Holding,https://www.ictergezocht.nl/ict-bedrijven/8346-climate-kic-holding/
773,Clipboard Publishing,https://www.ictergezocht.nl/ict-bedrijven/2277-clipboard-publishing/
774,Cloud 9 Consultants,https://www.ictergezocht.nl/ict-bedrijven/8898-cloud-9-consultants/
775,Cloud ÉÉN,https://www.ictergezocht.nl/ict-bedrijven/10208-cloud-een/
776,Cloud Innovations,https://www.ictergezocht.nl/ict-bedrijven/9223-cloud-innovations/
777,Cloud Recruitment Solutions,https://www.ictergezocht.nl/ict-bedrijven/8066-cloud-recruitment-solutions/
778,Cloud86,https://www.ictergezocht.nl/ict-bedrijven/9487-cloud86/
779,Cloudflight,https://www.ictergezocht.nl/ict-bedrijven/9567-cloudflight/
780,Cloudiction,https://www.ictergezocht.nl/ict-bedrijven/5937-cloudiction/
781,CloudShapers,https://www.ictergezocht.nl/ict-bedrijven/5934-cloudshapers/
782,Cloudstekker,https://www.ictergezocht.nl/ict-bedrijven/9292-cloudstekker/
783,Cloudteq online werken,https://www.ictergezocht.nl/ict-bedrijven/4230-cloudteq-online-werken/
784,Cloudwise,https://www.ictergezocht.nl/ict-bedrijven/10318-cloudwise/
785,Cloudwise,https://www.ictergezocht.nl/ict-bedrijven/8914-cloudwise/
786,CloudyDay,https://www.ictergezocht.nl/ict-bedrijven/8324-cloudyday/
787,Clouvider Europe,https://www.ictergezocht.nl/ict-bedrijven/9952-clouvider-europe/
788,CMN,https://www.ictergezocht.nl/ict-bedrijven/5994-cmn/
789,Cmotions Recruitment,https://www.ictergezocht.nl/ict-bedrijven/9362-cmotions-recruitment/
790,CN IT,https://www.ictergezocht.nl/ict-bedrijven/602-cn-it/
791,CNE ICT Professionals,https://www.ictergezocht.nl/ict-bedrijven/5778-cne-ict-professionals/
792,CNS IT,https://www.ictergezocht.nl/ict-bedrijven/8936-cns-it/
793,CoachR Development,https://www.ictergezocht.nl/ict-bedrijven/4481-coachr-development/
794,Cobbler,https://www.ictergezocht.nl/ict-bedrijven/9464-cobbler/
795,Cobbler ICT Services,https://www.ictergezocht.nl/ict-bedrijven/10788-cobbler-ict-services/
796,Codarts Rotterdam,https://www.ictergezocht.nl/ict-bedrijven/9284-codarts-rotterdam/
797,Code d'Azur,https://www.ictergezocht.nl/ict-bedrijven/4088-code-dazur/
798,CODE Internet Applications,https://www.ictergezocht.nl/ict-bedrijven/3420-code-internet-applications/
799,Code31,https://www.ictergezocht.nl/ict-bedrijven/10599-code31/
800,Codeblizz,https://www.ictergezocht.nl/ict-bedrijven/8271-codeblizz/
801,Codecareer,https://www.ictergezocht.nl/ict-bedrijven/9194-codecareer/
802,CodeCast,https://www.ictergezocht.nl/ict-bedrijven/10443-codecast/
803,CodeGuild,https://www.ictergezocht.nl/ict-bedrijven/5403-codeguild/
804,Codelogic,https://www.ictergezocht.nl/ict-bedrijven/3175-codelogic/
805,Cofely West Industrie,https://www.ictergezocht.nl/ict-bedrijven/1099-cofely-west-industrie/
806,Coffee IT,https://www.ictergezocht.nl/ict-bedrijven/9190-coffee-it/
807,Cogas Facilitaire Diensten,https://www.ictergezocht.nl/ict-bedrijven/9803-cogas-facilitaire-diensten/
808,Cognyte,https://www.ictergezocht.nl/ict-bedrijven/10822-cognyte/
809,Cohere Energy Solutions,https://www.ictergezocht.nl/ict-bedrijven/5052-cohere-energy-solutions/
810,Colorware,https://www.ictergezocht.nl/ict-bedrijven/5747-colorware/
811,Colosseus Consult,https://www.ictergezocht.nl/ict-bedrijven/8903-colosseus-consult/
812,Colt International,https://www.ictergezocht.nl/ict-bedrijven/2385-colt-international/
813,Columbus Automatisering,https://www.ictergezocht.nl/ict-bedrijven/10736-columbus-automatisering/
814,Columbus Junior,https://www.ictergezocht.nl/ict-bedrijven/9328-columbus-junior/
815,Com-Unit,https://www.ictergezocht.nl/ict-bedrijven/3304-com-unit/
816,COM4 Automatisering,https://www.ictergezocht.nl/ict-bedrijven/2752-com4-automatisering/
817,Combat Jongerenmarketing en -communicatie,https://www.ictergezocht.nl/ict-bedrijven/9931-combat-jongerenmarketing-en-communicatie/
818,Combilo,https://www.ictergezocht.nl/ict-bedrijven/10774-combilo/
819,Combiwel,https://www.ictergezocht.nl/ict-bedrijven/5103-combiwel/
820,ComboData,https://www.ictergezocht.nl/ict-bedrijven/841-combodata/
821,Commerce Systems,https://www.ictergezocht.nl/ict-bedrijven/4452-commerce-systems/
822,CommITment,https://www.ictergezocht.nl/ict-bedrijven/2940-commitment/
823,Commpanion,https://www.ictergezocht.nl/ict-bedrijven/8789-commpanion/
824,Communiq,https://www.ictergezocht.nl/ict-bedrijven/9134-communiq/
825,Compagnon,https://www.ictergezocht.nl/ict-bedrijven/9488-compagnon/
826,Compano,https://www.ictergezocht.nl/ict-bedrijven/5765-compano/
827,Company Webcast,https://www.ictergezocht.nl/ict-bedrijven/5857-company-webcast/
828,Comparity,https://www.ictergezocht.nl/ict-bedrijven/2262-comparity/
829,Compaxo Fijne Vleeswaren,https://www.ictergezocht.nl/ict-bedrijven/9635-compaxo-fijne-vleeswaren/
830,Complex ICT,https://www.ictergezocht.nl/ict-bedrijven/8993-complex-ict/
831,CompLions,https://www.ictergezocht.nl/ict-bedrijven/5881-complions/
832,Comprador Group,https://www.ictergezocht.nl/ict-bedrijven/9155-comprador-group/
833,Compri,https://www.ictergezocht.nl/ict-bedrijven/5840-compri/
834,Compri ICT,https://www.ictergezocht.nl/ict-bedrijven/3904-compri-ict/
835,CompSolution,https://www.ictergezocht.nl/ict-bedrijven/9827-compsolution/
836,Compumatica secure networks,https://www.ictergezocht.nl/ict-bedrijven/9904-compumatica-secure-networks/
837,CompuTeam,https://www.ictergezocht.nl/ict-bedrijven/3081-computeam/
838,Computens,https://www.ictergezocht.nl/ict-bedrijven/7594-computens/
839,Computer AdviesBureau Elbersen,https://www.ictergezocht.nl/ict-bedrijven/44-computer-adviesbureau-elbersen/
840,Computer Futures,https://www.ictergezocht.nl/ict-bedrijven/686-computer-futures/
841,Computer Futures,https://www.ictergezocht.nl/ict-bedrijven/763-computer-futures/
842,Computer Futures - Testing & Quality Assurance,https://www.ictergezocht.nl/ict-bedrijven/685-computer-futures-testing-quality-assurance/
843,Computer Futures Solutions,https://www.ictergezocht.nl/ict-bedrijven/826-computer-futures-solutions/
844,Computer Futures Zuid,https://www.ictergezocht.nl/ict-bedrijven/719-computer-futures-zuid/
845,Computer SOS,https://www.ictergezocht.nl/ict-bedrijven/307-computer-sos/
846,Computer SOS Infra Solutions,https://www.ictergezocht.nl/ict-bedrijven/412-computer-sos-infra-solutions/
847,Computication,https://www.ictergezocht.nl/ict-bedrijven/5175-computication/
848,comScore,https://www.ictergezocht.nl/ict-bedrijven/4766-comscore/
849,Comspeed,https://www.ictergezocht.nl/ict-bedrijven/4820-comspeed/
850,ComTechnic,https://www.ictergezocht.nl/ict-bedrijven/4518-comtechnic/
851,Conclusion,https://www.ictergezocht.nl/ict-bedrijven/5891-conclusion/
852,Conclusion Enablement,https://www.ictergezocht.nl/ict-bedrijven/10709-conclusion-enablement/
853,Conclusion Mission Critical,https://www.ictergezocht.nl/ict-bedrijven/10320-conclusion-mission-critical/
854,Conclusion Services,https://www.ictergezocht.nl/ict-bedrijven/9133-conclusion-services/
855,Conclusion Zuyd Heerlen,https://www.ictergezocht.nl/ict-bedrijven/9936-conclusion-zuyd-heerlen/
856,Concretor,https://www.ictergezocht.nl/ict-bedrijven/10220-concretor/
857,Configure-IT,https://www.ictergezocht.nl/ict-bedrijven/9934-configure-it/
858,Conflate,https://www.ictergezocht.nl/ict-bedrijven/6147-conflate/
859,Congres- en studiecentrum VNG,https://www.ictergezocht.nl/ict-bedrijven/8128-congres-en-studiecentrum-vng/
860,Conict,https://www.ictergezocht.nl/ict-bedrijven/10351-conict/
861,Connected Software & Communications,https://www.ictergezocht.nl/ict-bedrijven/1833-connected-software-communications/
862,ConnectedCare Services,https://www.ictergezocht.nl/ict-bedrijven/5959-connectedcare-services/
863,ConnectHere,https://www.ictergezocht.nl/ict-bedrijven/9920-connecthere/
864,Connectholland,https://www.ictergezocht.nl/ict-bedrijven/45-connectholland/
865,ConnectId,https://www.ictergezocht.nl/ict-bedrijven/10305-connectid/
866,ConnectingTheDots,https://www.ictergezocht.nl/ict-bedrijven/7992-connectingthedots/
867,Connection Systems,https://www.ictergezocht.nl/ict-bedrijven/9019-connection-systems/
868,Connections,https://www.ictergezocht.nl/ict-bedrijven/4194-connections/
869,Connective Power,https://www.ictergezocht.nl/ict-bedrijven/5220-connective-power/
870,ConoScenza,https://www.ictergezocht.nl/ict-bedrijven/9215-conoscenza/
871,Constant IT,https://www.ictergezocht.nl/ict-bedrijven/1042-constant-it/
872,Constant IT,https://www.ictergezocht.nl/ict-bedrijven/9377-constant-it/
873,Construction Media,https://www.ictergezocht.nl/ict-bedrijven/5230-construction-media/
874,Constructo,https://www.ictergezocht.nl/ict-bedrijven/7933-constructo/
875,Construsoft,https://www.ictergezocht.nl/ict-bedrijven/8308-construsoft/
876,ConsultingExperts,https://www.ictergezocht.nl/ict-bedrijven/10566-consultingexperts/
877,Consulutions,https://www.ictergezocht.nl/ict-bedrijven/9525-consulutions/
878,Consumentenbond,https://www.ictergezocht.nl/ict-bedrijven/6222-consumentenbond/
879,Consumentenbond,https://www.ictergezocht.nl/ict-bedrijven/10169-consumentenbond/
880,ContactCare,https://www.ictergezocht.nl/ict-bedrijven/7772-contactcare/
881,CONTAX Nederland,https://www.ictergezocht.nl/ict-bedrijven/8489-contax-nederland/
882,Contec,https://www.ictergezocht.nl/ict-bedrijven/8944-contec/
883,Contict,https://www.ictergezocht.nl/ict-bedrijven/8418-contict/
884,Continental Banden Groep,https://www.ictergezocht.nl/ict-bedrijven/3422-continental-banden-groep/
885,Continental Talent Recruitment,https://www.ictergezocht.nl/ict-bedrijven/5790-continental-talent-recruitment/
886,Continue IT,https://www.ictergezocht.nl/ict-bedrijven/9032-continue-it/
887,ContourdeTwern,https://www.ictergezocht.nl/ict-bedrijven/8319-contourdetwern/
888,Convect,https://www.ictergezocht.nl/ict-bedrijven/9281-convect/
889,Cooder,https://www.ictergezocht.nl/ict-bedrijven/9380-cooder/
890,Cookies2,https://www.ictergezocht.nl/ict-bedrijven/10500-cookies2/
891,Coolblue,https://www.ictergezocht.nl/ict-bedrijven/8700-coolblue/
892,CoolProfs,https://www.ictergezocht.nl/ict-bedrijven/9725-coolprofs/
893,Cooperatie Kien u.a.,https://www.ictergezocht.nl/ict-bedrijven/10005-cooperatie-kien-ua/
894,Coöperatie Landelijk Beheer Prenatale Screening (CLBPS),https://www.ictergezocht.nl/ict-bedrijven/9139-cooperatie-landelijk-beheer-prenatale-screening-clbps/
895,Copernicos Groep,https://www.ictergezocht.nl/ict-bedrijven/9195-copernicos-groep/
896,Copernicus,https://www.ictergezocht.nl/ict-bedrijven/164-copernicus/
897,Cordis SUITE,https://www.ictergezocht.nl/ict-bedrijven/9609-cordis-suite/
898,Cordstrap,https://www.ictergezocht.nl/ict-bedrijven/8956-cordstrap/
899,Coreon,https://www.ictergezocht.nl/ict-bedrijven/7885-coreon/
900,Corlido Procurment Services,https://www.ictergezocht.nl/ict-bedrijven/8093-corlido-procurment-services/
901,Cornelis Vrolijk,https://www.ictergezocht.nl/ict-bedrijven/8345-cornelis-vrolijk/
902,Cornelissen Techniek,https://www.ictergezocht.nl/ict-bedrijven/6120-cornelissen-techniek/
903,Corporate IP,https://www.ictergezocht.nl/ict-bedrijven/8559-corporate-ip/
904,Corporate IP,https://www.ictergezocht.nl/ict-bedrijven/9923-corporate-ip/
905,Cortegs,https://www.ictergezocht.nl/ict-bedrijven/9257-cortegs/
906,CoSo IT Services,https://www.ictergezocht.nl/ict-bedrijven/2825-coso-it-services/
907,Cost Engineering,https://www.ictergezocht.nl/ict-bedrijven/9494-cost-engineering/
908,CostPerform,https://www.ictergezocht.nl/ict-bedrijven/9394-costperform/
909,Cotap,https://www.ictergezocht.nl/ict-bedrijven/10708-cotap/
910,CowManager,https://www.ictergezocht.nl/ict-bedrijven/9604-cowmanager/
911,CPI Koninklijke Wohrmann,https://www.ictergezocht.nl/ict-bedrijven/5872-cpi-koninklijke-wohrmann/
912,CPL,https://www.ictergezocht.nl/ict-bedrijven/6036-cpl/
913,Cratos Group,https://www.ictergezocht.nl/ict-bedrijven/2364-cratos-group/
914,Crave Interactive,https://www.ictergezocht.nl/ict-bedrijven/8672-crave-interactive/
915,Cre8it,https://www.ictergezocht.nl/ict-bedrijven/4416-cre8it/
916,CreAim,https://www.ictergezocht.nl/ict-bedrijven/2357-creaim/
917,Creapolis Media,https://www.ictergezocht.nl/ict-bedrijven/3326-creapolis-media/
918,Creative ICT,https://www.ictergezocht.nl/ict-bedrijven/5809-creative-ict/
919,Creative iD,https://www.ictergezocht.nl/ict-bedrijven/48-creative-id/
920,Creative Media Art,https://www.ictergezocht.nl/ict-bedrijven/10-creative-media-art/
921,Creative Result Communication,https://www.ictergezocht.nl/ict-bedrijven/5273-creative-result-communication/
922,Creative-CT,https://www.ictergezocht.nl/ict-bedrijven/10666-creative-ct/
923,Credas Recruitment,https://www.ictergezocht.nl/ict-bedrijven/10482-credas-recruitment/
924,Credit Tools,https://www.ictergezocht.nl/ict-bedrijven/3418-credit-tools/
925,Crimsonwing Business Solutions,https://www.ictergezocht.nl/ict-bedrijven/4116-crimsonwing-business-solutions/
926,CRM Partners,https://www.ictergezocht.nl/ict-bedrijven/4451-crm-partners/
927,CROB,https://www.ictergezocht.nl/ict-bedrijven/9899-crob/
928,Crombeen Group of Companies,https://www.ictergezocht.nl/ict-bedrijven/9322-crombeen-group-of-companies/
929,Croonwolter&dros,https://www.ictergezocht.nl/ict-bedrijven/9311-croonwolterdros/
930,Cross Internet,https://www.ictergezocht.nl/ict-bedrijven/9784-cross-internet/
931,CrossBreeze,https://www.ictergezocht.nl/ict-bedrijven/9690-crossbreeze/
932,Crossyn Automotive,https://www.ictergezocht.nl/ict-bedrijven/8463-crossyn-automotive/
933,CRV,https://www.ictergezocht.nl/ict-bedrijven/10161-crv/
934,Crystal ICT,https://www.ictergezocht.nl/ict-bedrijven/10283-crystal-ict/
935,CSN Automatisering,https://www.ictergezocht.nl/ict-bedrijven/4621-csn-automatisering/
936,CSN Groep,https://www.ictergezocht.nl/ict-bedrijven/6002-csn-groep/
937,Ctrl,https://www.ictergezocht.nl/ict-bedrijven/9082-ctrl/
938,CTS IT,https://www.ictergezocht.nl/ict-bedrijven/10138-cts-it/
939,CTS IT,https://www.ictergezocht.nl/ict-bedrijven/9379-cts-it/
940,Cubesix,https://www.ictergezocht.nl/ict-bedrijven/10112-cubesix/
941,Cubic International Internet Services,https://www.ictergezocht.nl/ict-bedrijven/11-cubic-international-internet-services/
942,Cubics,https://www.ictergezocht.nl/ict-bedrijven/10524-cubics/
943,Cubics,https://www.ictergezocht.nl/ict-bedrijven/9406-cubics/
944,Cubics IT,https://www.ictergezocht.nl/ict-bedrijven/9896-cubics-it/
945,Cubiss,https://www.ictergezocht.nl/ict-bedrijven/281-cubiss/
946,CUMELA Nederland,https://www.ictergezocht.nl/ict-bedrijven/8200-cumela-nederland/
947,Cuna International,https://www.ictergezocht.nl/ict-bedrijven/4655-cuna-international/
948,Cupella Webservices,https://www.ictergezocht.nl/ict-bedrijven/4473-cupella-webservices/
949,CuraMare,https://www.ictergezocht.nl/ict-bedrijven/9924-curamare/
950,Curve Fever,https://www.ictergezocht.nl/ict-bedrijven/5372-curve-fever/
951,Custom Website,https://www.ictergezocht.nl/ict-bedrijven/786-custom-website/
952,CustomStaffing,https://www.ictergezocht.nl/ict-bedrijven/10265-customstaffing/
953,CWS-boca Nederland,https://www.ictergezocht.nl/ict-bedrijven/89-cws-boca-nederland/
954,CX Company,https://www.ictergezocht.nl/ict-bedrijven/8081-cx-company/
955,CY2 IT Services,https://www.ictergezocht.nl/ict-bedrijven/5684-cy2-it-services/
956,Cyberfusion,https://www.ictergezocht.nl/ict-bedrijven/10579-cyberfusion/
957,CyberNed Internet Services,https://www.ictergezocht.nl/ict-bedrijven/224-cyberned-internet-services/
958,CycleSoftware,https://www.ictergezocht.nl/ict-bedrijven/8020-cyclesoftware/
959,Cycling Service,https://www.ictergezocht.nl/ict-bedrijven/1387-cycling-service/
960,Cyklop Nederland,https://www.ictergezocht.nl/ict-bedrijven/9956-cyklop-nederland/
961,Cymatix,https://www.ictergezocht.nl/ict-bedrijven/8645-cymatix/
962,ICT bedrijven zoeken,https://www.ictergezocht.nl/ict-bedrijven/
963,ICT bedrijven zoeken,https://www.ictergezocht.nl/ict-bedrijven/
964,D&R Electronica Weesp,https://www.ictergezocht.nl/ict-bedrijven/3856-dr-electronica-weesp/
965,Daemen ICT,https://www.ictergezocht.nl/ict-bedrijven/8596-daemen-ict/
966,Daemen Networking ICT Solutions,https://www.ictergezocht.nl/ict-bedrijven/5819-daemen-networking-ict-solutions/
967,Daisycon,https://www.ictergezocht.nl/ict-bedrijven/8980-daisycon/
968,Daisycon,https://www.ictergezocht.nl/ict-bedrijven/8259-daisycon/
969,Daisycon,https://www.ictergezocht.nl/ict-bedrijven/5814-daisycon/
970,Damen Dredging Equipment,https://www.ictergezocht.nl/ict-bedrijven/467-damen-dredging-equipment/
971,DANS,https://www.ictergezocht.nl/ict-bedrijven/9802-dans/
972,Dare IT,https://www.ictergezocht.nl/ict-bedrijven/10607-dare-it/
973,Darwin IT-Professionals,https://www.ictergezocht.nl/ict-bedrijven/10181-darwin-it-professionals/
974,Darwin Recruitment,https://www.ictergezocht.nl/ict-bedrijven/9300-darwin-recruitment/
975,Data Analytics,https://www.ictergezocht.nl/ict-bedrijven/9906-data-analytics/
976,Data Drivers,https://www.ictergezocht.nl/ict-bedrijven/9042-data-drivers/
977,Data Electronic.nl,https://www.ictergezocht.nl/ict-bedrijven/5822-data-electronicnl/
978,Data eXcellence,https://www.ictergezocht.nl/ict-bedrijven/8943-data-excellence/
979,data group europe,https://www.ictergezocht.nl/ict-bedrijven/4911-data-group-europe/
980,Data Professionals,https://www.ictergezocht.nl/ict-bedrijven/10501-data-professionals/
981,Data-First,https://www.ictergezocht.nl/ict-bedrijven/9771-data-first/
982,Data4,https://www.ictergezocht.nl/ict-bedrijven/8101-data4/
983,Databarn Amsterdam,https://www.ictergezocht.nl/ict-bedrijven/10836-databarn-amsterdam/
984,datacenter nedzone,https://www.ictergezocht.nl/ict-bedrijven/5049-datacenter-nedzone/
985,DataCT,https://www.ictergezocht.nl/ict-bedrijven/5667-datact/
986,DatAction,https://www.ictergezocht.nl/ict-bedrijven/8353-dataction/
987,DataLand,https://www.ictergezocht.nl/ict-bedrijven/7926-dataland/
988,DataMirage,https://www.ictergezocht.nl/ict-bedrijven/4264-datamirage/
989,DATANEXT,https://www.ictergezocht.nl/ict-bedrijven/9914-datanext/
990,Datapool,https://www.ictergezocht.nl/ict-bedrijven/5322-datapool/
991,Datas Kantoor Kompleet,https://www.ictergezocht.nl/ict-bedrijven/5954-datas-kantoor-kompleet/
992,DataToppers,https://www.ictergezocht.nl/ict-bedrijven/9386-datatoppers/
993,Datawiresport,https://www.ictergezocht.nl/ict-bedrijven/5542-datawiresport/
994,Datlinq,https://www.ictergezocht.nl/ict-bedrijven/4662-datlinq/
995,Datto,https://www.ictergezocht.nl/ict-bedrijven/8622-datto/
996,Davigon s.r.o,https://www.ictergezocht.nl/ict-bedrijven/7630-davigon-sro/
997,DBAWORKS,https://www.ictergezocht.nl/ict-bedrijven/23-dbaworks/
998,DBKC ICT & Kantoor,https://www.ictergezocht.nl/ict-bedrijven/8722-dbkc-ict-kantoor/
999,DDC Europe,https://www.ictergezocht.nl/ict-bedrijven/5764-ddc-europe/
1000,DDES,https://www.ictergezocht.nl/ict-bedrijven/5633-ddes/
1001,DDInformatica Groep,https://www.ictergezocht.nl/ict-bedrijven/5678-ddinformatica-groep/
1002,DDL Diagnostic Laboratory,https://www.ictergezocht.nl/ict-bedrijven/7906-ddl-diagnostic-laboratory/
1003,DDVTech,https://www.ictergezocht.nl/ict-bedrijven/5852-ddvtech/
1004,De Backenders,https://www.ictergezocht.nl/ict-bedrijven/9770-de-backenders/
1005,De Bazaar,https://www.ictergezocht.nl/ict-bedrijven/10563-de-bazaar/
1006,De Blécourt Werving&advies,https://www.ictergezocht.nl/ict-bedrijven/144-de-blecourt-wervingadvies/
1007,De Boer Marine,https://www.ictergezocht.nl/ict-bedrijven/10868-de-boer-marine/
1008,de Boodschapper,https://www.ictergezocht.nl/ict-bedrijven/336-de-boodschapper/
1009,De Breed & Partners,https://www.ictergezocht.nl/ict-bedrijven/1774-de-breed-partners/
1010,De Burgemeesters,https://www.ictergezocht.nl/ict-bedrijven/10763-de-burgemeesters/
1011,De Carpentier-Mooren Groep,https://www.ictergezocht.nl/ict-bedrijven/10047-de-carpentier-mooren-groep/
1012,De Computerwacht,https://www.ictergezocht.nl/ict-bedrijven/8178-de-computerwacht/
1013,De Duurzame Oplossing,https://www.ictergezocht.nl/ict-bedrijven/10485-de-duurzame-oplossing/
1014,De Efteling,https://www.ictergezocht.nl/ict-bedrijven/5165-de-efteling/
1015,de franse kamer,https://www.ictergezocht.nl/ict-bedrijven/8082-de-franse-kamer/
1016,De Geschillencommissie,https://www.ictergezocht.nl/ict-bedrijven/10824-de-geschillencommissie/
1017,De Gier Engineering,https://www.ictergezocht.nl/ict-bedrijven/6042-de-gier-engineering/
1018,De Giessen Kantoorautomatisering,https://www.ictergezocht.nl/ict-bedrijven/3875-de-giessen-kantoorautomatisering/
1019,De Graaf Logistics,https://www.ictergezocht.nl/ict-bedrijven/9590-de-graaf-logistics/
1020,De Groot en Slot,https://www.ictergezocht.nl/ict-bedrijven/8716-de-groot-en-slot/
1021,De Groot en Visser,https://www.ictergezocht.nl/ict-bedrijven/4974-de-groot-en-visser/
1022,De Haagse Hogeschool,https://www.ictergezocht.nl/ict-bedrijven/2869-de-haagse-hogeschool/
1023,De Haan Minerale Oliën,https://www.ictergezocht.nl/ict-bedrijven/5873-de-haan-minerale-olien/
1024,De Hartekamp Groep,https://www.ictergezocht.nl/ict-bedrijven/9498-de-hartekamp-groep/
1025,de helden van QRC,https://www.ictergezocht.nl/ict-bedrijven/2224-de-helden-van-qrc/
1026,De Heren Van,https://www.ictergezocht.nl/ict-bedrijven/2715-de-heren-van/
1027,De Ictivity Groep,https://www.ictergezocht.nl/ict-bedrijven/10859-de-ictivity-groep/
1028,De IJsvogel Groep,https://www.ictergezocht.nl/ict-bedrijven/5570-de-ijsvogel-groep/
1029,De Jong Intra Vakanties,https://www.ictergezocht.nl/ict-bedrijven/769-de-jong-intra-vakanties/
1030,De Jong ITtalent,https://www.ictergezocht.nl/ict-bedrijven/222-de-jong-ittalent/
1031,De Jong Toptalent,https://www.ictergezocht.nl/ict-bedrijven/124-de-jong-toptalent/
1032,"De Koninklijke Bibliotheek (KB),",https://www.ictergezocht.nl/ict-bedrijven/49-de-koninklijke-bibliotheek-kb/
1033,De Krachtcentrale,https://www.ictergezocht.nl/ict-bedrijven/5090-de-krachtcentrale/
1034,De Mandemakers Groep,https://www.ictergezocht.nl/ict-bedrijven/4622-de-mandemakers-groep/
1035,De Mandemakers Groep,https://www.ictergezocht.nl/ict-bedrijven/10703-de-mandemakers-groep/
1036,De Meerlanden,https://www.ictergezocht.nl/ict-bedrijven/4964-de-meerlanden/
1037,De Monsters,https://www.ictergezocht.nl/ict-bedrijven/7613-de-monsters/
1038,De Nederlandsche Bank,https://www.ictergezocht.nl/ict-bedrijven/2968-de-nederlandsche-bank/
1039,De Nieuwe Zaak,https://www.ictergezocht.nl/ict-bedrijven/10476-de-nieuwe-zaak/
1040,De Overdracht,https://www.ictergezocht.nl/ict-bedrijven/4384-de-overdracht/
1041,De Raad Vastgoed,https://www.ictergezocht.nl/ict-bedrijven/10437-de-raad-vastgoed/
1042,De Rijnhoven,https://www.ictergezocht.nl/ict-bedrijven/8571-de-rijnhoven/
1043,De Rooy Internationaal Transportbedrijf  Eindhoven,https://www.ictergezocht.nl/ict-bedrijven/9020-de-rooy-internationaal-transportbedrijf-eindhoven/
1044,De Ruiter Network Company,https://www.ictergezocht.nl/ict-bedrijven/10326-de-ruiter-network-company/
1045,De Ruiter Network Company,https://www.ictergezocht.nl/ict-bedrijven/7586-de-ruiter-network-company/
1046,De schenker,https://www.ictergezocht.nl/ict-bedrijven/5972-de-schenker/
1047,De Schoor,https://www.ictergezocht.nl/ict-bedrijven/8679-de-schoor/
1048,De Sterke Merken,https://www.ictergezocht.nl/ict-bedrijven/4546-de-sterke-merken/
1049,De Toekomst van Brabant,https://www.ictergezocht.nl/ict-bedrijven/10182-de-toekomst-van-brabant/
1050,De Tuinen,https://www.ictergezocht.nl/ict-bedrijven/1018-de-tuinen/
1051,De Universiteitsbibliotheek Utrecht,https://www.ictergezocht.nl/ict-bedrijven/95-de-universiteitsbibliotheek-utrecht/
1052,De Vegetarische Slager,https://www.ictergezocht.nl/ict-bedrijven/7835-de-vegetarische-slager/
1053,De Veluwe Groep,https://www.ictergezocht.nl/ict-bedrijven/374-de-veluwe-groep/
1054,de Vereende,https://www.ictergezocht.nl/ict-bedrijven/10535-de-vereende/
1055,De Viske ICT,https://www.ictergezocht.nl/ict-bedrijven/5884-de-viske-ict/
1056,De Wereld van IKKI,https://www.ictergezocht.nl/ict-bedrijven/691-de-wereld-van-ikki/
1057,De Wever,https://www.ictergezocht.nl/ict-bedrijven/8004-de-wever/
1058,De Winter Logistics,https://www.ictergezocht.nl/ict-bedrijven/3946-de-winter-logistics/
1059,De Zijlen,https://www.ictergezocht.nl/ict-bedrijven/10359-de-zijlen/
1060,De Zijlen,https://www.ictergezocht.nl/ict-bedrijven/9646-de-zijlen/
1061,Deal.nl,https://www.ictergezocht.nl/ict-bedrijven/10337-dealnl/
1062,Declare,https://www.ictergezocht.nl/ict-bedrijven/604-declare/
1063,Decos Software Engineering,https://www.ictergezocht.nl/ict-bedrijven/8282-decos-software-engineering/
1064,Dedalus Healthcare,https://www.ictergezocht.nl/ict-bedrijven/10328-dedalus-healthcare/
1065,Dedimo,https://www.ictergezocht.nl/ict-bedrijven/8681-dedimo/
1066,Dedimo Central Staf,https://www.ictergezocht.nl/ict-bedrijven/9967-dedimo-central-staf/
1067,Dedimo Central Staff,https://www.ictergezocht.nl/ict-bedrijven/10755-dedimo-central-staff/
1068,Degosoft,https://www.ictergezocht.nl/ict-bedrijven/9620-degosoft/
1069,DeGroSolutions,https://www.ictergezocht.nl/ict-bedrijven/8425-degrosolutions/
1070,Dekkers Intermediair,https://www.ictergezocht.nl/ict-bedrijven/7798-dekkers-intermediair/
1071,Delcom International,https://www.ictergezocht.nl/ict-bedrijven/7817-delcom-international/
1072,Dell,https://www.ictergezocht.nl/ict-bedrijven/4092-dell/
1073,Deloitte,https://www.ictergezocht.nl/ict-bedrijven/8777-deloitte/
1074,Delphy,https://www.ictergezocht.nl/ict-bedrijven/9224-delphy/
1075,DELTA Energie,https://www.ictergezocht.nl/ict-bedrijven/10106-delta-energie/
1076,Delta Lloyd Groep,https://www.ictergezocht.nl/ict-bedrijven/456-delta-lloyd-groep/
1077,DeltaZuid,https://www.ictergezocht.nl/ict-bedrijven/4712-deltazuid/
1078,Deltec Software,https://www.ictergezocht.nl/ict-bedrijven/5365-deltec-software/
1079,Demah Detachering & Performance,https://www.ictergezocht.nl/ict-bedrijven/625-demah-detachering-performance/
1080,Demah Detachering en Performance,https://www.ictergezocht.nl/ict-bedrijven/622-demah-detachering-en-performance/
1081,Demah detachering en performance,https://www.ictergezocht.nl/ict-bedrijven/624-demah-detachering-en-performance/
1082,DEMO Consultants,https://www.ictergezocht.nl/ict-bedrijven/4640-demo-consultants/
1083,Den Ouden,https://www.ictergezocht.nl/ict-bedrijven/10469-den-ouden/
1084,DenK werving & selectie,https://www.ictergezocht.nl/ict-bedrijven/9686-denk-werving-selectie/
1085,Dental Union,https://www.ictergezocht.nl/ict-bedrijven/9167-dental-union/
1086,DentalRules,https://www.ictergezocht.nl/ict-bedrijven/9428-dentalrules/
1087,Derks Computers en Electronica,https://www.ictergezocht.nl/ict-bedrijven/8754-derks-computers-en-electronica/
1088,Desareh Recruitment,https://www.ictergezocht.nl/ict-bedrijven/9794-desareh-recruitment/
1089,Design Bridge,https://www.ictergezocht.nl/ict-bedrijven/4715-design-bridge/
1090,Design8,https://www.ictergezocht.nl/ict-bedrijven/10200-design8/
1091,Destion,https://www.ictergezocht.nl/ict-bedrijven/9833-destion/
1092,deSTUDENT,https://www.ictergezocht.nl/ict-bedrijven/7851-destudent/
1093,DETABANK Detachering,https://www.ictergezocht.nl/ict-bedrijven/5147-detabank-detachering/
1094,Detachering Nederland,https://www.ictergezocht.nl/ict-bedrijven/295-detachering-nederland/
1095,Detailresult Services,https://www.ictergezocht.nl/ict-bedrijven/3761-detailresult-services/
1096,Detron,https://www.ictergezocht.nl/ict-bedrijven/8884-detron/
1097,Deutsche Internationale Schule Den Haag,https://www.ictergezocht.nl/ict-bedrijven/10910-deutsche-internationale-schule-den-haag/
1098,Developers.nl,https://www.ictergezocht.nl/ict-bedrijven/8472-developersnl/
1099,Develto,https://www.ictergezocht.nl/ict-bedrijven/10084-develto/
1100,DevMob,https://www.ictergezocht.nl/ict-bedrijven/6090-devmob/
1101,DevRecruitment,https://www.ictergezocht.nl/ict-bedrijven/6033-devrecruitment/
1102,Dewi Software,https://www.ictergezocht.nl/ict-bedrijven/7648-dewi-software/
1103,Dexton ICT Intelligence,https://www.ictergezocht.nl/ict-bedrijven/637-dexton-ict-intelligence/
1104,DGB,https://www.ictergezocht.nl/ict-bedrijven/62-dgb/
1105,DGMR Software,https://www.ictergezocht.nl/ict-bedrijven/5084-dgmr-software/
1106,DGN Publishers,https://www.ictergezocht.nl/ict-bedrijven/24-dgn-publishers/
1107,DHS Informatisering,https://www.ictergezocht.nl/ict-bedrijven/6174-dhs-informatisering/
1108,DI-VISION CONSULTING,https://www.ictergezocht.nl/ict-bedrijven/9453-di-vision-consulting/
1109,Diagnosas,https://www.ictergezocht.nl/ict-bedrijven/10057-diagnosas/
1110,Dialog Groep,https://www.ictergezocht.nl/ict-bedrijven/9669-dialog-groep/
1111,Diasoft,https://www.ictergezocht.nl/ict-bedrijven/4918-diasoft/
1112,Dichterbij,https://www.ictergezocht.nl/ict-bedrijven/4300-dichterbij/
1113,Dichterbij tav Crediteurenadministratie,https://www.ictergezocht.nl/ict-bedrijven/9342-dichterbij-tav-crediteurenadministratie/
1114,DicoLab,https://www.ictergezocht.nl/ict-bedrijven/4146-dicolab/
1115,Dicoon,https://www.ictergezocht.nl/ict-bedrijven/10681-dicoon/
1116,Didata Automatisering / Dimerce,https://www.ictergezocht.nl/ict-bedrijven/9143-didata-automatisering-dimerce/
1117,Diemen & Van Gestel Select,https://www.ictergezocht.nl/ict-bedrijven/10321-diemen-van-gestel-select/
1118,Dienst Dommelvallei,https://www.ictergezocht.nl/ict-bedrijven/10532-dienst-dommelvallei/
1119,Dienst Dommelvallei,https://www.ictergezocht.nl/ict-bedrijven/9910-dienst-dommelvallei/
1120,Dienst Justitiële Inrichtingen (DJI),https://www.ictergezocht.nl/ict-bedrijven/27-dienst-justitiele-inrichtingen-dji/
1121,Dienstenorganisatie Protestantse Kerk,https://www.ictergezocht.nl/ict-bedrijven/9930-dienstenorganisatie-protestantse-kerk/
1122,Dierenbescherming,https://www.ictergezocht.nl/ict-bedrijven/2351-dierenbescherming/
1123,DieVision Operations,https://www.ictergezocht.nl/ict-bedrijven/10541-dievision-operations/
1124,Digi Terra,https://www.ictergezocht.nl/ict-bedrijven/9542-digi-terra/
1125,Digidact,https://www.ictergezocht.nl/ict-bedrijven/6004-digidact/
1126,Digidentity,https://www.ictergezocht.nl/ict-bedrijven/5277-digidentity/
1127,Digisource,https://www.ictergezocht.nl/ict-bedrijven/8807-digisource/
1128,DigiStaff,https://www.ictergezocht.nl/ict-bedrijven/8389-digistaff/
1129,Digital Media Centre (DMC),https://www.ictergezocht.nl/ict-bedrijven/5521-digital-media-centre-dmc/
1130,Digital Natives,https://www.ictergezocht.nl/ict-bedrijven/9927-digital-natives/
1131,Digital Revolution,https://www.ictergezocht.nl/ict-bedrijven/10887-digital-revolution/
1132,Digitalis Rx,https://www.ictergezocht.nl/ict-bedrijven/478-digitalis-rx/
1133,Digitalization,https://www.ictergezocht.nl/ict-bedrijven/130-digitalization/
1134,Digivotion,https://www.ictergezocht.nl/ict-bedrijven/9301-digivotion/
1135,Digiwyse,https://www.ictergezocht.nl/ict-bedrijven/7852-digiwyse/
1136,Digizijn ICT & Web,https://www.ictergezocht.nl/ict-bedrijven/8862-digizijn-ict-web/
1137,Dignis,https://www.ictergezocht.nl/ict-bedrijven/10528-dignis/
1138,Diks Verzekeringen,https://www.ictergezocht.nl/ict-bedrijven/7784-diks-verzekeringen/
1139,Dille & Kamille,https://www.ictergezocht.nl/ict-bedrijven/8601-dille-kamille/
1140,Dimenza,https://www.ictergezocht.nl/ict-bedrijven/5108-dimenza/
1141,DiningCity,https://www.ictergezocht.nl/ict-bedrijven/5173-diningcity/
1142,Dionar,https://www.ictergezocht.nl/ict-bedrijven/6063-dionar/
1143,Direct ICT,https://www.ictergezocht.nl/ict-bedrijven/7631-direct-ict/
1144,Direct-effect e-business,https://www.ictergezocht.nl/ict-bedrijven/5068-direct-effect-e-business/
1145,Dirict,https://www.ictergezocht.nl/ict-bedrijven/5516-dirict/
1146,Dirkzwager advocaten & notarissen,https://www.ictergezocht.nl/ict-bedrijven/3486-dirkzwager-advocaten-notarissen/
1147,Dirkzwager legal & tax,https://www.ictergezocht.nl/ict-bedrijven/6201-dirkzwager-legal-tax/
1148,DiscTec Automatiseringsservices,https://www.ictergezocht.nl/ict-bedrijven/7946-disctec-automatiseringsservices/
1149,Distri Data,https://www.ictergezocht.nl/ict-bedrijven/5894-distri-data/
1150,DIT is beveiligen,https://www.ictergezocht.nl/ict-bedrijven/8262-dit-is-beveiligen/
1151,DiVa - Digital Value,https://www.ictergezocht.nl/ict-bedrijven/4492-diva-digital-value/
1152,DiVault,https://www.ictergezocht.nl/ict-bedrijven/5470-divault/
1153,Division IT,https://www.ictergezocht.nl/ict-bedrijven/8517-division-it/
1154,Dixys,https://www.ictergezocht.nl/ict-bedrijven/1755-dixys/
1155,DJ Monitor,https://www.ictergezocht.nl/ict-bedrijven/9716-dj-monitor/
1156,DLA ICT,https://www.ictergezocht.nl/ict-bedrijven/10062-dla-ict/
1157,DM Productions,https://www.ictergezocht.nl/ict-bedrijven/5949-dm-productions/
1158,DMA Institute,https://www.ictergezocht.nl/ict-bedrijven/6171-dma-institute/
1159,DMO/JIVC/APH,https://www.ictergezocht.nl/ict-bedrijven/8366-dmo-jivc-aph/
1160,DO-IT,https://www.ictergezocht.nl/ict-bedrijven/7616-do-it/
1161,DO-IT Automatisering,https://www.ictergezocht.nl/ict-bedrijven/8994-do-it-automatisering/
1162,docdata fulfilment,https://www.ictergezocht.nl/ict-bedrijven/4566-docdata-fulfilment/
1163,Docdata Payments,https://www.ictergezocht.nl/ict-bedrijven/4635-docdata-payments/
1164,Dock15,https://www.ictergezocht.nl/ict-bedrijven/5874-dock15/
1165,Dockbite,https://www.ictergezocht.nl/ict-bedrijven/2069-dockbite/
1166,Docklink,https://www.ictergezocht.nl/ict-bedrijven/4803-docklink/
1167,Doclogic,https://www.ictergezocht.nl/ict-bedrijven/877-doclogic/
1168,DocMaster,https://www.ictergezocht.nl/ict-bedrijven/4104-docmaster/
1169,DocYard GmbH,https://www.ictergezocht.nl/ict-bedrijven/6082-docyard-gmbh/
1170,Doedijns International,https://www.ictergezocht.nl/ict-bedrijven/3819-doedijns-international/
1171,Doesburg.biz,https://www.ictergezocht.nl/ict-bedrijven/10475-doesburgbiz/
1172,DOKLAB,https://www.ictergezocht.nl/ict-bedrijven/4619-doklab/
1173,Domedia International - www.waarbenjij.nu,https://www.ictergezocht.nl/ict-bedrijven/265-domedia-international-wwwwaarbenjijnu/
1174,Domeinbalie.nl,https://www.ictergezocht.nl/ict-bedrijven/5975-domeinbalienl/
1175,Donker Groep,https://www.ictergezocht.nl/ict-bedrijven/10753-donker-groep/
1176,Donker groep,https://www.ictergezocht.nl/ict-bedrijven/9709-donker-groep/
1177,Doorn Automatisering,https://www.ictergezocht.nl/ict-bedrijven/10743-doorn-automatisering/
1178,DotControl Digital Creatives,https://www.ictergezocht.nl/ict-bedrijven/5303-dotcontrol-digital-creatives/
1179,Dots & Arrows,https://www.ictergezocht.nl/ict-bedrijven/9876-dots-arrows/
1180,dotx control solutions,https://www.ictergezocht.nl/ict-bedrijven/9928-dotx-control-solutions/
1181,Double Media,https://www.ictergezocht.nl/ict-bedrijven/5619-double-media/
1182,DoubleRs,https://www.ictergezocht.nl/ict-bedrijven/5719-doublers/
1183,Dowell Holding (Netherlands),https://www.ictergezocht.nl/ict-bedrijven/10664-dowell-holding-netherlands/
1184,Dowell Holding (Netherlands),https://www.ictergezocht.nl/ict-bedrijven/10671-dowell-holding-netherlands/
1185,Doxa ICT,https://www.ictergezocht.nl/ict-bedrijven/4190-doxa-ict/
1186,Doxx,https://www.ictergezocht.nl/ict-bedrijven/4868-doxx/
1187,Doxx,https://www.ictergezocht.nl/ict-bedrijven/10847-doxx/
1188,DPA Online Marketing,https://www.ictergezocht.nl/ict-bedrijven/5199-dpa-online-marketing/
1189,DPA Professionals,https://www.ictergezocht.nl/ict-bedrijven/9137-dpa-professionals/
1190,DPD Nederland,https://www.ictergezocht.nl/ict-bedrijven/10584-dpd-nederland/
1191,DQ&A Group,https://www.ictergezocht.nl/ict-bedrijven/9059-dqa-group/
1192,Dr. Leo Kannerhuis,https://www.ictergezocht.nl/ict-bedrijven/4739-dr-leo-kannerhuis/
1193,Dr. Reddy’s Laboratories,https://www.ictergezocht.nl/ict-bedrijven/8673-dr-reddys-laboratories/
1194,Dräger Nederland,https://www.ictergezocht.nl/ict-bedrijven/5591-drager-nederland/
1195,Drake & Farrell,https://www.ictergezocht.nl/ict-bedrijven/9521-drake-farrell/
1196,Dream IT,https://www.ictergezocht.nl/ict-bedrijven/8064-dream-it/
1197,Dreamsolution,https://www.ictergezocht.nl/ict-bedrijven/4207-dreamsolution/
1198,Drecomm,https://www.ictergezocht.nl/ict-bedrijven/5044-drecomm/
1199,Drie-O Automatisering,https://www.ictergezocht.nl/ict-bedrijven/8041-drie-o-automatisering/
1200,Driebit,https://www.ictergezocht.nl/ict-bedrijven/5167-driebit/
1201,Driving the Vortex,https://www.ictergezocht.nl/ict-bedrijven/5920-driving-the-vortex/
1202,Dronkers Holding,https://www.ictergezocht.nl/ict-bedrijven/10903-dronkers-holding/
1203,Drukwerkdeal.nl,https://www.ictergezocht.nl/ict-bedrijven/7640-drukwerkdealnl/
1204,DSG,https://www.ictergezocht.nl/ict-bedrijven/10663-dsg/
1205,DSTNY,https://www.ictergezocht.nl/ict-bedrijven/10396-dstny/
1206,DT.CO,https://www.ictergezocht.nl/ict-bedrijven/5288-dtco/
1207,DTD ICT Services,https://www.ictergezocht.nl/ict-bedrijven/10395-dtd-ict-services/
1208,Dual Inventive,https://www.ictergezocht.nl/ict-bedrijven/10829-dual-inventive/
1209,Dulimex,https://www.ictergezocht.nl/ict-bedrijven/5063-dulimex/
1210,Dümmen Orange,https://www.ictergezocht.nl/ict-bedrijven/7755-dummen-orange/
1211,Dunamare,https://www.ictergezocht.nl/ict-bedrijven/10233-dunamare/
1212,Dune Foster,https://www.ictergezocht.nl/ict-bedrijven/6212-dune-foster/
1213,dunico.,https://www.ictergezocht.nl/ict-bedrijven/6146-dunico/
1214,Dunique,https://www.ictergezocht.nl/ict-bedrijven/9136-dunique/
1215,Duracom,https://www.ictergezocht.nl/ict-bedrijven/5225-duracom/
1216,Dutch Data Resources,https://www.ictergezocht.nl/ict-bedrijven/57-dutch-data-resources/
1217,Dutch Flower Group,https://www.ictergezocht.nl/ict-bedrijven/9405-dutch-flower-group/
1218,Dutch Green Building Council,https://www.ictergezocht.nl/ict-bedrijven/5139-dutch-green-building-council/
1219,Dutch Grill Specialties,https://www.ictergezocht.nl/ict-bedrijven/9015-dutch-grill-specialties/
1220,Dutch Open Projects,https://www.ictergezocht.nl/ict-bedrijven/4425-dutch-open-projects/
1221,Dutch work,https://www.ictergezocht.nl/ict-bedrijven/5518-dutch-work/
1222,Dutchworld IT Solutions,https://www.ictergezocht.nl/ict-bedrijven/5382-dutchworld-it-solutions/
1223,Dutchwyse,https://www.ictergezocht.nl/ict-bedrijven/9446-dutchwyse/
1224,Duurzaamheid Werkt,https://www.ictergezocht.nl/ict-bedrijven/4882-duurzaamheid-werkt/
1225,DUVAK,https://www.ictergezocht.nl/ict-bedrijven/6019-duvak/
1226,Duynie Holding,https://www.ictergezocht.nl/ict-bedrijven/8551-duynie-holding/
1227,Dvotion,https://www.ictergezocht.nl/ict-bedrijven/129-dvotion/
1228,Dyflexis,https://www.ictergezocht.nl/ict-bedrijven/9501-dyflexis/
1229,Dynamic Web Marketing,https://www.ictergezocht.nl/ict-bedrijven/8506-dynamic-web-marketing/
1230,Dynamica Advies,https://www.ictergezocht.nl/ict-bedrijven/970-dynamica-advies/
1231,Dynamo,https://www.ictergezocht.nl/ict-bedrijven/7605-dynamo/
1232,Dyss Media Concepts,https://www.ictergezocht.nl/ict-bedrijven/5657-dyss-media-concepts/
1233,ICT bedrijven zoeken,https://www.ictergezocht.nl/ict-bedrijven/
1234,ICT bedrijven zoeken,https://www.ictergezocht.nl/ict-bedrijven/
1235,e-Artisans,https://www.ictergezocht.nl/ict-bedrijven/8844-e-artisans/
1236,E-Care Repair Services,https://www.ictergezocht.nl/ict-bedrijven/248-e-care-repair-services/
1237,E-Golf4U,https://www.ictergezocht.nl/ict-bedrijven/641-e-golf4u/
1238,e-Loo,https://www.ictergezocht.nl/ict-bedrijven/8340-e-loo/
1239,E-mergo,https://www.ictergezocht.nl/ict-bedrijven/10329-e-mergo/
1240,E-office,https://www.ictergezocht.nl/ict-bedrijven/10556-e-office/
1241,e-Quest,https://www.ictergezocht.nl/ict-bedrijven/9149-e-quest/
1242,e-Rank,https://www.ictergezocht.nl/ict-bedrijven/393-e-rank/
1243,E-SS,https://www.ictergezocht.nl/ict-bedrijven/5149-e-ss/
1244,E-WEBS,https://www.ictergezocht.nl/ict-bedrijven/184-e-webs/
1245,E-WISE,https://www.ictergezocht.nl/ict-bedrijven/4162-e-wise/
1246,E. van Wijk Logistics,https://www.ictergezocht.nl/ict-bedrijven/9128-e-van-wijk-logistics/
1247,E.Novation,https://www.ictergezocht.nl/ict-bedrijven/1088-enovation/
1248,E.R.N. Software,https://www.ictergezocht.nl/ict-bedrijven/9100-ern-software/
1249,E.R.N. Solutions,https://www.ictergezocht.nl/ict-bedrijven/6176-ern-solutions/
1250,E2Ma Consumer Profiling,https://www.ictergezocht.nl/ict-bedrijven/463-e2ma-consumer-profiling/
1251,EAGE,https://www.ictergezocht.nl/ict-bedrijven/4067-eage/
1252,Eagerly,https://www.ictergezocht.nl/ict-bedrijven/9619-eagerly/
1253,Eagle Eye Networks,https://www.ictergezocht.nl/ict-bedrijven/9435-eagle-eye-networks/
1254,EAI Experts,https://www.ictergezocht.nl/ict-bedrijven/1158-eai-experts/
1255,Eastbridge,https://www.ictergezocht.nl/ict-bedrijven/9093-eastbridge/
1256,Easy LMS,https://www.ictergezocht.nl/ict-bedrijven/10245-easy-lms/
1257,Easy Services,https://www.ictergezocht.nl/ict-bedrijven/5253-easy-services/
1258,Easyapps,https://www.ictergezocht.nl/ict-bedrijven/2276-easyapps/
1259,Easyflex Software,https://www.ictergezocht.nl/ict-bedrijven/4683-easyflex-software/
1260,easyPOS software,https://www.ictergezocht.nl/ict-bedrijven/5283-easypos-software/
1261,Easytel,https://www.ictergezocht.nl/ict-bedrijven/2339-easytel/
1262,eBased,https://www.ictergezocht.nl/ict-bedrijven/5701-ebased/
1263,Ebicus,https://www.ictergezocht.nl/ict-bedrijven/10103-ebicus/
1264,EBO van Weel,https://www.ictergezocht.nl/ict-bedrijven/8772-ebo-van-weel/
1265,Eboost Interactive,https://www.ictergezocht.nl/ict-bedrijven/447-eboost-interactive/
1266,eBusters,https://www.ictergezocht.nl/ict-bedrijven/426-ebusters/
1267,ECEAT,https://www.ictergezocht.nl/ict-bedrijven/4500-eceat/
1268,ECI Software Solutions,https://www.ictergezocht.nl/ict-bedrijven/4444-eci-software-solutions/
1269,ECI Software Solutions Nederland,https://www.ictergezocht.nl/ict-bedrijven/9225-eci-software-solutions-nederland/
1270,ECI Software Solutions Nederland,https://www.ictergezocht.nl/ict-bedrijven/10789-eci-software-solutions-nederland/
1271,eClicker Venray,https://www.ictergezocht.nl/ict-bedrijven/10282-eclicker-venray/
1272,ECMsolutions,https://www.ictergezocht.nl/ict-bedrijven/8079-ecmsolutions/
1273,Ecommany,https://www.ictergezocht.nl/ict-bedrijven/4625-ecommany/
1274,Ecomvideo,https://www.ictergezocht.nl/ict-bedrijven/9963-ecomvideo/
1275,ECORYS Nederland,https://www.ictergezocht.nl/ict-bedrijven/1849-ecorys-nederland/
1276,ECW Netwerk,https://www.ictergezocht.nl/ict-bedrijven/10600-ecw-netwerk/
1277,EDG Media,https://www.ictergezocht.nl/ict-bedrijven/5111-edg-media/
1278,eDifference Magento ecommerce,https://www.ictergezocht.nl/ict-bedrijven/10514-edifference-magento-ecommerce/
1279,eDifference Magento ecommerce,https://www.ictergezocht.nl/ict-bedrijven/4851-edifference-magento-ecommerce/
1280,EDM,https://www.ictergezocht.nl/ict-bedrijven/5905-edm/
1281,Educruitment,https://www.ictergezocht.nl/ict-bedrijven/211-educruitment/
1282,Edufax,https://www.ictergezocht.nl/ict-bedrijven/10089-edufax/
1283,Edufax,https://www.ictergezocht.nl/ict-bedrijven/9211-edufax/
1284,Eduvision,https://www.ictergezocht.nl/ict-bedrijven/819-eduvision/
1285,Eduvision,https://www.ictergezocht.nl/ict-bedrijven/177-eduvision/
1286,EF2,https://www.ictergezocht.nl/ict-bedrijven/3773-ef2/
1287,efactuurdirect,https://www.ictergezocht.nl/ict-bedrijven/5648-efactuurdirect/
1288,Effectus-HR,https://www.ictergezocht.nl/ict-bedrijven/5527-effectus-hr/
1289,Effice,https://www.ictergezocht.nl/ict-bedrijven/4085-effice/
1290,Efficy Nederland,https://www.ictergezocht.nl/ict-bedrijven/4383-efficy-nederland/
1291,Egency,https://www.ictergezocht.nl/ict-bedrijven/104-egency/
1292,Egency,https://www.ictergezocht.nl/ict-bedrijven/9694-egency/
1293,Egon Zehnder International,https://www.ictergezocht.nl/ict-bedrijven/4459-egon-zehnder-international/
1294,EHV Talent,https://www.ictergezocht.nl/ict-bedrijven/8523-ehv-talent/
1295,Eiffel,https://www.ictergezocht.nl/ict-bedrijven/59-eiffel/
1296,Eigen & Wijze,https://www.ictergezocht.nl/ict-bedrijven/9653-eigen-wijze/
1297,EigenSteil,https://www.ictergezocht.nl/ict-bedrijven/3874-eigensteil/
1298,Eijsink,https://www.ictergezocht.nl/ict-bedrijven/5156-eijsink/
1299,Eindhoven Airport,https://www.ictergezocht.nl/ict-bedrijven/6039-eindhoven-airport/
1300,Eisma Businessmedia,https://www.ictergezocht.nl/ict-bedrijven/9113-eisma-businessmedia/
1301,EK-Media,https://www.ictergezocht.nl/ict-bedrijven/5599-ek-media/
1302,El Niño,https://www.ictergezocht.nl/ict-bedrijven/4321-el-nino/
1303,eLabNext,https://www.ictergezocht.nl/ict-bedrijven/10354-elabnext/
1304,Elastique,https://www.ictergezocht.nl/ict-bedrijven/9749-elastique/
1305,Elastique,https://www.ictergezocht.nl/ict-bedrijven/4412-elastique/
1306,Elbersen Automatisering,https://www.ictergezocht.nl/ict-bedrijven/3905-elbersen-automatisering/
1307,Elbo Technology.,https://www.ictergezocht.nl/ict-bedrijven/10253-elbo-technology/
1308,Elcee Group,https://www.ictergezocht.nl/ict-bedrijven/8473-elcee-group/
1309,Electronic Arts Inc.,https://www.ictergezocht.nl/ict-bedrijven/2827-electronic-arts-inc/
1310,Elephant Creative Studio,https://www.ictergezocht.nl/ict-bedrijven/4056-elephant-creative-studio/
1311,ELEQT,https://www.ictergezocht.nl/ict-bedrijven/4673-eleqt/
1312,Eleven,https://www.ictergezocht.nl/ict-bedrijven/10402-eleven/
1313,Elisabeth-TweeSteden ziekenhuis,https://www.ictergezocht.nl/ict-bedrijven/5589-elisabeth-tweesteden-ziekenhuis/
1314,Elkerliek ziekenhuis,https://www.ictergezocht.nl/ict-bedrijven/4659-elkerliek-ziekenhuis/
1315,Elver,https://www.ictergezocht.nl/ict-bedrijven/10259-elver/
1316,Emco-Groep,https://www.ictergezocht.nl/ict-bedrijven/9821-emco-groep/
1317,Emeni,https://www.ictergezocht.nl/ict-bedrijven/8796-emeni/
1318,Emma Solutions,https://www.ictergezocht.nl/ict-bedrijven/5864-emma-solutions/
1319,Emmia,https://www.ictergezocht.nl/ict-bedrijven/8307-emmia/
1320,Empirion,https://www.ictergezocht.nl/ict-bedrijven/657-empirion/
1321,Emprovement- No nonsense werving en selectie,https://www.ictergezocht.nl/ict-bedrijven/4461-emprovement-no-nonsense-werving-en-selectie/
1322,EMS Dashboard,https://www.ictergezocht.nl/ict-bedrijven/9616-ems-dashboard/
1323,EN HR solutions,https://www.ictergezocht.nl/ict-bedrijven/6098-en-hr-solutions/
1324,Encaps,https://www.ictergezocht.nl/ict-bedrijven/8566-encaps/
1325,Endless webdesign,https://www.ictergezocht.nl/ict-bedrijven/5278-endless-webdesign/
1326,Endon Nederland,https://www.ictergezocht.nl/ict-bedrijven/1233-endon-nederland/
1327,Energie Data Services Nederland,https://www.ictergezocht.nl/ict-bedrijven/10045-energie-data-services-nederland/
1328,Energie in Huis,https://www.ictergezocht.nl/ict-bedrijven/8174-energie-in-huis/
1329,Enilno,https://www.ictergezocht.nl/ict-bedrijven/240-enilno/
1330,ENK Software,https://www.ictergezocht.nl/ict-bedrijven/6113-enk-software/
1331,ENOVATION,https://www.ictergezocht.nl/ict-bedrijven/9689-enovation/
1332,ENRA verzekeringen,https://www.ictergezocht.nl/ict-bedrijven/5233-enra-verzekeringen/
1333,Enres International,https://www.ictergezocht.nl/ict-bedrijven/5031-enres-international/
1334,Enrichment Technology Nederland,https://www.ictergezocht.nl/ict-bedrijven/10054-enrichment-technology-nederland/
1335,Entegrations,https://www.ictergezocht.nl/ict-bedrijven/644-entegrations/
1336,Enthoven Techniek,https://www.ictergezocht.nl/ict-bedrijven/5159-enthoven-techniek/
1337,Enviu,https://www.ictergezocht.nl/ict-bedrijven/842-enviu/
1338,Enzosystems,https://www.ictergezocht.nl/ict-bedrijven/9776-enzosystems/
1339,EPAM Systems,https://www.ictergezocht.nl/ict-bedrijven/8392-epam-systems/
1340,EPD & ECD Consultancy,https://www.ictergezocht.nl/ict-bedrijven/5988-epd-ecd-consultancy/
1341,Epic Europe,https://www.ictergezocht.nl/ict-bedrijven/220-epic-europe/
1342,Eppix,https://www.ictergezocht.nl/ict-bedrijven/9943-eppix/
1343,Equippo AG,https://www.ictergezocht.nl/ict-bedrijven/9189-equippo-ag/
1344,Erasmus Universiteit ESE,https://www.ictergezocht.nl/ict-bedrijven/8238-erasmus-universiteit-ese/
1345,Erasmus Universiteit Rotterdam,https://www.ictergezocht.nl/ict-bedrijven/9877-erasmus-universiteit-rotterdam/
1346,eResults,https://www.ictergezocht.nl/ict-bedrijven/4430-eresults/
1347,Ergo2work,https://www.ictergezocht.nl/ict-bedrijven/2660-ergo2work/
1348,ERP|OPEN,https://www.ictergezocht.nl/ict-bedrijven/7655-erp-open/
1349,ERPMakelaar,https://www.ictergezocht.nl/ict-bedrijven/5380-erpmakelaar/
1350,ERS-ICT,https://www.ictergezocht.nl/ict-bedrijven/10567-ers-ict/
1351,Esas-Tech,https://www.ictergezocht.nl/ict-bedrijven/5517-esas-tech/
1352,ESB.TSB,https://www.ictergezocht.nl/ict-bedrijven/5811-esbtsb/
1353,Esdal College,https://www.ictergezocht.nl/ict-bedrijven/8465-esdal-college/
1354,Eshgro,https://www.ictergezocht.nl/ict-bedrijven/9633-eshgro/
1355,Eshgro,https://www.ictergezocht.nl/ict-bedrijven/8937-eshgro/
1356,Esize Netherlands,https://www.ictergezocht.nl/ict-bedrijven/8100-esize-netherlands/
1357,ESP Global Services,https://www.ictergezocht.nl/ict-bedrijven/8180-esp-global-services/
1358,eTeam Workforce,https://www.ictergezocht.nl/ict-bedrijven/9278-eteam-workforce/
1359,Eternal Sun,https://www.ictergezocht.nl/ict-bedrijven/7952-eternal-sun/
1360,Etopia,https://www.ictergezocht.nl/ict-bedrijven/3920-etopia/
1361,ETown Werving & Selectie,https://www.ictergezocht.nl/ict-bedrijven/3900-etown-werving-selectie/
1362,Etrias,https://www.ictergezocht.nl/ict-bedrijven/6124-etrias/
1363,ETTU,https://www.ictergezocht.nl/ict-bedrijven/137-ettu/
1364,Euphoria Software,https://www.ictergezocht.nl/ict-bedrijven/7979-euphoria-software/
1365,EUR-IT Sourcing,https://www.ictergezocht.nl/ict-bedrijven/8049-eur-it-sourcing/
1366,Eurailscout Inspection & Analysis,https://www.ictergezocht.nl/ict-bedrijven/3324-eurailscout-inspection-analysis/
1367,Euro Planit,https://www.ictergezocht.nl/ict-bedrijven/5449-euro-planit/
1368,EuroByte,https://www.ictergezocht.nl/ict-bedrijven/9961-eurobyte/
1369,Eurofins Cyber Security,https://www.ictergezocht.nl/ict-bedrijven/10135-eurofins-cyber-security/
1370,Eurofins Food,https://www.ictergezocht.nl/ict-bedrijven/552-eurofins-food/
1371,Eurofins Food Testing Netherlands,https://www.ictergezocht.nl/ict-bedrijven/4628-eurofins-food-testing-netherlands/
1372,Eurofins Medinet,https://www.ictergezocht.nl/ict-bedrijven/561-eurofins-medinet/
1373,Eurofins NMDL-LCPL,https://www.ictergezocht.nl/ict-bedrijven/8849-eurofins-nmdl-lcpl/
1374,Eurofins NSC Netherlands,https://www.ictergezocht.nl/ict-bedrijven/5390-eurofins-nsc-netherlands/
1375,Eurofinsmedinet,https://www.ictergezocht.nl/ict-bedrijven/3206-eurofinsmedinet/
1376,EuroRecruiters,https://www.ictergezocht.nl/ict-bedrijven/5004-eurorecruiters/
1377,Eurotrol,https://www.ictergezocht.nl/ict-bedrijven/2207-eurotrol/
1378,eValue8,https://www.ictergezocht.nl/ict-bedrijven/2811-evalue8/
1379,EVE compliancy solutions,https://www.ictergezocht.nl/ict-bedrijven/7667-eve-compliancy-solutions/
1380,Event Medical Service,https://www.ictergezocht.nl/ict-bedrijven/8038-event-medical-service/
1381,Eventis,https://www.ictergezocht.nl/ict-bedrijven/28-eventis/
1382,Events Travel,https://www.ictergezocht.nl/ict-bedrijven/8201-events-travel/
1383,Evernex IT Services Netherlands,https://www.ictergezocht.nl/ict-bedrijven/10273-evernex-it-services-netherlands/
1384,Every Angle,https://www.ictergezocht.nl/ict-bedrijven/8173-every-angle/
1385,Every Angle Software Solutions,https://www.ictergezocht.nl/ict-bedrijven/595-every-angle-software-solutions/
1386,Everybody Likes Penguins,https://www.ictergezocht.nl/ict-bedrijven/4314-everybody-likes-penguins/
1387,Evident Interactive,https://www.ictergezocht.nl/ict-bedrijven/518-evident-interactive/
1388,Evides Waterbedrijf,https://www.ictergezocht.nl/ict-bedrijven/6165-evides-waterbedrijf/
1389,Evite Services,https://www.ictergezocht.nl/ict-bedrijven/5298-evite-services/
1390,EVO,https://www.ictergezocht.nl/ict-bedrijven/4343-evo/
1391,Evoke,https://www.ictergezocht.nl/ict-bedrijven/9290-evoke/
1392,Exa-Omicron,https://www.ictergezocht.nl/ict-bedrijven/5125-exa-omicron/
1393,Exact,https://www.ictergezocht.nl/ict-bedrijven/9351-exact/
1394,Exact,https://www.ictergezocht.nl/ict-bedrijven/10187-exact/
1395,ExactHost Nederland,https://www.ictergezocht.nl/ict-bedrijven/3657-exacthost-nederland/
1396,Examenadviesburo,https://www.ictergezocht.nl/ict-bedrijven/9419-examenadviesburo/
1397,EXCIS COMPLIANCE LIMITED,https://www.ictergezocht.nl/ict-bedrijven/8164-excis-compliance-limited/
1398,Excis Compliance Ltd,https://www.ictergezocht.nl/ict-bedrijven/6105-excis-compliance-ltd/
1399,Excis Compliance Netherlands,https://www.ictergezocht.nl/ict-bedrijven/10416-excis-compliance-netherlands/
1400,Excis Compliance Netherlands,https://www.ictergezocht.nl/ict-bedrijven/8924-excis-compliance-netherlands/
1401,Executive Professionals,https://www.ictergezocht.nl/ict-bedrijven/10502-executive-professionals/
1402,Expand Online,https://www.ictergezocht.nl/ict-bedrijven/5623-expand-online/
1403,Experience IT NO Ned,https://www.ictergezocht.nl/ict-bedrijven/783-experience-it-no-ned/
1404,Experis,https://www.ictergezocht.nl/ict-bedrijven/2866-experis/
1405,Experis,https://www.ictergezocht.nl/ict-bedrijven/8070-experis/
1406,eXperIT,https://www.ictergezocht.nl/ict-bedrijven/10331-experit/
1407,Experlogix,https://www.ictergezocht.nl/ict-bedrijven/10053-experlogix/
1408,Expert Webdesign,https://www.ictergezocht.nl/ict-bedrijven/4526-expert-webdesign/
1409,expert-shops.com,https://www.ictergezocht.nl/ict-bedrijven/736-expert-shopscom/
1410,eXpertiese werving+selectie,https://www.ictergezocht.nl/ict-bedrijven/477-expertiese-werving-selectie/
1411,ExpertSelect,https://www.ictergezocht.nl/ict-bedrijven/14-expertselect/
1412,ExpertSwitch,https://www.ictergezocht.nl/ict-bedrijven/8604-expertswitch/
1413,Expresso Fashion,https://www.ictergezocht.nl/ict-bedrijven/7832-expresso-fashion/
1414,Extendas,https://www.ictergezocht.nl/ict-bedrijven/5270-extendas/
1415,Exterus,https://www.ictergezocht.nl/ict-bedrijven/8578-exterus/
1416,Extreme Media,https://www.ictergezocht.nl/ict-bedrijven/483-extreme-media/
1417,Exxellence Public,https://www.ictergezocht.nl/ict-bedrijven/5504-exxellence-public/
1418,EYECADEMY,https://www.ictergezocht.nl/ict-bedrijven/9740-eyecademy/
1419,Eyedevelop,https://www.ictergezocht.nl/ict-bedrijven/8356-eyedevelop/
1420,EyeFactory,https://www.ictergezocht.nl/ict-bedrijven/4727-eyefactory/
1421,EyeFinder,https://www.ictergezocht.nl/ict-bedrijven/8793-eyefinder/
1422,Eyeonim,https://www.ictergezocht.nl/ict-bedrijven/9434-eyeonim/
1423,EzGov Europe,https://www.ictergezocht.nl/ict-bedrijven/1373-ezgov-europe/
1424,ICT bedrijven zoeken,https://www.ictergezocht.nl/ict-bedrijven/
1425,ICT bedrijven zoeken,https://www.ictergezocht.nl/ict-bedrijven/
1426,F1 Solutions,https://www.ictergezocht.nl/ict-bedrijven/6224-f1-solutions/
1427,F2itBV,https://www.ictergezocht.nl/ict-bedrijven/8480-f2itbv/
1428,F5-Software,https://www.ictergezocht.nl/ict-bedrijven/1636-f5-software/
1429,Faam Werkt,https://www.ictergezocht.nl/ict-bedrijven/8598-faam-werkt/
1430,Fabrique,https://www.ictergezocht.nl/ict-bedrijven/9747-fabrique/
1431,Facet | verander je klanten in fans,https://www.ictergezocht.nl/ict-bedrijven/5560-facet-verander-je-klanten-in-fans/
1432,Factor IT,https://www.ictergezocht.nl/ict-bedrijven/9291-factor-it/
1433,Factory4web,https://www.ictergezocht.nl/ict-bedrijven/791-factory4web/
1434,Factos,https://www.ictergezocht.nl/ict-bedrijven/9261-factos/
1435,Fagron,https://www.ictergezocht.nl/ict-bedrijven/5499-fagron/
1436,Fair Wear Foundation,https://www.ictergezocht.nl/ict-bedrijven/8312-fair-wear-foundation/
1437,Fairtrade Original,https://www.ictergezocht.nl/ict-bedrijven/8316-fairtrade-original/
1438,Fan Factory,https://www.ictergezocht.nl/ict-bedrijven/10593-fan-factory/
1439,Fancit,https://www.ictergezocht.nl/ict-bedrijven/8169-fancit/
1440,Fargeau,https://www.ictergezocht.nl/ict-bedrijven/10172-fargeau/
1441,Farm Trans,https://www.ictergezocht.nl/ict-bedrijven/5664-farm-trans/
1442,FarmTrace,https://www.ictergezocht.nl/ict-bedrijven/10281-farmtrace/
1443,FarmTrade,https://www.ictergezocht.nl/ict-bedrijven/10260-farmtrade/
1444,fashioncheque nl,https://www.ictergezocht.nl/ict-bedrijven/5203-fashioncheque-nl/
1445,Fast Company,https://www.ictergezocht.nl/ict-bedrijven/156-fast-company/
1446,Fastfix ICT Support,https://www.ictergezocht.nl/ict-bedrijven/10269-fastfix-ict-support/
1447,Fastware,https://www.ictergezocht.nl/ict-bedrijven/9643-fastware/
1448,Fastware,https://www.ictergezocht.nl/ict-bedrijven/9181-fastware/
1449,Fectar,https://www.ictergezocht.nl/ict-bedrijven/9425-fectar/
1450,Feeddex,https://www.ictergezocht.nl/ict-bedrijven/5502-feeddex/
1451,Feka ICT,https://www.ictergezocht.nl/ict-bedrijven/10853-feka-ict/
1452,Felloo,https://www.ictergezocht.nl/ict-bedrijven/7800-felloo/
1453,Fellowmind,https://www.ictergezocht.nl/ict-bedrijven/4111-fellowmind/
1454,Fellowmind Netherlands,https://www.ictergezocht.nl/ict-bedrijven/10672-fellowmind-netherlands/
1455,Felton,https://www.ictergezocht.nl/ict-bedrijven/9184-felton/
1456,Fenestrae,https://www.ictergezocht.nl/ict-bedrijven/1023-fenestrae/
1457,Fenêtre Online Solutions,https://www.ictergezocht.nl/ict-bedrijven/8343-fenetre-online-solutions/
1458,Fidato,https://www.ictergezocht.nl/ict-bedrijven/8153-fidato/
1459,Fietsenwinkel.nl,https://www.ictergezocht.nl/ict-bedrijven/8062-fietsenwinkelnl/
1460,FIGO,https://www.ictergezocht.nl/ict-bedrijven/8193-figo/
1461,Finace,https://www.ictergezocht.nl/ict-bedrijven/995-finace/
1462,Finco Fuel Nederland,https://www.ictergezocht.nl/ict-bedrijven/8864-finco-fuel-nederland/
1463,Findwhere,https://www.ictergezocht.nl/ict-bedrijven/4213-findwhere/
1464,FINE,https://www.ictergezocht.nl/ict-bedrijven/10497-fine/
1465,Fineaid,https://www.ictergezocht.nl/ict-bedrijven/6071-fineaid/
1466,Finest People,https://www.ictergezocht.nl/ict-bedrijven/9919-finest-people/
1467,Finetic,https://www.ictergezocht.nl/ict-bedrijven/8487-finetic/
1468,Finetic - Internetbureau & Webdevelopment,https://www.ictergezocht.nl/ict-bedrijven/6159-finetic-internetbureau-webdevelopment/
1469,FIQAS Software,https://www.ictergezocht.nl/ict-bedrijven/6162-fiqas-software/
1470,FIQAS Software,https://www.ictergezocht.nl/ict-bedrijven/10862-fiqas-software/
1471,FirstFocus,https://www.ictergezocht.nl/ict-bedrijven/5228-firstfocus/
1472,FiSt Netherlands,https://www.ictergezocht.nl/ict-bedrijven/1086-fist-netherlands/
1473,FitForMe,https://www.ictergezocht.nl/ict-bedrijven/4830-fitforme/
1474,Fitland Groep,https://www.ictergezocht.nl/ict-bedrijven/7656-fitland-groep/
1475,Fiton,https://www.ictergezocht.nl/ict-bedrijven/8935-fiton/
1476,Fixami Nederland,https://www.ictergezocht.nl/ict-bedrijven/10308-fixami-nederland/
1477,FL Media,https://www.ictergezocht.nl/ict-bedrijven/207-fl-media/
1478,Flash Services,https://www.ictergezocht.nl/ict-bedrijven/4697-flash-services/
1479,Fleets-Online,https://www.ictergezocht.nl/ict-bedrijven/10035-fleets-online/
1480,Fleurop Interflora Nederland,https://www.ictergezocht.nl/ict-bedrijven/987-fleurop-interflora-nederland/
1481,Flevo ict,https://www.ictergezocht.nl/ict-bedrijven/8675-flevo-ict/
1482,Flevo netwerk Services,https://www.ictergezocht.nl/ict-bedrijven/2772-flevo-netwerk-services/
1483,Flex-Solutions,https://www.ictergezocht.nl/ict-bedrijven/576-flex-solutions/
1484,FlexFair Solutions,https://www.ictergezocht.nl/ict-bedrijven/914-flexfair-solutions/
1485,Flexibility,https://www.ictergezocht.nl/ict-bedrijven/4822-flexibility/
1486,Flexible Plus,https://www.ictergezocht.nl/ict-bedrijven/9489-flexible-plus/
1487,Flextronics Logistics,https://www.ictergezocht.nl/ict-bedrijven/101-flextronics-logistics/
1488,Flexvak,https://www.ictergezocht.nl/ict-bedrijven/10529-flexvak/
1489,Flexwebhosting,https://www.ictergezocht.nl/ict-bedrijven/5109-flexwebhosting/
1490,Flexxy,https://www.ictergezocht.nl/ict-bedrijven/10131-flexxy/
1491,Flinter Shared Services,https://www.ictergezocht.nl/ict-bedrijven/5075-flinter-shared-services/
1492,Flogs International,https://www.ictergezocht.nl/ict-bedrijven/4536-flogs-international/
1493,Floorganise,https://www.ictergezocht.nl/ict-bedrijven/10477-floorganise/
1494,Florijn Business Solutions,https://www.ictergezocht.nl/ict-bedrijven/326-florijn-business-solutions/
1495,Florismart,https://www.ictergezocht.nl/ict-bedrijven/6059-florismart/
1496,Florisoft,https://www.ictergezocht.nl/ict-bedrijven/10120-florisoft/
1497,Floro Webdevelopment,https://www.ictergezocht.nl/ict-bedrijven/4962-floro-webdevelopment/
1498,Flowgistics,https://www.ictergezocht.nl/ict-bedrijven/10756-flowgistics/
1499,Flyerman Drukwerk,https://www.ictergezocht.nl/ict-bedrijven/8686-flyerman-drukwerk/
1500,Flying Bytes Mobile (CleanJack),https://www.ictergezocht.nl/ict-bedrijven/8057-flying-bytes-mobile-cleanjack/
1501,FMA,https://www.ictergezocht.nl/ict-bedrijven/4051-fma/
1502,FMO Solutions,https://www.ictergezocht.nl/ict-bedrijven/10629-fmo-solutions/
1503,FOCUS Marketing Research,https://www.ictergezocht.nl/ict-bedrijven/10042-focus-marketing-research/
1504,Fondo ICT professionals,https://www.ictergezocht.nl/ict-bedrijven/1081-fondo-ict-professionals/
1505,Fonds voor Cultuurparticipatie,https://www.ictergezocht.nl/ict-bedrijven/9573-fonds-voor-cultuurparticipatie/
1506,Foneday Group,https://www.ictergezocht.nl/ict-bedrijven/9239-foneday-group/
1507,Food Connect Maaltijdservice,https://www.ictergezocht.nl/ict-bedrijven/2028-food-connect-maaltijdservice/
1508,Foodstep,https://www.ictergezocht.nl/ict-bedrijven/4560-foodstep/
1509,Foodticket,https://www.ictergezocht.nl/ict-bedrijven/5896-foodticket/
1510,Foppen Paling & Zalm,https://www.ictergezocht.nl/ict-bedrijven/2133-foppen-paling-zalm/
1511,For Each Consultancy,https://www.ictergezocht.nl/ict-bedrijven/61-for-each-consultancy/
1512,Forbo Flooring,https://www.ictergezocht.nl/ict-bedrijven/8965-forbo-flooring/
1513,Forcez,https://www.ictergezocht.nl/ict-bedrijven/110-forcez/
1514,Forcys IT,https://www.ictergezocht.nl/ict-bedrijven/8310-forcys-it/
1515,Forque Advisory Services NL,https://www.ictergezocht.nl/ict-bedrijven/8554-forque-advisory-services-nl/
1516,Fortiflex,https://www.ictergezocht.nl/ict-bedrijven/9574-fortiflex/
1517,Fortytwo Security,https://www.ictergezocht.nl/ict-bedrijven/9531-fortytwo-security/
1518,Forza IT Group,https://www.ictergezocht.nl/ict-bedrijven/9447-forza-it-group/
1519,FoundIM,https://www.ictergezocht.nl/ict-bedrijven/5366-foundim/
1520,Four IT,https://www.ictergezocht.nl/ict-bedrijven/10653-four-it/
1521,Four People,https://www.ictergezocht.nl/ict-bedrijven/63-four-people/
1522,fourdesign,https://www.ictergezocht.nl/ict-bedrijven/3135-fourdesign/
1523,Fourtop ICT,https://www.ictergezocht.nl/ict-bedrijven/10827-fourtop-ict/
1524,Fourtress,https://www.ictergezocht.nl/ict-bedrijven/749-fourtress/
1525,FPC De Rooyse Wissel,https://www.ictergezocht.nl/ict-bedrijven/4841-fpc-de-rooyse-wissel/
1526,FRABA,https://www.ictergezocht.nl/ict-bedrijven/7874-fraba/
1527,Franciscus Gasthuis & Vlietland,https://www.ictergezocht.nl/ict-bedrijven/10680-franciscus-gasthuis-vlietland/
1528,Frank Recruitment Group,https://www.ictergezocht.nl/ict-bedrijven/8168-frank-recruitment-group/
1529,Frankelandgroep,https://www.ictergezocht.nl/ict-bedrijven/10051-frankelandgroep/
1530,Free Record Shop,https://www.ictergezocht.nl/ict-bedrijven/103-free-record-shop/
1531,Freek Voorwinden Computertechniek,https://www.ictergezocht.nl/ict-bedrijven/5262-freek-voorwinden-computertechniek/
1532,Freelancer Select,https://www.ictergezocht.nl/ict-bedrijven/9615-freelancer-select/
1533,Freetime Company,https://www.ictergezocht.nl/ict-bedrijven/8196-freetime-company/
1534,Freez.it - uw ict afdeling,https://www.ictergezocht.nl/ict-bedrijven/5352-freezit-uw-ict-afdeling/
1535,FrehsPortal Solutions,https://www.ictergezocht.nl/ict-bedrijven/8481-frehsportal-solutions/
1536,Freightlive,https://www.ictergezocht.nl/ict-bedrijven/5164-freightlive/
1537,FremantleMedia Netherlands,https://www.ictergezocht.nl/ict-bedrijven/10728-fremantlemedia-netherlands/
1538,FreshConnections,https://www.ictergezocht.nl/ict-bedrijven/2701-freshconnections/
1539,Freshheads,https://www.ictergezocht.nl/ict-bedrijven/3-freshheads/
1540,Freshheads,https://www.ictergezocht.nl/ict-bedrijven/10880-freshheads/
1541,FreshPublishers,https://www.ictergezocht.nl/ict-bedrijven/9312-freshpublishers/
1542,Friederichs,https://www.ictergezocht.nl/ict-bedrijven/4319-friederichs/
1543,FRISS,https://www.ictergezocht.nl/ict-bedrijven/5198-friss/
1544,FRISSR,https://www.ictergezocht.nl/ict-bedrijven/6112-frissr/
1545,Fritom Holding,https://www.ictergezocht.nl/ict-bedrijven/6077-fritom-holding/
1546,FritsJurgens,https://www.ictergezocht.nl/ict-bedrijven/9365-fritsjurgens/
1547,Frog AGV Systems,https://www.ictergezocht.nl/ict-bedrijven/4005-frog-agv-systems/
1548,Frontier Computer Corp,https://www.ictergezocht.nl/ict-bedrijven/8313-frontier-computer-corp/
1549,Frontier Computer Corp,https://www.ictergezocht.nl/ict-bedrijven/6080-frontier-computer-corp/
1550,Frontix,https://www.ictergezocht.nl/ict-bedrijven/8606-frontix/
1551,FruitMasters Veiling,https://www.ictergezocht.nl/ict-bedrijven/10771-fruitmasters-veiling/
1552,FSB Nederland,https://www.ictergezocht.nl/ict-bedrijven/5500-fsb-nederland/
1553,FUJIFILM Europe,https://www.ictergezocht.nl/ict-bedrijven/8334-fujifilm-europe/
1554,Fundament All Media,https://www.ictergezocht.nl/ict-bedrijven/10632-fundament-all-media/
1555,FunktieMediair,https://www.ictergezocht.nl/ict-bedrijven/5019-funktiemediair/
1556,FutureWhiz Media,https://www.ictergezocht.nl/ict-bedrijven/2779-futurewhiz-media/
1557,FuturumShop,https://www.ictergezocht.nl/ict-bedrijven/10088-futurumshop/
1558,FXmedia,https://www.ictergezocht.nl/ict-bedrijven/5342-fxmedia/
1559,Fygi | hr en recruitment,https://www.ictergezocht.nl/ict-bedrijven/10488-fygi-hr-en-recruitment/
1560,FYGI Happy Recruiters,https://www.ictergezocht.nl/ict-bedrijven/8609-fygi-happy-recruiters/
1561,ICT bedrijven zoeken,https://www.ictergezocht.nl/ict-bedrijven/
1562,ICT bedrijven zoeken,https://www.ictergezocht.nl/ict-bedrijven/
1563,G4M,https://www.ictergezocht.nl/ict-bedrijven/7996-g4m/
1564,Gaaf,https://www.ictergezocht.nl/ict-bedrijven/7853-gaaf/
1565,GAC Business Solutions,https://www.ictergezocht.nl/ict-bedrijven/4508-gac-business-solutions/
1566,Gamebasics,https://www.ictergezocht.nl/ict-bedrijven/4587-gamebasics/
1567,Gameshop Twente,https://www.ictergezocht.nl/ict-bedrijven/4175-gameshop-twente/
1568,Gamgee Netherlands,https://www.ictergezocht.nl/ict-bedrijven/8127-gamgee-netherlands/
1569,Gate51,https://www.ictergezocht.nl/ict-bedrijven/9258-gate51/
1570,Gateway Software Services,https://www.ictergezocht.nl/ict-bedrijven/9734-gateway-software-services/
1571,GBRD (Gemeenschappelijke Belasting- en RegistratieDienst),https://www.ictergezocht.nl/ict-bedrijven/1404-gbrd-gemeenschappelijke-belasting-en-registratiedienst/
1572,GCM Consultancy,https://www.ictergezocht.nl/ict-bedrijven/771-gcm-consultancy/
1573,GDK Software,https://www.ictergezocht.nl/ict-bedrijven/7872-gdk-software/
1574,Gé Systems Nederland,https://www.ictergezocht.nl/ict-bedrijven/6020-ge-systems-nederland/
1575,Gebra Support,https://www.ictergezocht.nl/ict-bedrijven/5498-gebra-support/
1576,Geesinknorba,https://www.ictergezocht.nl/ict-bedrijven/5871-geesinknorba/
1577,Gemeente Amersfoort,https://www.ictergezocht.nl/ict-bedrijven/10394-gemeente-amersfoort/
1578,Gemeente Bergen op Zoom,https://www.ictergezocht.nl/ict-bedrijven/10730-gemeente-bergen-op-zoom/
1579,Gemeente Breda,https://www.ictergezocht.nl/ict-bedrijven/9448-gemeente-breda/
1580,gemeente De Ronde Venen,https://www.ictergezocht.nl/ict-bedrijven/10718-gemeente-de-ronde-venen/
1581,Gemeente Den Helder,https://www.ictergezocht.nl/ict-bedrijven/8873-gemeente-den-helder/
1582,Gemeente Deurne,https://www.ictergezocht.nl/ict-bedrijven/585-gemeente-deurne/
1583,Gemeente Gouda,https://www.ictergezocht.nl/ict-bedrijven/10495-gemeente-gouda/
1584,Gemeente Hengelo,https://www.ictergezocht.nl/ict-bedrijven/10105-gemeente-hengelo/
1585,Gemeente Hengelo,https://www.ictergezocht.nl/ict-bedrijven/10674-gemeente-hengelo/
1586,Gemeente Hilversum,https://www.ictergezocht.nl/ict-bedrijven/5508-gemeente-hilversum/
1587,Gemeente Hof van Twente,https://www.ictergezocht.nl/ict-bedrijven/10038-gemeente-hof-van-twente/
1588,Gemeente Horst aan de Maas,https://www.ictergezocht.nl/ict-bedrijven/8917-gemeente-horst-aan-de-maas/
1589,Gemeente Houten,https://www.ictergezocht.nl/ict-bedrijven/8902-gemeente-houten/
1590,Gemeente IJsselstein,https://www.ictergezocht.nl/ict-bedrijven/10738-gemeente-ijsselstein/
1591,Gemeente Katwijk,https://www.ictergezocht.nl/ict-bedrijven/6003-gemeente-katwijk/
1592,Gemeente Land van Cuijk,https://www.ictergezocht.nl/ict-bedrijven/10611-gemeente-land-van-cuijk/
1593,Gemeente Landerd,https://www.ictergezocht.nl/ict-bedrijven/5553-gemeente-landerd/
1594,Gemeente Molenlanden,https://www.ictergezocht.nl/ict-bedrijven/10463-gemeente-molenlanden/
1595,Gemeente Nieuwegein,https://www.ictergezocht.nl/ict-bedrijven/8982-gemeente-nieuwegein/
1596,Gemeente Nieuwegein,https://www.ictergezocht.nl/ict-bedrijven/9872-gemeente-nieuwegein/
1597,Gemeente Pijnacker-Nootdorp,https://www.ictergezocht.nl/ict-bedrijven/10564-gemeente-pijnacker-nootdorp/
1598,Gemeente Purmerend,https://www.ictergezocht.nl/ict-bedrijven/5753-gemeente-purmerend/
1599,Gemeente Roosendaal,https://www.ictergezocht.nl/ict-bedrijven/10342-gemeente-roosendaal/
1600,Gemeente Sudwest-Fryslan,https://www.ictergezocht.nl/ict-bedrijven/9867-gemeente-sudwest-fryslan/
1601,Gemeente Tiel,https://www.ictergezocht.nl/ict-bedrijven/8962-gemeente-tiel/
1602,Gemeente Tilburg,https://www.ictergezocht.nl/ict-bedrijven/5789-gemeente-tilburg/
1603,Gemeente Utrecht,https://www.ictergezocht.nl/ict-bedrijven/5729-gemeente-utrecht/
1604,Gemeente Vlagtwedde,https://www.ictergezocht.nl/ict-bedrijven/16-gemeente-vlagtwedde/
1605,Gemeente Vlissingen,https://www.ictergezocht.nl/ict-bedrijven/5882-gemeente-vlissingen/
1606,Gemeente Voorst,https://www.ictergezocht.nl/ict-bedrijven/10712-gemeente-voorst/
1607,Gemeente Waddinxveen,https://www.ictergezocht.nl/ict-bedrijven/10323-gemeente-waddinxveen/
1608,Gemeente Weststellingwerf,https://www.ictergezocht.nl/ict-bedrijven/7997-gemeente-weststellingwerf/
1609,Gemeente Winterswijk,https://www.ictergezocht.nl/ict-bedrijven/334-gemeente-winterswijk/
1610,Gemeente Zaltbommel,https://www.ictergezocht.nl/ict-bedrijven/4143-gemeente-zaltbommel/
1611,Gemeente Zoetermeer,https://www.ictergezocht.nl/ict-bedrijven/9870-gemeente-zoetermeer/
1612,Gemeente Zoetermeer,https://www.ictergezocht.nl/ict-bedrijven/8117-gemeente-zoetermeer/
1613,Gemiva-SVG Groep,https://www.ictergezocht.nl/ict-bedrijven/8052-gemiva-svg-groep/
1614,GEN,https://www.ictergezocht.nl/ict-bedrijven/4901-gen/
1615,GEN (Energy21),https://www.ictergezocht.nl/ict-bedrijven/9834-gen-energy21/
1616,GenDx,https://www.ictergezocht.nl/ict-bedrijven/8120-gendx/
1617,Gene IT Solutions,https://www.ictergezocht.nl/ict-bedrijven/8184-gene-it-solutions/
1618,Genesys,https://www.ictergezocht.nl/ict-bedrijven/5181-genesys/
1619,Geniads,https://www.ictergezocht.nl/ict-bedrijven/8461-geniads/
1620,Genius Recruitment,https://www.ictergezocht.nl/ict-bedrijven/9339-genius-recruitment/
1621,GEO Instrument,https://www.ictergezocht.nl/ict-bedrijven/4027-geo-instrument/
1622,Geodis Freight Forwarding,https://www.ictergezocht.nl/ict-bedrijven/5866-geodis-freight-forwarding/
1623,Geonovum,https://www.ictergezocht.nl/ict-bedrijven/9370-geonovum/
1624,Geotaskit,https://www.ictergezocht.nl/ict-bedrijven/3281-geotaskit/
1625,GeoWare,https://www.ictergezocht.nl/ict-bedrijven/1353-geoware/
1626,Geriant,https://www.ictergezocht.nl/ict-bedrijven/7584-geriant/
1627,GERRIT Diensten,https://www.ictergezocht.nl/ict-bedrijven/10055-gerrit-diensten/
1628,Gerrits ICT,https://www.ictergezocht.nl/ict-bedrijven/5235-gerrits-ict/
1629,Getnoticed,https://www.ictergezocht.nl/ict-bedrijven/5714-getnoticed/
1630,GfK Netherlands,https://www.ictergezocht.nl/ict-bedrijven/6154-gfk-netherlands/
1631,GGD Amsterdam,https://www.ictergezocht.nl/ict-bedrijven/5085-ggd-amsterdam/
1632,GGD Flevoland,https://www.ictergezocht.nl/ict-bedrijven/9202-ggd-flevoland/
1633,GGD Gelderland-Zuid,https://www.ictergezocht.nl/ict-bedrijven/8930-ggd-gelderland-zuid/
1634,GGD regio Utrecht,https://www.ictergezocht.nl/ict-bedrijven/9506-ggd-regio-utrecht/
1635,GGD regio Utrecht,https://www.ictergezocht.nl/ict-bedrijven/9327-ggd-regio-utrecht/
1636,GGDrU,https://www.ictergezocht.nl/ict-bedrijven/10216-ggdru/
1637,GGMD voor doven en slechthorenden,https://www.ictergezocht.nl/ict-bedrijven/10878-ggmd-voor-doven-en-slechthorenden/
1638,GGz Breburg,https://www.ictergezocht.nl/ict-bedrijven/8912-ggz-breburg/
1639,GGz Centraal,https://www.ictergezocht.nl/ict-bedrijven/9001-ggz-centraal/
1640,GGz Centraal,https://www.ictergezocht.nl/ict-bedrijven/9791-ggz-centraal/
1641,GGz Centraal,https://www.ictergezocht.nl/ict-bedrijven/7611-ggz-centraal/
1642,GGz Centraal (SAM-STAPP),https://www.ictergezocht.nl/ict-bedrijven/10300-ggz-centraal-sam-stapp/
1643,GGZ Delfland,https://www.ictergezocht.nl/ict-bedrijven/5691-ggz-delfland/
1644,GGZ inGeest,https://www.ictergezocht.nl/ict-bedrijven/10790-ggz-ingeest/
1645,GGZ Westelijk Noord Brabant,https://www.ictergezocht.nl/ict-bedrijven/10348-ggz-westelijk-noord-brabant/
1646,GGzE,https://www.ictergezocht.nl/ict-bedrijven/5843-ggze/
1647,Giani IT Solutions,https://www.ictergezocht.nl/ict-bedrijven/6081-giani-it-solutions/
1648,GidPro,https://www.ictergezocht.nl/ict-bedrijven/3759-gidpro/
1649,Giesbers-Wijchen Bouw,https://www.ictergezocht.nl/ict-bedrijven/9708-giesbers-wijchen-bouw/
1650,Gigantisch,https://www.ictergezocht.nl/ict-bedrijven/5745-gigantisch/
1651,Gilde Software,https://www.ictergezocht.nl/ict-bedrijven/9634-gilde-software/
1652,Gilson Services Europe,https://www.ictergezocht.nl/ict-bedrijven/5038-gilson-services-europe/
1653,Gimix,https://www.ictergezocht.nl/ict-bedrijven/10213-gimix/
1654,GITP,https://www.ictergezocht.nl/ict-bedrijven/9738-gitp/
1655,GITP,https://www.ictergezocht.nl/ict-bedrijven/6183-gitp/
1656,GITP,https://www.ictergezocht.nl/ict-bedrijven/8899-gitp/
1657,Glengarry,https://www.ictergezocht.nl/ict-bedrijven/1651-glengarry/
1658,Global Data Exchange,https://www.ictergezocht.nl/ict-bedrijven/3020-global-data-exchange/
1659,Global Sports Media,https://www.ictergezocht.nl/ict-bedrijven/152-global-sports-media/
1660,Global-e,https://www.ictergezocht.nl/ict-bedrijven/4810-global-e/
1661,Global-e ICT solutions,https://www.ictergezocht.nl/ict-bedrijven/9163-global-e-ict-solutions/
1662,GLS Netherlands,https://www.ictergezocht.nl/ict-bedrijven/4759-gls-netherlands/
1663,Go4Mobility,https://www.ictergezocht.nl/ict-bedrijven/4123-go4mobility/
1664,GoalGorilla Internet Strategy,https://www.ictergezocht.nl/ict-bedrijven/5041-goalgorilla-internet-strategy/
1665,Gocustomized,https://www.ictergezocht.nl/ict-bedrijven/5783-gocustomized/
1666,GoDaddy,https://www.ictergezocht.nl/ict-bedrijven/10125-godaddy/
1667,Goed Wonen Gemert,https://www.ictergezocht.nl/ict-bedrijven/10913-goed-wonen-gemert/
1668,GOEDEGEBUUR Vlees Rotterdam,https://www.ictergezocht.nl/ict-bedrijven/9304-goedegebuur-vlees-rotterdam/
1669,Goedezet,https://www.ictergezocht.nl/ict-bedrijven/4653-goedezet/
1670,Goedhart Holding,https://www.ictergezocht.nl/ict-bedrijven/9764-goedhart-holding/
1671,GoedHuys verf,https://www.ictergezocht.nl/ict-bedrijven/1005-goedhuys-verf/
1672,Goes & Roos,https://www.ictergezocht.nl/ict-bedrijven/4318-goes-roos/
1673,Gofilex Investments,https://www.ictergezocht.nl/ict-bedrijven/8323-gofilex-investments/
1674,GoFranky,https://www.ictergezocht.nl/ict-bedrijven/5427-gofranky/
1675,Gold ICT,https://www.ictergezocht.nl/ict-bedrijven/9005-gold-ict/
1676,Golden Value,https://www.ictergezocht.nl/ict-bedrijven/8145-golden-value/
1677,GoMotion,https://www.ictergezocht.nl/ict-bedrijven/2614-gomotion/
1678,Gonen Automation Products,https://www.ictergezocht.nl/ict-bedrijven/6091-gonen-automation-products/
1679,Good Company,https://www.ictergezocht.nl/ict-bedrijven/9387-good-company/
1680,Goodadvice-IT,https://www.ictergezocht.nl/ict-bedrijven/10467-goodadvice-it/
1681,GoodGoodies,https://www.ictergezocht.nl/ict-bedrijven/4387-goodgoodies/
1682,Gouw informatie technologie,https://www.ictergezocht.nl/ict-bedrijven/77-gouw-informatie-technologie/
1683,GR Cocensus,https://www.ictergezocht.nl/ict-bedrijven/4559-gr-cocensus/
1684,Graficom Solutions,https://www.ictergezocht.nl/ict-bedrijven/9509-graficom-solutions/
1685,Grafisch Lyceum Rotterdam,https://www.ictergezocht.nl/ict-bedrijven/4581-grafisch-lyceum-rotterdam/
1686,Grafisch Lyceum Utrecht,https://www.ictergezocht.nl/ict-bedrijven/9781-grafisch-lyceum-utrecht/
1687,Grand Hotel Huis ter Duin,https://www.ictergezocht.nl/ict-bedrijven/5379-grand-hotel-huis-ter-duin/
1688,GrandVision Benelux,https://www.ictergezocht.nl/ict-bedrijven/7935-grandvision-benelux/
1689,Grant Thornton,https://www.ictergezocht.nl/ict-bedrijven/5022-grant-thornton/
1690,Grapevine Nederland,https://www.ictergezocht.nl/ict-bedrijven/5166-grapevine-nederland/
1691,Great Ventures,https://www.ictergezocht.nl/ict-bedrijven/5307-great-ventures/
1692,Greater,https://www.ictergezocht.nl/ict-bedrijven/7965-greater/
1693,Greater,https://www.ictergezocht.nl/ict-bedrijven/10842-greater/
1694,Greater,https://www.ictergezocht.nl/ict-bedrijven/8361-greater/
1695,Greefa,https://www.ictergezocht.nl/ict-bedrijven/9585-greefa/
1696,Green Dino,https://www.ictergezocht.nl/ict-bedrijven/4159-green-dino/
1697,Green Mini host,https://www.ictergezocht.nl/ict-bedrijven/5562-green-mini-host/
1698,GREEN Sourcing Partners,https://www.ictergezocht.nl/ict-bedrijven/9658-green-sourcing-partners/
1699,Green8Group,https://www.ictergezocht.nl/ict-bedrijven/7770-green8group/
1700,Greenmont Systems,https://www.ictergezocht.nl/ict-bedrijven/10814-greenmont-systems/
1701,GRID,https://www.ictergezocht.nl/ict-bedrijven/8021-grid/
1702,Grift - IT,https://www.ictergezocht.nl/ict-bedrijven/4864-grift-it/
1703,gro-up,https://www.ictergezocht.nl/ict-bedrijven/10733-gro-up/
1704,Groenendal IT,https://www.ictergezocht.nl/ict-bedrijven/9732-groenendal-it/
1705,"Groenendijk, Onderwijsadministratie",https://www.ictergezocht.nl/ict-bedrijven/9832-groenendijk-onderwijsadministratie/
1706,Groenhuysen,https://www.ictergezocht.nl/ict-bedrijven/5257-groenhuysen/
1707,GroenWest,https://www.ictergezocht.nl/ict-bedrijven/9881-groenwest/
1708,Groninger Archieven,https://www.ictergezocht.nl/ict-bedrijven/10917-groninger-archieven/
1709,Groninger Huisartsen Coöperatie,https://www.ictergezocht.nl/ict-bedrijven/4971-groninger-huisartsen-cooperatie/
1710,Group 2000,https://www.ictergezocht.nl/ict-bedrijven/4284-group-2000/
1711,GRS Services,https://www.ictergezocht.nl/ict-bedrijven/5990-grs-services/
1712,Grumbl Media Holding,https://www.ictergezocht.nl/ict-bedrijven/4161-grumbl-media-holding/
1713,GS,https://www.ictergezocht.nl/ict-bedrijven/6221-gs/
1714,gsa holding,https://www.ictergezocht.nl/ict-bedrijven/2308-gsa-holding/
1715,GSG Guido,https://www.ictergezocht.nl/ict-bedrijven/10776-gsg-guido/
1716,GSH Netherlands,https://www.ictergezocht.nl/ict-bedrijven/4686-gsh-netherlands/
1717,GTS-Online,https://www.ictergezocht.nl/ict-bedrijven/5178-gts-online/
1718,Guidewell,https://www.ictergezocht.nl/ict-bedrijven/8496-guidewell/
1719,GX Software,https://www.ictergezocht.nl/ict-bedrijven/9656-gx-software/
1720,GxP Cloud,https://www.ictergezocht.nl/ict-bedrijven/10651-gxp-cloud/
1721,ICT bedrijven zoeken,https://www.ictergezocht.nl/ict-bedrijven/
1722,ICT bedrijven zoeken,https://www.ictergezocht.nl/ict-bedrijven/
1723,H.W.Remie,https://www.ictergezocht.nl/ict-bedrijven/8285-hwremie/
1724,Haagen Fire Training Products,https://www.ictergezocht.nl/ict-bedrijven/4203-haagen-fire-training-products/
1725,Hadoks,https://www.ictergezocht.nl/ict-bedrijven/8894-hadoks/
1726,HagaZiekenhuis,https://www.ictergezocht.nl/ict-bedrijven/5055-hagaziekenhuis/
1727,HagaZiekenhuis,https://www.ictergezocht.nl/ict-bedrijven/10447-hagaziekenhuis/
1728,Hagru,https://www.ictergezocht.nl/ict-bedrijven/5486-hagru/
1729,Hakron Nunspeet,https://www.ictergezocht.nl/ict-bedrijven/26-hakron-nunspeet/
1730,Hakron Nunspeet,https://www.ictergezocht.nl/ict-bedrijven/3797-hakron-nunspeet/
1731,Halkus InternetService  (Project PC-4-ALL.nl),https://www.ictergezocht.nl/ict-bedrijven/142-halkus-internetservice-project-pc-4-allnl/
1732,Halley Groep,https://www.ictergezocht.nl/ict-bedrijven/4341-halley-groep/
1733,"hallo,",https://www.ictergezocht.nl/ict-bedrijven/10189-hallo/
1734,HalloStroom Markt & Klant,https://www.ictergezocht.nl/ict-bedrijven/10902-hallostroom-markt-klant/
1735,HaloteC Instruments,https://www.ictergezocht.nl/ict-bedrijven/4291-halotec-instruments/
1736,Hamilton Barnes,https://www.ictergezocht.nl/ict-bedrijven/9496-hamilton-barnes/
1737,Hands on ICT,https://www.ictergezocht.nl/ict-bedrijven/10679-hands-on-ict/
1738,Hands on ICT,https://www.ictergezocht.nl/ict-bedrijven/9701-hands-on-ict/
1739,Hands on Information Management,https://www.ictergezocht.nl/ict-bedrijven/7951-hands-on-information-management/
1740,Hanna de Vries Recruitment,https://www.ictergezocht.nl/ict-bedrijven/10578-hanna-de-vries-recruitment/
1741,HappyCustomers,https://www.ictergezocht.nl/ict-bedrijven/5464-happycustomers/
1742,HappyCustomers,https://www.ictergezocht.nl/ict-bedrijven/9315-happycustomers/
1743,Hardware Info,https://www.ictergezocht.nl/ict-bedrijven/419-hardware-info/
1744,Harmony,https://www.ictergezocht.nl/ict-bedrijven/9084-harmony/
1745,Harmony Group,https://www.ictergezocht.nl/ict-bedrijven/1442-harmony-group/
1746,Harmony IT,https://www.ictergezocht.nl/ict-bedrijven/10158-harmony-it/
1747,Hartman Service Center,https://www.ictergezocht.nl/ict-bedrijven/5953-hartman-service-center/
1748,Hartstichting,https://www.ictergezocht.nl/ict-bedrijven/9845-hartstichting/
1749,Haselhoff Groep,https://www.ictergezocht.nl/ict-bedrijven/8050-haselhoff-groep/
1750,HashtagMedia,https://www.ictergezocht.nl/ict-bedrijven/9271-hashtagmedia/
1751,HatchTech,https://www.ictergezocht.nl/ict-bedrijven/8112-hatchtech/
1752,Hays,https://www.ictergezocht.nl/ict-bedrijven/10759-hays/
1753,Hays,https://www.ictergezocht.nl/ict-bedrijven/6013-hays/
1754,Hays,https://www.ictergezocht.nl/ict-bedrijven/10193-hays/
1755,Haystack People,https://www.ictergezocht.nl/ict-bedrijven/10255-haystack-people/
1756,HC Group,https://www.ictergezocht.nl/ict-bedrijven/9344-hc-group/
1757,HD Services,https://www.ictergezocht.nl/ict-bedrijven/5659-hd-services/
1758,Headline Interactive,https://www.ictergezocht.nl/ict-bedrijven/4333-headline-interactive/
1759,Health Base,https://www.ictergezocht.nl/ict-bedrijven/8403-health-base/
1760,HEBBES Personeel,https://www.ictergezocht.nl/ict-bedrijven/5281-hebbes-personeel/
1761,Hedin IT Benelux,https://www.ictergezocht.nl/ict-bedrijven/10509-hedin-it-benelux/
1762,Heemskerk Flowers,https://www.ictergezocht.nl/ict-bedrijven/10707-heemskerk-flowers/
1763,Heinosoft,https://www.ictergezocht.nl/ict-bedrijven/270-heinosoft/
1764,Heinz,https://www.ictergezocht.nl/ict-bedrijven/688-heinz/
1765,Heisterkamp Transport,https://www.ictergezocht.nl/ict-bedrijven/5928-heisterkamp-transport/
1766,Heisterkamp Transport,https://www.ictergezocht.nl/ict-bedrijven/8942-heisterkamp-transport/
1767,Heisterkamp Transportation Solutions,https://www.ictergezocht.nl/ict-bedrijven/4551-heisterkamp-transportation-solutions/
1768,Hekkelman Notarissen,https://www.ictergezocht.nl/ict-bedrijven/9720-hekkelman-notarissen/
1769,Helder Personeelsmanagement,https://www.ictergezocht.nl/ict-bedrijven/8848-helder-personeelsmanagement/
1770,Helder Recruitment,https://www.ictergezocht.nl/ict-bedrijven/5417-helder-recruitment/
1771,Heleen van der Hulst,https://www.ictergezocht.nl/ict-bedrijven/8641-heleen-van-der-hulst/
1772,Helios IT,https://www.ictergezocht.nl/ict-bedrijven/9280-helios-it/
1773,Helisports international,https://www.ictergezocht.nl/ict-bedrijven/4656-helisports-international/
1774,Hellmann Worldwide Logistics,https://www.ictergezocht.nl/ict-bedrijven/8732-hellmann-worldwide-logistics/
1775,Hello Professionals,https://www.ictergezocht.nl/ict-bedrijven/9532-hello-professionals/
1776,Hellopublic,https://www.ictergezocht.nl/ict-bedrijven/10778-hellopublic/
1777,HelloTV,https://www.ictergezocht.nl/ict-bedrijven/10905-hellotv/
1778,Hemmersbach GmbH & Co. KG,https://www.ictergezocht.nl/ict-bedrijven/10553-hemmersbach-gmbh-co-kg/
1779,Henk ICT Services,https://www.ictergezocht.nl/ict-bedrijven/9650-henk-ict-services/
1780,Henri Willig Groep,https://www.ictergezocht.nl/ict-bedrijven/8426-henri-willig-groep/
1781,Henry Schein,https://www.ictergezocht.nl/ict-bedrijven/9140-henry-schein/
1782,HENZ ICT,https://www.ictergezocht.nl/ict-bedrijven/10826-henz-ict/
1783,Herke ICT Group,https://www.ictergezocht.nl/ict-bedrijven/5946-herke-ict-group/
1784,Hermac Computerdiensten,https://www.ictergezocht.nl/ict-bedrijven/4752-hermac-computerdiensten/
1785,Hero Detachering,https://www.ictergezocht.nl/ict-bedrijven/672-hero-detachering/
1786,Hersenstichting,https://www.ictergezocht.nl/ict-bedrijven/8007-hersenstichting/
1787,Hestronic,https://www.ictergezocht.nl/ict-bedrijven/10293-hestronic/
1788,Het  Nederlandse Rode Kruis,https://www.ictergezocht.nl/ict-bedrijven/3627-het-nederlandse-rode-kruis/
1789,Het College Vos,https://www.ictergezocht.nl/ict-bedrijven/1957-het-college-vos/
1790,Het Erasmus,https://www.ictergezocht.nl/ict-bedrijven/5679-het-erasmus/
1791,Het Financieele Dagblad,https://www.ictergezocht.nl/ict-bedrijven/2743-het-financieele-dagblad/
1792,Het Nationale Theater,https://www.ictergezocht.nl/ict-bedrijven/7942-het-nationale-theater/
1793,Het Nederlands Instituut voor Beeld en Geluid,https://www.ictergezocht.nl/ict-bedrijven/9474-het-nederlands-instituut-voor-beeld-en-geluid/
1794,het Parkhuis,https://www.ictergezocht.nl/ict-bedrijven/10139-het-parkhuis/
1795,Het Recruitment Bureau,https://www.ictergezocht.nl/ict-bedrijven/6053-het-recruitment-bureau/
1796,Het Scheepvaartmuseum,https://www.ictergezocht.nl/ict-bedrijven/9679-het-scheepvaartmuseum/
1797,Heuschen & Schrouff Foods Group,https://www.ictergezocht.nl/ict-bedrijven/4674-heuschen-schrouff-foods-group/
1798,Heuvelman Sound & Vision,https://www.ictergezocht.nl/ict-bedrijven/4439-heuvelman-sound-vision/
1799,Heuver Bandengroothandel,https://www.ictergezocht.nl/ict-bedrijven/4396-heuver-bandengroothandel/
1800,HGG,https://www.ictergezocht.nl/ict-bedrijven/5162-hgg/
1801,HGH Business Consultancy,https://www.ictergezocht.nl/ict-bedrijven/5962-hgh-business-consultancy/
1802,HI-Tech Smart Systems Europe,https://www.ictergezocht.nl/ict-bedrijven/6151-hi-tech-smart-systems-europe/
1803,Hier.nl,https://www.ictergezocht.nl/ict-bedrijven/10777-hiernl/
1804,High Focus,https://www.ictergezocht.nl/ict-bedrijven/2122-high-focus/
1805,Hilverda De Boer,https://www.ictergezocht.nl/ict-bedrijven/4523-hilverda-de-boer/
1806,HIQ Consulting,https://www.ictergezocht.nl/ict-bedrijven/9826-hiq-consulting/
1807,Hire.nl,https://www.ictergezocht.nl/ict-bedrijven/8871-hirenl/
1808,Hittech Multin,https://www.ictergezocht.nl/ict-bedrijven/10752-hittech-multin/
1809,HKV lijn in water,https://www.ictergezocht.nl/ict-bedrijven/8208-hkv-lijn-in-water/
1810,HKV lijn in water,https://www.ictergezocht.nl/ict-bedrijven/5274-hkv-lijn-in-water/
1811,HMS,https://www.ictergezocht.nl/ict-bedrijven/6188-hms/
1812,Hoasted,https://www.ictergezocht.nl/ict-bedrijven/10620-hoasted/
1813,HOB The Secure Access Company,https://www.ictergezocht.nl/ict-bedrijven/204-hob-the-secure-access-company/
1814,Hof-Select,https://www.ictergezocht.nl/ict-bedrijven/10808-hof-select/
1815,Hoffelijk,https://www.ictergezocht.nl/ict-bedrijven/8753-hoffelijk/
1816,Hoffelijk Financieel,https://www.ictergezocht.nl/ict-bedrijven/5853-hoffelijk-financieel/
1817,Hogeschool Inholland,https://www.ictergezocht.nl/ict-bedrijven/9796-hogeschool-inholland/
1818,Hogeschool Leiden,https://www.ictergezocht.nl/ict-bedrijven/10039-hogeschool-leiden/
1819,Hogeschool Leiden,https://www.ictergezocht.nl/ict-bedrijven/7778-hogeschool-leiden/
1820,Hogeschool Utrecht,https://www.ictergezocht.nl/ict-bedrijven/10050-hogeschool-utrecht/
1821,Hogeschool van Amsterdam,https://www.ictergezocht.nl/ict-bedrijven/9209-hogeschool-van-amsterdam/
1822,Hogeschool Windesheim,https://www.ictergezocht.nl/ict-bedrijven/5877-hogeschool-windesheim/
1823,Holcom,https://www.ictergezocht.nl/ict-bedrijven/5205-holcom/
1824,Holla Advocaten,https://www.ictergezocht.nl/ict-bedrijven/9692-holla-advocaten/
1825,Holland & Barrett,https://www.ictergezocht.nl/ict-bedrijven/7875-holland-barrett/
1826,Home Instead Thuisservice,https://www.ictergezocht.nl/ict-bedrijven/8110-home-instead-thuisservice/
1827,Hoogheemraadschap Hollands Noorderkwartier,https://www.ictergezocht.nl/ict-bedrijven/9393-hoogheemraadschap-hollands-noorderkwartier/
1828,Hoogvliet,https://www.ictergezocht.nl/ict-bedrijven/10772-hoogvliet/
1829,Hooijer Beheer,https://www.ictergezocht.nl/ict-bedrijven/8592-hooijer-beheer/
1830,Hoppenbrouwers Techniek,https://www.ictergezocht.nl/ict-bedrijven/8544-hoppenbrouwers-techniek/
1831,Hoppinger,https://www.ictergezocht.nl/ict-bedrijven/9735-hoppinger/
1832,Horus view and explore,https://www.ictergezocht.nl/ict-bedrijven/5940-horus-view-and-explore/
1833,Hosting2GO,https://www.ictergezocht.nl/ict-bedrijven/8339-hosting2go/
1834,HostingXS,https://www.ictergezocht.nl/ict-bedrijven/5191-hostingxs/
1835,Hostnet,https://www.ictergezocht.nl/ict-bedrijven/9812-hostnet/
1836,Hostnet,https://www.ictergezocht.nl/ict-bedrijven/5766-hostnet/
1837,Hot Pinguin Professional Solutions,https://www.ictergezocht.nl/ict-bedrijven/4292-hot-pinguin-professional-solutions/
1838,Hotel Okura Amsterdam,https://www.ictergezocht.nl/ict-bedrijven/5702-hotel-okura-amsterdam/
1839,Hottraffic,https://www.ictergezocht.nl/ict-bedrijven/4501-hottraffic/
1840,House of Bèta,https://www.ictergezocht.nl/ict-bedrijven/9783-house-of-beta/
1841,Hout- en Meubileringscollege,https://www.ictergezocht.nl/ict-bedrijven/9933-hout-en-meubileringscollege/
1842,Hoyer Recruitment,https://www.ictergezocht.nl/ict-bedrijven/9580-hoyer-recruitment/
1843,Hoylede Consult,https://www.ictergezocht.nl/ict-bedrijven/176-hoylede-consult/
1844,HPW Executive Search,https://www.ictergezocht.nl/ict-bedrijven/9382-hpw-executive-search/
1845,HQ-IT,https://www.ictergezocht.nl/ict-bedrijven/76-hq-it/
1846,HR Intermediairs,https://www.ictergezocht.nl/ict-bedrijven/4195-hr-intermediairs/
1847,HR4ICT,https://www.ictergezocht.nl/ict-bedrijven/5802-hr4ict/
1848,HRMatches,https://www.ictergezocht.nl/ict-bedrijven/5787-hrmatches/
1849,HTM Personenvervoer,https://www.ictergezocht.nl/ict-bedrijven/9475-htm-personenvervoer/
1850,HTM Personenvervoer,https://www.ictergezocht.nl/ict-bedrijven/6050-htm-personenvervoer/
1851,Huijbregts - ict & cybersafety,https://www.ictergezocht.nl/ict-bedrijven/7927-huijbregts-ict-cybersafety/
1852,Huisartsen Gelderse Vallei,https://www.ictergezocht.nl/ict-bedrijven/5806-huisartsen-gelderse-vallei/
1853,Huisartsen Organisatie Oost-Gelderland,https://www.ictergezocht.nl/ict-bedrijven/9892-huisartsen-organisatie-oost-gelderland/
1854,Huisartsenposten Rijnmond,https://www.ictergezocht.nl/ict-bedrijven/9685-huisartsenposten-rijnmond/
1855,Huismerk Energie,https://www.ictergezocht.nl/ict-bedrijven/8933-huismerk-energie/
1856,Huize het Oosten,https://www.ictergezocht.nl/ict-bedrijven/10850-huize-het-oosten/
1857,human professionals @work,https://www.ictergezocht.nl/ict-bedrijven/5324-human-professionals-work/
1858,Human Resource Intermediary Services,https://www.ictergezocht.nl/ict-bedrijven/747-human-resource-intermediary-services/
1859,Human Source Group,https://www.ictergezocht.nl/ict-bedrijven/4375-human-source-group/
1860,Humanistisch Verbond,https://www.ictergezocht.nl/ict-bedrijven/10866-humanistisch-verbond/
1861,Humanitas DMH,https://www.ictergezocht.nl/ict-bedrijven/3473-humanitas-dmh/
1862,Humanitas DMH,https://www.ictergezocht.nl/ict-bedrijven/10726-humanitas-dmh/
1863,Humaris,https://www.ictergezocht.nl/ict-bedrijven/8660-humaris/
1864,Hunt Professional,https://www.ictergezocht.nl/ict-bedrijven/8025-hunt-professional/
1865,Hupp IT Careers,https://www.ictergezocht.nl/ict-bedrijven/8006-hupp-it-careers/
1866,Hurrey Detachering,https://www.ictergezocht.nl/ict-bedrijven/9541-hurrey-detachering/
1867,Huxley,https://www.ictergezocht.nl/ict-bedrijven/523-huxley/
1868,Huxley Associates,https://www.ictergezocht.nl/ict-bedrijven/132-huxley-associates/
1869,HydroLogic,https://www.ictergezocht.nl/ict-bedrijven/5024-hydrologic/
1870,Hylife innovations,https://www.ictergezocht.nl/ict-bedrijven/10451-hylife-innovations/
1871,Hype Automatisering,https://www.ictergezocht.nl/ict-bedrijven/7938-hype-automatisering/
1872,Hypershop,https://www.ictergezocht.nl/ict-bedrijven/7813-hypershop/
1873,Hypotheek24.nl,https://www.ictergezocht.nl/ict-bedrijven/5950-hypotheek24nl/
1874,ICT bedrijven zoeken,https://www.ictergezocht.nl/ict-bedrijven/
1875,ICT bedrijven zoeken,https://www.ictergezocht.nl/ict-bedrijven/
1876,I Sioux Media Productions,https://www.ictergezocht.nl/ict-bedrijven/4071-i-sioux-media-productions/
1877,i-Aspect,https://www.ictergezocht.nl/ict-bedrijven/2-i-aspect/
1878,I-Experts,https://www.ictergezocht.nl/ict-bedrijven/8265-i-experts/
1879,I-FourC,https://www.ictergezocht.nl/ict-bedrijven/4671-i-fourc/
1880,i-LEVEL ICT Solutions,https://www.ictergezocht.nl/ict-bedrijven/10295-i-level-ict-solutions/
1881,i-LEVEL ICT Solutions,https://www.ictergezocht.nl/ict-bedrijven/10100-i-level-ict-solutions/
1882,i-Linked,https://www.ictergezocht.nl/ict-bedrijven/9879-i-linked/
1883,I-med Internetdiensten,https://www.ictergezocht.nl/ict-bedrijven/508-i-med-internetdiensten/
1884,I-recruiting,https://www.ictergezocht.nl/ict-bedrijven/10370-i-recruiting/
1885,I-recruiting,https://www.ictergezocht.nl/ict-bedrijven/4590-i-recruiting/
1886,I-SEC Advanced Systems,https://www.ictergezocht.nl/ict-bedrijven/4285-i-sec-advanced-systems/
1887,i-share Consultancy,https://www.ictergezocht.nl/ict-bedrijven/1736-i-share-consultancy/
1888,i-share ICT Consultants,https://www.ictergezocht.nl/ict-bedrijven/1172-i-share-ict-consultants/
1889,I-Signaal,https://www.ictergezocht.nl/ict-bedrijven/280-i-signaal/
1890,I'tension,https://www.ictergezocht.nl/ict-bedrijven/4620-itension/
1891,i3D.net,https://www.ictergezocht.nl/ict-bedrijven/9894-i3dnet/
1892,i4 | Managed IT Services,https://www.ictergezocht.nl/ict-bedrijven/8568-i4-managed-it-services/
1893,IAC Geometrisch Ingenieurs,https://www.ictergezocht.nl/ict-bedrijven/10791-iac-geometrisch-ingenieurs/
1894,IB the data company,https://www.ictergezocht.nl/ict-bedrijven/3715-ib-the-data-company/
1895,iBanx HSE,https://www.ictergezocht.nl/ict-bedrijven/4603-ibanx-hse/
1896,iBloxs,https://www.ictergezocht.nl/ict-bedrijven/4225-ibloxs/
1897,IBM Netherlands,https://www.ictergezocht.nl/ict-bedrijven/34-ibm-netherlands/
1898,IceMobile,https://www.ictergezocht.nl/ict-bedrijven/1899-icemobile/
1899,iClicks Nederland,https://www.ictergezocht.nl/ict-bedrijven/9297-iclicks-nederland/
1900,ICM Opleidingen & trainingen,https://www.ictergezocht.nl/ict-bedrijven/5923-icm-opleidingen-trainingen/
1901,ICQ-ICT,https://www.ictergezocht.nl/ict-bedrijven/181-icq-ict/
1902,ICQ-ICT Profs,https://www.ictergezocht.nl/ict-bedrijven/10873-icq-ict-profs/
1903,ICS Computers,https://www.ictergezocht.nl/ict-bedrijven/10549-ics-computers/
1904,ICT Automatisering,https://www.ictergezocht.nl/ict-bedrijven/2431-ict-automatisering/
1905,ICT Employee,https://www.ictergezocht.nl/ict-bedrijven/461-ict-employee/
1906,ICT Group,https://www.ictergezocht.nl/ict-bedrijven/8695-ict-group/
1907,ICT Matcher,https://www.ictergezocht.nl/ict-bedrijven/5400-ict-matcher/
1908,ICT Media Group,https://www.ictergezocht.nl/ict-bedrijven/1753-ict-media-group/
1909,ICT Ruyters,https://www.ictergezocht.nl/ict-bedrijven/10114-ict-ruyters/
1910,ICT West-Brabant West,https://www.ictergezocht.nl/ict-bedrijven/10390-ict-west-brabant-west/
1911,ICT Zaakwaarnemer,https://www.ictergezocht.nl/ict-bedrijven/8284-ict-zaakwaarnemer/
1912,ICT-Partners,https://www.ictergezocht.nl/ict-bedrijven/6130-ict-partners/
1913,ict/teamwork,https://www.ictergezocht.nl/ict-bedrijven/9295-ict-teamwork/
1914,ICT4YOU,https://www.ictergezocht.nl/ict-bedrijven/9887-ict4you/
1915,IcTalented People,https://www.ictergezocht.nl/ict-bedrijven/5575-ictalented-people/
1916,ICTaurus,https://www.ictergezocht.nl/ict-bedrijven/1855-ictaurus/
1917,ICTaurus,https://www.ictergezocht.nl/ict-bedrijven/8661-ictaurus/
1918,Ictivity,https://www.ictergezocht.nl/ict-bedrijven/7756-ictivity/
1919,ICTJobhouse,https://www.ictergezocht.nl/ict-bedrijven/8605-ictjobhouse/
1920,ICTRecht.,https://www.ictergezocht.nl/ict-bedrijven/4895-ictrecht/
1921,ICTZ,https://www.ictergezocht.nl/ict-bedrijven/5343-ictz/
1922,Id Est IT,https://www.ictergezocht.nl/ict-bedrijven/4592-id-est-it/
1923,Idas,https://www.ictergezocht.nl/ict-bedrijven/8171-idas/
1924,Iddiz,https://www.ictergezocht.nl/ict-bedrijven/660-iddiz/
1925,iDeniz,https://www.ictergezocht.nl/ict-bedrijven/4785-ideniz/
1926,IDG Nederland,https://www.ictergezocht.nl/ict-bedrijven/6047-idg-nederland/
1927,IDgis,https://www.ictergezocht.nl/ict-bedrijven/9674-idgis/
1928,IDPP,https://www.ictergezocht.nl/ict-bedrijven/153-idpp/
1929,iDream,https://www.ictergezocht.nl/ict-bedrijven/4055-idream/
1930,Iduet,https://www.ictergezocht.nl/ict-bedrijven/5305-iduet/
1931,IeTee Solutions,https://www.ictergezocht.nl/ict-bedrijven/8358-ietee-solutions/
1932,IEX Media,https://www.ictergezocht.nl/ict-bedrijven/5229-iex-media/
1933,IF Technology,https://www.ictergezocht.nl/ict-bedrijven/5184-if-technology/
1934,iFactory,https://www.ictergezocht.nl/ict-bedrijven/5593-ifactory/
1935,Ifthen,https://www.ictergezocht.nl/ict-bedrijven/4325-ifthen/
1936,IGCN,https://www.ictergezocht.nl/ict-bedrijven/8890-igcn/
1937,igen,https://www.ictergezocht.nl/ict-bedrijven/6210-igen/
1938,Igepa Nederland,https://www.ictergezocht.nl/ict-bedrijven/5722-igepa-nederland/
1939,Ihtom,https://www.ictergezocht.nl/ict-bedrijven/6208-ihtom/
1940,IHTOM,https://www.ictergezocht.nl/ict-bedrijven/8005-ihtom/
1941,IICD,https://www.ictergezocht.nl/ict-bedrijven/4158-iicd/
1942,IJsselland ziekenhuis,https://www.ictergezocht.nl/ict-bedrijven/10574-ijsselland-ziekenhuis/
1943,IKNL,https://www.ictergezocht.nl/ict-bedrijven/9583-iknl/
1944,ilionx group,https://www.ictergezocht.nl/ict-bedrijven/7993-ilionx-group/
1945,Illuminoo,https://www.ictergezocht.nl/ict-bedrijven/8915-illuminoo/
1946,iLLUMiON,https://www.ictergezocht.nl/ict-bedrijven/2322-illumion/
1947,IMCD Benelux,https://www.ictergezocht.nl/ict-bedrijven/3580-imcd-benelux/
1948,iMedia XL,https://www.ictergezocht.nl/ict-bedrijven/4583-imedia-xl/
1949,Immenso,https://www.ictergezocht.nl/ict-bedrijven/8577-immenso/
1950,impegno,https://www.ictergezocht.nl/ict-bedrijven/5782-impegno/
1951,Implique,https://www.ictergezocht.nl/ict-bedrijven/3280-implique/
1952,Import  BLUMEX Export,https://www.ictergezocht.nl/ict-bedrijven/1231-import-blumex-export/
1953,Impres Internetgroep,https://www.ictergezocht.nl/ict-bedrijven/4070-impres-internetgroep/
1954,Impressive People,https://www.ictergezocht.nl/ict-bedrijven/4142-impressive-people/
1955,improvit,https://www.ictergezocht.nl/ict-bedrijven/8019-improvit/
1956,Impuls Stichting Welzijn Westelijke Tuinsteden,https://www.ictergezocht.nl/ict-bedrijven/635-impuls-stichting-welzijn-westelijke-tuinsteden/
1957,Impulse Info Systems,https://www.ictergezocht.nl/ict-bedrijven/5978-impulse-info-systems/
1958,IMS Health,https://www.ictergezocht.nl/ict-bedrijven/4332-ims-health/
1959,Imtech,https://www.ictergezocht.nl/ict-bedrijven/5668-imtech/
1960,IMW Tilburg,https://www.ictergezocht.nl/ict-bedrijven/4980-imw-tilburg/
1961,In Ovo,https://www.ictergezocht.nl/ict-bedrijven/9345-in-ovo/
1962,Inavanti,https://www.ictergezocht.nl/ict-bedrijven/9479-inavanti/
1963,Inbisco,https://www.ictergezocht.nl/ict-bedrijven/9820-inbisco/
1964,Inbizz Marketing,https://www.ictergezocht.nl/ict-bedrijven/205-inbizz-marketing/
1965,Incentro International,https://www.ictergezocht.nl/ict-bedrijven/4954-incentro-international/
1966,Incubeta,https://www.ictergezocht.nl/ict-bedrijven/8162-incubeta/
1967,Indahunt,https://www.ictergezocht.nl/ict-bedrijven/754-indahunt/
1968,Indahunt Groep,https://www.ictergezocht.nl/ict-bedrijven/2113-indahunt-groep/
1969,Independent IP,https://www.ictergezocht.nl/ict-bedrijven/5239-independent-ip/
1970,Independent Recruiters,https://www.ictergezocht.nl/ict-bedrijven/41-independent-recruiters/
1971,Independer,https://www.ictergezocht.nl/ict-bedrijven/5185-independer/
1972,Index Hospitality Systems,https://www.ictergezocht.nl/ict-bedrijven/9392-index-hospitality-systems/
1973,Indigo Webstudio,https://www.ictergezocht.nl/ict-bedrijven/10812-indigo-webstudio/
1974,Indito,https://www.ictergezocht.nl/ict-bedrijven/10258-indito/
1975,Inepro,https://www.ictergezocht.nl/ict-bedrijven/5067-inepro/
1976,Inergy,https://www.ictergezocht.nl/ict-bedrijven/10302-inergy/
1977,Infinigate,https://www.ictergezocht.nl/ict-bedrijven/8984-infinigate/
1978,Infinity consulting,https://www.ictergezocht.nl/ict-bedrijven/7900-infinity-consulting/
1979,Infinity IT,https://www.ictergezocht.nl/ict-bedrijven/9527-infinity-it/
1980,Infinity IT Professionals,https://www.ictergezocht.nl/ict-bedrijven/5827-infinity-it-professionals/
1981,Info Support,https://www.ictergezocht.nl/ict-bedrijven/4832-info-support/
1982,Infocaster,https://www.ictergezocht.nl/ict-bedrijven/8764-infocaster/
1983,Infofolio,https://www.ictergezocht.nl/ict-bedrijven/5728-infofolio/
1984,Infolearn,https://www.ictergezocht.nl/ict-bedrijven/5226-infolearn/
1985,Infolearn,https://www.ictergezocht.nl/ict-bedrijven/10742-infolearn/
1986,Infologic Nederland,https://www.ictergezocht.nl/ict-bedrijven/4692-infologic-nederland/
1987,Infologic Nederland,https://www.ictergezocht.nl/ict-bedrijven/10701-infologic-nederland/
1988,Infonology,https://www.ictergezocht.nl/ict-bedrijven/5989-infonology/
1989,Infoplaza Business,https://www.ictergezocht.nl/ict-bedrijven/10821-infoplaza-business/
1990,InfoReports,https://www.ictergezocht.nl/ict-bedrijven/4427-inforeports/
1991,Informant Software,https://www.ictergezocht.nl/ict-bedrijven/7762-informant-software/
1992,Information Makers,https://www.ictergezocht.nl/ict-bedrijven/4303-information-makers/
1993,Informaxion,https://www.ictergezocht.nl/ict-bedrijven/182-informaxion/
1994,Infotheek Groep,https://www.ictergezocht.nl/ict-bedrijven/1533-infotheek-groep/
1995,Infracom,https://www.ictergezocht.nl/ict-bedrijven/3667-infracom/
1996,Infraconnect,https://www.ictergezocht.nl/ict-bedrijven/10904-infraconnect/
1997,Infradax,https://www.ictergezocht.nl/ict-bedrijven/7859-infradax/
1998,InfraIT Groep,https://www.ictergezocht.nl/ict-bedrijven/9277-infrait-groep/
1999,Inframotion,https://www.ictergezocht.nl/ict-bedrijven/3171-inframotion/
2000,InfraVision,https://www.ictergezocht.nl/ict-bedrijven/9558-infravision/
2001,Infront Financial Technology,https://www.ictergezocht.nl/ict-bedrijven/9491-infront-financial-technology/
2002,ING,https://www.ictergezocht.nl/ict-bedrijven/8780-ing/
2003,Ingenieursbureau Coenradie,https://www.ictergezocht.nl/ict-bedrijven/3322-ingenieursbureau-coenradie/
2004,Ingenieurservice,https://www.ictergezocht.nl/ict-bedrijven/162-ingenieurservice/
2005,Ingewikkeld,https://www.ictergezocht.nl/ict-bedrijven/10240-ingewikkeld/
2006,INISI ICT,https://www.ictergezocht.nl/ict-bedrijven/7956-inisi-ict/
2007,Inlichtingenbureau,https://www.ictergezocht.nl/ict-bedrijven/5176-inlichtingenbureau/
2008,Inline ICT,https://www.ictergezocht.nl/ict-bedrijven/6169-inline-ict/
2009,Inlumi,https://www.ictergezocht.nl/ict-bedrijven/8794-inlumi/
2010,InnoMedia,https://www.ictergezocht.nl/ict-bedrijven/4660-innomedia/
2011,Innova Energie,https://www.ictergezocht.nl/ict-bedrijven/4961-innova-energie/
2012,Innovadis,https://www.ictergezocht.nl/ict-bedrijven/4180-innovadis/
2013,Innovam,https://www.ictergezocht.nl/ict-bedrijven/4185-innovam/
2014,InnovatieAdviseurs Holding,https://www.ictergezocht.nl/ict-bedrijven/3332-innovatieadviseurs-holding/
2015,Innovation Gateway Nederland,https://www.ictergezocht.nl/ict-bedrijven/9349-innovation-gateway-nederland/
2016,Innovattic,https://www.ictergezocht.nl/ict-bedrijven/5361-innovattic/
2017,InnoWeb,https://www.ictergezocht.nl/ict-bedrijven/1269-innoweb/
2018,Innshore,https://www.ictergezocht.nl/ict-bedrijven/779-innshore/
2019,Innshore,https://www.ictergezocht.nl/ict-bedrijven/780-innshore/
2020,Inology,https://www.ictergezocht.nl/ict-bedrijven/4136-inology/
2021,inONE,https://www.ictergezocht.nl/ict-bedrijven/5146-inone/
2022,InovaMedia,https://www.ictergezocht.nl/ict-bedrijven/4453-inovamedia/
2023,Inpact Solutions,https://www.ictergezocht.nl/ict-bedrijven/10841-inpact-solutions/
2024,Inphos Nederland,https://www.ictergezocht.nl/ict-bedrijven/8760-inphos-nederland/
2025,InShared,https://www.ictergezocht.nl/ict-bedrijven/10835-inshared/
2026,Insign Managed Services,https://www.ictergezocht.nl/ict-bedrijven/3845-insign-managed-services/
2027,Insolve-detachering,https://www.ictergezocht.nl/ict-bedrijven/2945-insolve-detachering/
2028,InspecTalent,https://www.ictergezocht.nl/ict-bedrijven/9624-inspectalent/
2029,Instant Dedicated,https://www.ictergezocht.nl/ict-bedrijven/9129-instant-dedicated/
2030,Instituut voor de Nederlandse Taal,https://www.ictergezocht.nl/ict-bedrijven/8303-instituut-voor-de-nederlandse-taal/
2031,Instore Digital Printing,https://www.ictergezocht.nl/ict-bedrijven/1534-instore-digital-printing/
2032,Integrative Interventions Group,https://www.ictergezocht.nl/ict-bedrijven/10043-integrative-interventions-group/
2033,Integrative Interventions Group,https://www.ictergezocht.nl/ict-bedrijven/9363-integrative-interventions-group/
2034,Integrigeblo,https://www.ictergezocht.nl/ict-bedrijven/9957-integrigeblo/
2035,IntelliMagic,https://www.ictergezocht.nl/ict-bedrijven/8853-intellimagic/
2036,Intention,https://www.ictergezocht.nl/ict-bedrijven/8242-intention/
2037,Inter Access,https://www.ictergezocht.nl/ict-bedrijven/932-inter-access/
2038,Interactie,https://www.ictergezocht.nl/ict-bedrijven/114-interactie/
2039,InterChicken,https://www.ictergezocht.nl/ict-bedrijven/1024-interchicken/
2040,Interconnect Services,https://www.ictergezocht.nl/ict-bedrijven/8059-interconnect-services/
2041,Intercore IT Services,https://www.ictergezocht.nl/ict-bedrijven/315-intercore-it-services/
2042,Interforce Networks,https://www.ictergezocht.nl/ict-bedrijven/8449-interforce-networks/
2043,Interform,https://www.ictergezocht.nl/ict-bedrijven/5145-interform/
2044,Intergamma,https://www.ictergezocht.nl/ict-bedrijven/3492-intergamma/
2045,Intergral Security Consultancy,https://www.ictergezocht.nl/ict-bedrijven/435-intergral-security-consultancy/
2046,InterimWorX ICT,https://www.ictergezocht.nl/ict-bedrijven/5259-interimworx-ict/
2047,INTERMAC,https://www.ictergezocht.nl/ict-bedrijven/10587-intermac/
2048,Intermax Cloudsourcing,https://www.ictergezocht.nl/ict-bedrijven/8791-intermax-cloudsourcing/
2049,Intermesh,https://www.ictergezocht.nl/ict-bedrijven/1977-intermesh/
2050,International Pallet Pool,https://www.ictergezocht.nl/ict-bedrijven/8048-international-pallet-pool/
2051,Internet Service Europe,https://www.ictergezocht.nl/ict-bedrijven/5646-internet-service-europe/
2052,Internet Today,https://www.ictergezocht.nl/ict-bedrijven/2416-internet-today/
2053,internetbureau  Websight,https://www.ictergezocht.nl/ict-bedrijven/4648-internetbureau-websight/
2054,Internetbureau Flink,https://www.ictergezocht.nl/ict-bedrijven/801-internetbureau-flink/
2055,Internetbureau Lean,https://www.ictergezocht.nl/ict-bedrijven/4591-internetbureau-lean/
2056,InternetToday,https://www.ictergezocht.nl/ict-bedrijven/2412-internettoday/
2057,Internovation,https://www.ictergezocht.nl/ict-bedrijven/1946-internovation/
2058,Intershift Planning,https://www.ictergezocht.nl/ict-bedrijven/10617-intershift-planning/
2059,Intersoftware,https://www.ictergezocht.nl/ict-bedrijven/5484-intersoftware/
2060,Intersolve Technologies,https://www.ictergezocht.nl/ict-bedrijven/9412-intersolve-technologies/
2061,Interstream Barging Netherlands,https://www.ictergezocht.nl/ict-bedrijven/9548-interstream-barging-netherlands/
2062,Interveste,https://www.ictergezocht.nl/ict-bedrijven/739-interveste/
2063,Interveste,https://www.ictergezocht.nl/ict-bedrijven/242-interveste/
2064,Inther Logistics Engineering,https://www.ictergezocht.nl/ict-bedrijven/3945-inther-logistics-engineering/
2065,Intime,https://www.ictergezocht.nl/ict-bedrijven/10373-intime/
2066,Intiss,https://www.ictergezocht.nl/ict-bedrijven/687-intiss/
2067,INTO Telecom & IT,https://www.ictergezocht.nl/ict-bedrijven/6220-into-telecom-it/
2068,Into the Source,https://www.ictergezocht.nl/ict-bedrijven/10487-into-the-source/
2069,InToBytes ICT oplossingen,https://www.ictergezocht.nl/ict-bedrijven/4537-intobytes-ict-oplossingen/
2070,InToto Netwerk Systeembeheer,https://www.ictergezocht.nl/ict-bedrijven/1821-intoto-netwerk-systeembeheer/
2071,Intrameo,https://www.ictergezocht.nl/ict-bedrijven/8775-intrameo/
2072,Intrinsic,https://www.ictergezocht.nl/ict-bedrijven/10029-intrinsic/
2073,Invantive,https://www.ictergezocht.nl/ict-bedrijven/3064-invantive/
2074,Inventeers Research & Development,https://www.ictergezocht.nl/ict-bedrijven/9782-inventeers-research-development/
2075,InventX,https://www.ictergezocht.nl/ict-bedrijven/9772-inventx/
2076,Invision ICT,https://www.ictergezocht.nl/ict-bedrijven/10078-invision-ict/
2077,Invision ICT Solutions,https://www.ictergezocht.nl/ict-bedrijven/4800-invision-ict-solutions/
2078,InWork,https://www.ictergezocht.nl/ict-bedrijven/71-inwork/
2079,IP Factory,https://www.ictergezocht.nl/ict-bedrijven/375-ip-factory/
2080,IP Parking,https://www.ictergezocht.nl/ict-bedrijven/5963-ip-parking/
2081,Iperion IS,https://www.ictergezocht.nl/ict-bedrijven/5624-iperion-is/
2082,IPPZ,https://www.ictergezocht.nl/ict-bedrijven/838-ippz/
2083,IPS Technology,https://www.ictergezocht.nl/ict-bedrijven/3713-ips-technology/
2084,Iris Ohyama Europe,https://www.ictergezocht.nl/ict-bedrijven/3956-iris-ohyama-europe/
2085,"IRIS, Stichting voor Christelijk Voortgezet Onderwijs",https://www.ictergezocht.nl/ict-bedrijven/8291-iris-stichting-voor-christelijk-voortgezet-onderwijs/
2086,IS Interned Services,https://www.ictergezocht.nl/ict-bedrijven/168-is-interned-services/
2087,ISAAC,https://www.ictergezocht.nl/ict-bedrijven/5080-isaac/
2088,Isaac Reach,https://www.ictergezocht.nl/ict-bedrijven/10365-isaac-reach/
2089,Isaeus ICT Solutions,https://www.ictergezocht.nl/ict-bedrijven/8214-isaeus-ict-solutions/
2090,Isala,https://www.ictergezocht.nl/ict-bedrijven/6194-isala/
2091,Isential IT Professionals,https://www.ictergezocht.nl/ict-bedrijven/8536-isential-it-professionals/
2092,Isential IT Professionals,https://www.ictergezocht.nl/ict-bedrijven/8614-isential-it-professionals/
2093,Isero,https://www.ictergezocht.nl/ict-bedrijven/9034-isero/
2094,Isero,https://www.ictergezocht.nl/ict-bedrijven/8946-isero/
2095,Isero,https://www.ictergezocht.nl/ict-bedrijven/9465-isero/
2096,Isero IJzerwaren,https://www.ictergezocht.nl/ict-bedrijven/5370-isero-ijzerwaren/
2097,Isle Utilities,https://www.ictergezocht.nl/ict-bedrijven/10519-isle-utilities/
2098,ISMH,https://www.ictergezocht.nl/ict-bedrijven/218-ismh/
2099,ISO Groep Automatisering,https://www.ictergezocht.nl/ict-bedrijven/3449-iso-groep-automatisering/
2100,Isogen Life Science,https://www.ictergezocht.nl/ict-bedrijven/4503-isogen-life-science/
2101,ISOPlanner,https://www.ictergezocht.nl/ict-bedrijven/10899-isoplanner/
2102,ISPnext,https://www.ictergezocht.nl/ict-bedrijven/8961-ispnext/
2103,ISSYS ICT,https://www.ictergezocht.nl/ict-bedrijven/9000-issys-ict/
2104,IT Broker,https://www.ictergezocht.nl/ict-bedrijven/5421-it-broker/
2105,IT Captains,https://www.ictergezocht.nl/ict-bedrijven/10191-it-captains/
2106,IT Consultancy Group,https://www.ictergezocht.nl/ict-bedrijven/21-it-consultancy-group/
2107,IT creation,https://www.ictergezocht.nl/ict-bedrijven/9719-it-creation/
2108,IT Employment,https://www.ictergezocht.nl/ict-bedrijven/9166-it-employment/
2109,IT Hunter,https://www.ictergezocht.nl/ict-bedrijven/5571-it-hunter/
2110,IT Local,https://www.ictergezocht.nl/ict-bedrijven/9987-it-local/
2111,IT Programmeur,https://www.ictergezocht.nl/ict-bedrijven/9117-it-programmeur/
2112,IT Recruitment,https://www.ictergezocht.nl/ict-bedrijven/5492-it-recruitment/
2113,IT Resource Company,https://www.ictergezocht.nl/ict-bedrijven/7828-it-resource-company/
2114,IT Solution Partners,https://www.ictergezocht.nl/ict-bedrijven/1029-it-solution-partners/
2115,IT Support Groep,https://www.ictergezocht.nl/ict-bedrijven/7923-it-support-groep/
2116,IT Synergy,https://www.ictergezocht.nl/ict-bedrijven/9480-it-synergy/
2117,IT-Concern,https://www.ictergezocht.nl/ict-bedrijven/10389-it-concern/
2118,IT-Desh Consultancy,https://www.ictergezocht.nl/ict-bedrijven/323-it-desh-consultancy/
2119,IT-idiots,https://www.ictergezocht.nl/ict-bedrijven/9758-it-idiots/
2120,IT-Mediair,https://www.ictergezocht.nl/ict-bedrijven/5505-it-mediair/
2121,iT-novative,https://www.ictergezocht.nl/ict-bedrijven/8355-it-novative/
2122,IT-Profile,https://www.ictergezocht.nl/ict-bedrijven/91-it-profile/
2123,IT-serve,https://www.ictergezocht.nl/ict-bedrijven/10901-it-serve/
2124,IT-Workz,https://www.ictergezocht.nl/ict-bedrijven/5726-it-workz/
2125,it/Astrea,https://www.ictergezocht.nl/ict-bedrijven/613-it-astrea/
2126,iT2,https://www.ictergezocht.nl/ict-bedrijven/9587-it2/
2127,IT4Heroes,https://www.ictergezocht.nl/ict-bedrijven/9660-it4heroes/
2128,iTalentree Reruitment,https://www.ictergezocht.nl/ict-bedrijven/1168-italentree-reruitment/
2129,Italko,https://www.ictergezocht.nl/ict-bedrijven/10533-italko/
2130,ItaQ,https://www.ictergezocht.nl/ict-bedrijven/7949-itaq/
2131,ItaQ,https://www.ictergezocht.nl/ict-bedrijven/5066-itaq/
2132,Itasc Nederland,https://www.ictergezocht.nl/ict-bedrijven/4293-itasc-nederland/
2133,Itass,https://www.ictergezocht.nl/ict-bedrijven/8218-itass/
2134,ItéMedical,https://www.ictergezocht.nl/ict-bedrijven/646-itemedical/
2135,ITEquals3,https://www.ictergezocht.nl/ict-bedrijven/520-itequals3/
2136,Itera,https://www.ictergezocht.nl/ict-bedrijven/547-itera/
2137,ITHEC ICT,https://www.ictergezocht.nl/ict-bedrijven/3109-ithec-ict/
2138,Itility,https://www.ictergezocht.nl/ict-bedrijven/5130-itility/
2139,ITIS,https://www.ictergezocht.nl/ict-bedrijven/8126-itis/
2140,ITisit,https://www.ictergezocht.nl/ict-bedrijven/2205-itisit/
2141,itlinx,https://www.ictergezocht.nl/ict-bedrijven/8997-itlinx/
2142,Itlinx,https://www.ictergezocht.nl/ict-bedrijven/10072-itlinx/
2143,ITmotive,https://www.ictergezocht.nl/ict-bedrijven/2681-itmotive/
2144,iToday,https://www.ictergezocht.nl/ict-bedrijven/9197-itoday/
2145,ITProgrammeur,https://www.ictergezocht.nl/ict-bedrijven/7786-itprogrammeur/
2146,Itproposal,https://www.ictergezocht.nl/ict-bedrijven/9730-itproposal/
2147,ITQ,https://www.ictergezocht.nl/ict-bedrijven/4304-itq/
2148,iTRACTION,https://www.ictergezocht.nl/ict-bedrijven/3229-itraction/
2149,Itris,https://www.ictergezocht.nl/ict-bedrijven/10508-itris/
2150,ITS,https://www.ictergezocht.nl/ict-bedrijven/8479-its/
2151,itslearning,https://www.ictergezocht.nl/ict-bedrijven/8707-itslearning/
2152,ITSP Groep,https://www.ictergezocht.nl/ict-bedrijven/5338-itsp-groep/
2153,ITSync,https://www.ictergezocht.nl/ict-bedrijven/7559-itsync/
2154,ITSync,https://www.ictergezocht.nl/ict-bedrijven/5850-itsync/
2155,Itum Solutions,https://www.ictergezocht.nl/ict-bedrijven/5304-itum-solutions/
2156,Iv-Software,https://www.ictergezocht.nl/ict-bedrijven/3482-iv-software/
2157,IVE Ventures,https://www.ictergezocht.nl/ict-bedrijven/10185-ive-ventures/
2158,IVO Rechtspraak,https://www.ictergezocht.nl/ict-bedrijven/9829-ivo-rechtspraak/
2159,iwell,https://www.ictergezocht.nl/ict-bedrijven/8588-iwell/
2160,iwell,https://www.ictergezocht.nl/ict-bedrijven/9622-iwell/
2161,Ixly,https://www.ictergezocht.nl/ict-bedrijven/4835-ixly/
2162,IXON Cloud,https://www.ictergezocht.nl/ict-bedrijven/9886-ixon-cloud/
2163,ICT bedrijven zoeken,https://www.ictergezocht.nl/ict-bedrijven/
2164,ICT bedrijven zoeken,https://www.ictergezocht.nl/ict-bedrijven/
2165,J.M. de Jong Groep,https://www.ictergezocht.nl/ict-bedrijven/10025-jm-de-jong-groep/
2166,J.M. de Jong Groep,https://www.ictergezocht.nl/ict-bedrijven/9565-jm-de-jong-groep/
2167,J.M. Levarht & Zn.,https://www.ictergezocht.nl/ict-bedrijven/6072-jm-levarht-zn/
2168,JAG Recruit,https://www.ictergezocht.nl/ict-bedrijven/5426-jag-recruit/
2169,Jamezz.,https://www.ictergezocht.nl/ict-bedrijven/10154-jamezz/
2170,JAN© Accountants & Adviseurs,https://www.ictergezocht.nl/ict-bedrijven/10804-janc-accountants-adviseurs/
2171,Janssen & Janssen c.s. Incasso & Gerechtsdeurwaarders,https://www.ictergezocht.nl/ict-bedrijven/3000-janssen-janssen-cs-incasso-gerechtsdeurwaarders/
2172,Janszoon Software,https://www.ictergezocht.nl/ict-bedrijven/7907-janszoon-software/
2173,Jarabee,https://www.ictergezocht.nl/ict-bedrijven/9347-jarabee/
2174,Jaunt VR,https://www.ictergezocht.nl/ict-bedrijven/5986-jaunt-vr/
2175,Javaka Professionals,https://www.ictergezocht.nl/ict-bedrijven/10884-javaka-professionals/
2176,JB Fountain,https://www.ictergezocht.nl/ict-bedrijven/1016-jb-fountain/
2177,JC-Electronics,https://www.ictergezocht.nl/ict-bedrijven/9828-jc-electronics/
2178,JCDecaux Nederland,https://www.ictergezocht.nl/ict-bedrijven/6066-jcdecaux-nederland/
2179,JDS bedrijfsautomatisering,https://www.ictergezocht.nl/ict-bedrijven/8146-jds-bedrijfsautomatisering/
2180,Jedlix,https://www.ictergezocht.nl/ict-bedrijven/8033-jedlix/
2181,Jeij,https://www.ictergezocht.nl/ict-bedrijven/10523-jeij/
2182,Jelling IT Professionals,https://www.ictergezocht.nl/ict-bedrijven/9424-jelling-it-professionals/
2183,Jeugdbescherming Brabant,https://www.ictergezocht.nl/ict-bedrijven/7803-jeugdbescherming-brabant/
2184,Jeugdgezondheidszorg Zuid-Holland West,https://www.ictergezocht.nl/ict-bedrijven/8545-jeugdgezondheidszorg-zuid-holland-west/
2185,Jeugdzorg Nederland,https://www.ictergezocht.nl/ict-bedrijven/10294-jeugdzorg-nederland/
2186,Jewotech,https://www.ictergezocht.nl/ict-bedrijven/4792-jewotech/
2187,JG Solutions,https://www.ictergezocht.nl/ict-bedrijven/10689-jg-solutions/
2188,JGZ Zuid-Holland West,https://www.ictergezocht.nl/ict-bedrijven/10094-jgz-zuid-holland-west/
2189,JINC,https://www.ictergezocht.nl/ict-bedrijven/10837-jinc/
2190,Jitscale,https://www.ictergezocht.nl/ict-bedrijven/4120-jitscale/
2191,JK Webdesign,https://www.ictergezocht.nl/ict-bedrijven/10315-jk-webdesign/
2192,JLG EMEA,https://www.ictergezocht.nl/ict-bedrijven/5662-jlg-emea/
2193,JMG Publishing,https://www.ictergezocht.nl/ict-bedrijven/1485-jmg-publishing/
2194,JnW Media,https://www.ictergezocht.nl/ict-bedrijven/1733-jnw-media/
2195,Job Promo,https://www.ictergezocht.nl/ict-bedrijven/668-job-promo/
2196,Job to Go io VCS Automatisering,https://www.ictergezocht.nl/ict-bedrijven/268-job-to-go-io-vcs-automatisering/
2197,JobBoost,https://www.ictergezocht.nl/ict-bedrijven/10466-jobboost/
2198,JobBoost,https://www.ictergezocht.nl/ict-bedrijven/8950-jobboost/
2199,Jobcenter Intermediaire Diensten,https://www.ictergezocht.nl/ict-bedrijven/6121-jobcenter-intermediaire-diensten/
2200,Jobco Support,https://www.ictergezocht.nl/ict-bedrijven/5594-jobco-support/
2201,Jobfinity,https://www.ictergezocht.nl/ict-bedrijven/7644-jobfinity/
2202,Joblio,https://www.ictergezocht.nl/ict-bedrijven/10806-joblio/
2203,JobMatchfactory,https://www.ictergezocht.nl/ict-bedrijven/9437-jobmatchfactory/
2204,Jobselectie,https://www.ictergezocht.nl/ict-bedrijven/4334-jobselectie/
2205,Jobtrack,https://www.ictergezocht.nl/ict-bedrijven/1188-jobtrack/
2206,Jobvizier Human Resource Group,https://www.ictergezocht.nl/ict-bedrijven/5468-jobvizier-human-resource-group/
2207,Jobway,https://www.ictergezocht.nl/ict-bedrijven/3775-jobway/
2208,Jobwerkt,https://www.ictergezocht.nl/ict-bedrijven/286-jobwerkt/
2209,Johan Henkes,https://www.ictergezocht.nl/ict-bedrijven/8750-johan-henkes/
2210,Johan Land,https://www.ictergezocht.nl/ict-bedrijven/8870-johan-land/
2211,Joost IT,https://www.ictergezocht.nl/ict-bedrijven/8309-joost-it/
2212,Jopportunity,https://www.ictergezocht.nl/ict-bedrijven/5474-jopportunity/
2213,Joris Zorg,https://www.ictergezocht.nl/ict-bedrijven/10210-joris-zorg/
2214,Jorr-IT Solutions,https://www.ictergezocht.nl/ict-bedrijven/10032-jorr-it-solutions/
2215,Jouw ICT,https://www.ictergezocht.nl/ict-bedrijven/10356-jouw-ict/
2216,JP Haarlem,https://www.ictergezocht.nl/ict-bedrijven/3963-jp-haarlem/
2217,JPdoco,https://www.ictergezocht.nl/ict-bedrijven/10435-jpdoco/
2218,JR-IT,https://www.ictergezocht.nl/ict-bedrijven/5319-jr-it/
2219,JRecruit,https://www.ictergezocht.nl/ict-bedrijven/1938-jrecruit/
2220,JSE ICT Experts,https://www.ictergezocht.nl/ict-bedrijven/10534-jse-ict-experts/
2221,JSR Multi Design,https://www.ictergezocht.nl/ict-bedrijven/10377-jsr-multi-design/
2222,Jump Legal / Sjauf / Mobiliteitsdiensten Nederland,https://www.ictergezocht.nl/ict-bedrijven/9891-jump-legal-sjauf-mobiliteitsdiensten-nederland/
2223,Junior Einstein,https://www.ictergezocht.nl/ict-bedrijven/9523-junior-einstein/
2224,Junior Einstein,https://www.ictergezocht.nl/ict-bedrijven/10070-junior-einstein/
2225,JuriBlox,https://www.ictergezocht.nl/ict-bedrijven/9104-juriblox/
2226,JuristenWijzer,https://www.ictergezocht.nl/ict-bedrijven/1568-juristenwijzer/
2227,Jurriaans Lindenbaum Grafimedia,https://www.ictergezocht.nl/ict-bedrijven/4114-jurriaans-lindenbaum-grafimedia/
2228,JUST,https://www.ictergezocht.nl/ict-bedrijven/163-just/
2229,Just Brands,https://www.ictergezocht.nl/ict-bedrijven/9997-just-brands/
2230,Just Brands,https://www.ictergezocht.nl/ict-bedrijven/8563-just-brands/
2231,Justdata ICT,https://www.ictergezocht.nl/ict-bedrijven/8349-justdata-ict/
2232,JUSTIN recruitment,https://www.ictergezocht.nl/ict-bedrijven/10364-justin-recruitment/
2233,JUSTIN recruitment,https://www.ictergezocht.nl/ict-bedrijven/9717-justin-recruitment/
2234,Justrite Safety Group EMEA,https://www.ictergezocht.nl/ict-bedrijven/9063-justrite-safety-group-emea/
2235,Juulr,https://www.ictergezocht.nl/ict-bedrijven/10063-juulr/
2236,JVH Gaming & Entertainment,https://www.ictergezocht.nl/ict-bedrijven/8846-jvh-gaming-entertainment/
2237,JVW Recruitment,https://www.ictergezocht.nl/ict-bedrijven/10747-jvw-recruitment/
2238,JWE,https://www.ictergezocht.nl/ict-bedrijven/8918-jwe/
2239,ICT bedrijven zoeken,https://www.ictergezocht.nl/ict-bedrijven/
2240,ICT bedrijven zoeken,https://www.ictergezocht.nl/ict-bedrijven/
2241,Kaemingk,https://www.ictergezocht.nl/ict-bedrijven/5190-kaemingk/
2242,Kaliber Interactive,https://www.ictergezocht.nl/ict-bedrijven/9543-kaliber-interactive/
2243,Kamer van Koophandel Nederland,https://www.ictergezocht.nl/ict-bedrijven/4026-kamer-van-koophandel-nederland/
2244,Kampert Nauta,https://www.ictergezocht.nl/ict-bedrijven/4270-kampert-nauta/
2245,kappasiteit,https://www.ictergezocht.nl/ict-bedrijven/802-kappasiteit/
2246,Kappé Schiphol,https://www.ictergezocht.nl/ict-bedrijven/9068-kappe-schiphol/
2247,Karelse Recruitment,https://www.ictergezocht.nl/ict-bedrijven/10066-karelse-recruitment/
2248,KAS BANK,https://www.ictergezocht.nl/ict-bedrijven/3679-kas-bank/
2249,Kawasaki Motors Europe,https://www.ictergezocht.nl/ict-bedrijven/8332-kawasaki-motors-europe/
2250,KEEN Educational Exchange Network,https://www.ictergezocht.nl/ict-bedrijven/10461-keen-educational-exchange-network/
2251,Kees in 't Veen Beheer,https://www.ictergezocht.nl/ict-bedrijven/8934-kees-in-t-veen-beheer/
2252,Kees Internet,https://www.ictergezocht.nl/ict-bedrijven/817-kees-internet/
2253,Kees Smit Tuinmeubelen,https://www.ictergezocht.nl/ict-bedrijven/9171-kees-smit-tuinmeubelen/
2254,Keesing Games,https://www.ictergezocht.nl/ict-bedrijven/2729-keesing-games/
2255,Keesing Media Group,https://www.ictergezocht.nl/ict-bedrijven/10908-keesing-media-group/
2256,Keesing Technologies,https://www.ictergezocht.nl/ict-bedrijven/8654-keesing-technologies/
2257,Kega,https://www.ictergezocht.nl/ict-bedrijven/10783-kega/
2258,Kega,https://www.ictergezocht.nl/ict-bedrijven/4059-kega/
2259,Kega,https://www.ictergezocht.nl/ict-bedrijven/10491-kega/
2260,Keijzer,https://www.ictergezocht.nl/ict-bedrijven/10386-keijzer/
2261,Kempenhaeghe,https://www.ictergezocht.nl/ict-bedrijven/9249-kempenhaeghe/
2262,Kender Thijssen ICT Solutions,https://www.ictergezocht.nl/ict-bedrijven/3427-kender-thijssen-ict-solutions/
2263,Kennemer Gasthuis,https://www.ictergezocht.nl/ict-bedrijven/4531-kennemer-gasthuis/
2264,Kenteken verslag,https://www.ictergezocht.nl/ict-bedrijven/9601-kenteken-verslag/
2265,Kenteq,https://www.ictergezocht.nl/ict-bedrijven/5582-kenteq/
2266,Kern,https://www.ictergezocht.nl/ict-bedrijven/1281-kern/
2267,Kerridge Commercial Systems )Nederland,https://www.ictergezocht.nl/ict-bedrijven/6079-kerridge-commercial-systems-nederland/
2268,KeurigOnline,https://www.ictergezocht.nl/ict-bedrijven/5087-keurigonline/
2269,Keuze.nl,https://www.ictergezocht.nl/ict-bedrijven/9443-keuzenl/
2270,Kewill,https://www.ictergezocht.nl/ict-bedrijven/3350-kewill/
2271,Key Music Group,https://www.ictergezocht.nl/ict-bedrijven/4638-key-music-group/
2272,Keygene,https://www.ictergezocht.nl/ict-bedrijven/4893-keygene/
2273,KeyLink,https://www.ictergezocht.nl/ict-bedrijven/4794-keylink/
2274,Kibeo,https://www.ictergezocht.nl/ict-bedrijven/8938-kibeo/
2275,KICK-ICT,https://www.ictergezocht.nl/ict-bedrijven/965-kick-ict/
2276,Kik Cycleparts,https://www.ictergezocht.nl/ict-bedrijven/10290-kik-cycleparts/
2277,Kikz Webdesign & -ontwikkeling,https://www.ictergezocht.nl/ict-bedrijven/3921-kikz-webdesign-ontwikkeling/
2278,Kim Kennis & Informatie Management,https://www.ictergezocht.nl/ict-bedrijven/3443-kim-kennis-informatie-management/
2279,Kings in IT,https://www.ictergezocht.nl/ict-bedrijven/10645-kings-in-it/
2280,KIOTA,https://www.ictergezocht.nl/ict-bedrijven/9528-kiota/
2281,KIREMA • Personalize IT,https://www.ictergezocht.nl/ict-bedrijven/8857-kirema-o-personalize-it/
2282,KIT,https://www.ictergezocht.nl/ict-bedrijven/10604-kit/
2283,Kiwa CMR,https://www.ictergezocht.nl/ict-bedrijven/8017-kiwa-cmr/
2284,KiwiMedia,https://www.ictergezocht.nl/ict-bedrijven/3230-kiwimedia/
2285,KKS,https://www.ictergezocht.nl/ict-bedrijven/6067-kks/
2286,Klaverblad Verzekeringen,https://www.ictergezocht.nl/ict-bedrijven/4058-klaverblad-verzekeringen/
2287,Klein Retail Group,https://www.ictergezocht.nl/ict-bedrijven/4615-klein-retail-group/
2288,KleinGeluk,https://www.ictergezocht.nl/ict-bedrijven/10721-kleingeluk/
2289,Kleisteen,https://www.ictergezocht.nl/ict-bedrijven/1027-kleisteen/
2290,Kleuro Groep,https://www.ictergezocht.nl/ict-bedrijven/5347-kleuro-groep/
2291,Kleurrijk Wonen,https://www.ictergezocht.nl/ict-bedrijven/9248-kleurrijk-wonen/
2292,KleurrijkWonen,https://www.ictergezocht.nl/ict-bedrijven/6096-kleurrijkwonen/
2293,Klikwork,https://www.ictergezocht.nl/ict-bedrijven/670-klikwork/
2294,Klimmendaal,https://www.ictergezocht.nl/ict-bedrijven/8892-klimmendaal/
2295,KLM Information Services,https://www.ictergezocht.nl/ict-bedrijven/50-klm-information-services/
2296,Kloosterboer,https://www.ictergezocht.nl/ict-bedrijven/9955-kloosterboer/
2297,Klopotek,https://www.ictergezocht.nl/ict-bedrijven/10506-klopotek/
2298,Klusup,https://www.ictergezocht.nl/ict-bedrijven/5102-klusup/
2299,Knaken Cryptohandel,https://www.ictergezocht.nl/ict-bedrijven/9367-knaken-cryptohandel/
2300,Kneepkens ICT Services,https://www.ictergezocht.nl/ict-bedrijven/9169-kneepkens-ict-services/
2301,Knipidee International,https://www.ictergezocht.nl/ict-bedrijven/9164-knipidee-international/
2302,KNMP,https://www.ictergezocht.nl/ict-bedrijven/942-knmp/
2303,Knowledge Solution,https://www.ictergezocht.nl/ict-bedrijven/9099-knowledge-solution/
2304,Knoworries,https://www.ictergezocht.nl/ict-bedrijven/5830-knoworries/
2305,KNVB,https://www.ictergezocht.nl/ict-bedrijven/10512-knvb/
2306,Kodision,https://www.ictergezocht.nl/ict-bedrijven/8248-kodision/
2307,Kodision,https://www.ictergezocht.nl/ict-bedrijven/7925-kodision/
2308,koen,https://www.ictergezocht.nl/ict-bedrijven/10336-koen/
2309,Kolibri Logistiek,https://www.ictergezocht.nl/ict-bedrijven/9256-kolibri-logistiek/
2310,Koning Willem I College,https://www.ictergezocht.nl/ict-bedrijven/10860-koning-willem-i-college/
2311,Koninklijk Instituut voor de Tropen,https://www.ictergezocht.nl/ict-bedrijven/9664-koninklijk-instituut-voor-de-tropen/
2312,Koninklijk Nederlands Watersport Verbond,https://www.ictergezocht.nl/ict-bedrijven/9974-koninklijk-nederlands-watersport-verbond/
2313,Koninklijke Auris Groep,https://www.ictergezocht.nl/ict-bedrijven/8766-koninklijke-auris-groep/
2314,Koninklijke BAM Groep,https://www.ictergezocht.nl/ict-bedrijven/9101-koninklijke-bam-groep/
2315,Koninklijke Bammens,https://www.ictergezocht.nl/ict-bedrijven/9853-koninklijke-bammens/
2316,Koninklijke drukkerij Em. de Jong,https://www.ictergezocht.nl/ict-bedrijven/8354-koninklijke-drukkerij-em-de-jong/
2317,Koninklijke Metaalunie,https://www.ictergezocht.nl/ict-bedrijven/5016-koninklijke-metaalunie/
2318,Koninklijke Sportfondsen Nederland,https://www.ictergezocht.nl/ict-bedrijven/10893-koninklijke-sportfondsen-nederland/
2319,Koninklijke Van Wijhe Verf,https://www.ictergezocht.nl/ict-bedrijven/9837-koninklijke-van-wijhe-verf/
2320,Koninklijke Visio,https://www.ictergezocht.nl/ict-bedrijven/10414-koninklijke-visio/
2321,Koops Furness,https://www.ictergezocht.nl/ict-bedrijven/4672-koops-furness/
2322,Koornstra & Co,https://www.ictergezocht.nl/ict-bedrijven/9183-koornstra-co/
2323,KOOT ICT Professionals,https://www.ictergezocht.nl/ict-bedrijven/6008-koot-ict-professionals/
2324,Koppert,https://www.ictergezocht.nl/ict-bedrijven/9035-koppert/
2325,Koster Telecom,https://www.ictergezocht.nl/ict-bedrijven/4424-koster-telecom/
2326,KPN Consulting,https://www.ictergezocht.nl/ict-bedrijven/5040-kpn-consulting/
2327,KPN Werkplek,https://www.ictergezocht.nl/ict-bedrijven/8261-kpn-werkplek/
2328,Kras,https://www.ictergezocht.nl/ict-bedrijven/5597-kras/
2329,Kred'it,https://www.ictergezocht.nl/ict-bedrijven/9938-kredit/
2330,Kredietbank Nederland,https://www.ictergezocht.nl/ict-bedrijven/10101-kredietbank-nederland/
2331,Kresco,https://www.ictergezocht.nl/ict-bedrijven/9138-kresco/
2332,Kreuze,https://www.ictergezocht.nl/ict-bedrijven/10307-kreuze/
2333,KRO-NCRV,https://www.ictergezocht.nl/ict-bedrijven/10369-kro-ncrv/
2334,KRONOS SYSTEMS,https://www.ictergezocht.nl/ict-bedrijven/3934-kronos-systems/
2335,KSS,https://www.ictergezocht.nl/ict-bedrijven/6106-kss/
2336,KSS NL,https://www.ictergezocht.nl/ict-bedrijven/8085-kss-nl/
2337,KSYOS TeleMedisch Centrum,https://www.ictergezocht.nl/ict-bedrijven/1400-ksyos-telemedisch-centrum/
2338,KUBUS,https://www.ictergezocht.nl/ict-bedrijven/7903-kubus/
2339,Kuipers Electronic Engineering,https://www.ictergezocht.nl/ict-bedrijven/1303-kuipers-electronic-engineering/
2340,Kumina,https://www.ictergezocht.nl/ict-bedrijven/5932-kumina/
2341,Kunneman & Vandenbroek Recruitment Solutions,https://www.ictergezocht.nl/ict-bedrijven/5452-kunneman-vandenbroek-recruitment-solutions/
2342,Kunstmuseum Den Haag,https://www.ictergezocht.nl/ict-bedrijven/9321-kunstmuseum-den-haag/
2343,Kverneland Group Mechatronics,https://www.ictergezocht.nl/ict-bedrijven/8225-kverneland-group-mechatronics/
2344,KWAKKWAK,https://www.ictergezocht.nl/ict-bedrijven/894-kwakkwak/
2345,Kwalitist,https://www.ictergezocht.nl/ict-bedrijven/5842-kwalitist/
2346,Kwiik,https://www.ictergezocht.nl/ict-bedrijven/9192-kwiik/
2347,Kwintes,https://www.ictergezocht.nl/ict-bedrijven/4366-kwintes/
2348,KWOOT,https://www.ictergezocht.nl/ict-bedrijven/4151-kwoot/
2349,KWR Water,https://www.ictergezocht.nl/ict-bedrijven/9642-kwr-water/
2350,KYOS Energy Consulting,https://www.ictergezocht.nl/ict-bedrijven/4447-kyos-energy-consulting/
2351,ICT bedrijven zoeken,https://www.ictergezocht.nl/ict-bedrijven/
2352,ICT bedrijven zoeken,https://www.ictergezocht.nl/ict-bedrijven/
2353,L'unité IT Solutions,https://www.ictergezocht.nl/ict-bedrijven/8738-lunite-it-solutions/
2354,L&DJ PR,https://www.ictergezocht.nl/ict-bedrijven/4828-ldj-pr/
2355,La Gro Geelkerken Advocaten,https://www.ictergezocht.nl/ict-bedrijven/9024-la-gro-geelkerken-advocaten/
2356,Laarhoven design International,https://www.ictergezocht.nl/ict-bedrijven/2738-laarhoven-design-international/
2357,Label305,https://www.ictergezocht.nl/ict-bedrijven/8452-label305/
2358,Labelsoft Clinical IT,https://www.ictergezocht.nl/ict-bedrijven/4790-labelsoft-clinical-it/
2359,Lahoux Optics,https://www.ictergezocht.nl/ict-bedrijven/9922-lahoux-optics/
2360,Lajos.nl,https://www.ictergezocht.nl/ict-bedrijven/10542-lajosnl/
2361,Lajos.nl,https://www.ictergezocht.nl/ict-bedrijven/145-lajosnl/
2362,Lameco,https://www.ictergezocht.nl/ict-bedrijven/9505-lameco/
2363,Lancom,https://www.ictergezocht.nl/ict-bedrijven/8453-lancom/
2364,Landal GreenParks,https://www.ictergezocht.nl/ict-bedrijven/9589-landal-greenparks/
2365,Landelijke Registratie Orthopedische Implantaten,https://www.ictergezocht.nl/ict-bedrijven/7865-landelijke-registratie-orthopedische-implantaten/
2366,LANDER,https://www.ictergezocht.nl/ict-bedrijven/4791-lander/
2367,Landstede team ICT,https://www.ictergezocht.nl/ict-bedrijven/312-landstede-team-ict/
2368,Lannet IT,https://www.ictergezocht.nl/ict-bedrijven/7753-lannet-it/
2369,Lannet IT,https://www.ictergezocht.nl/ict-bedrijven/9908-lannet-it/
2370,LannooMeulenhoff,https://www.ictergezocht.nl/ict-bedrijven/9627-lannoomeulenhoff/
2371,LannooMeulenhoff,https://www.ictergezocht.nl/ict-bedrijven/10668-lannoomeulenhoff/
2372,Lansigt accountants en belastingadviseurs,https://www.ictergezocht.nl/ict-bedrijven/9153-lansigt-accountants-en-belastingadviseurs/
2373,Laposta,https://www.ictergezocht.nl/ict-bedrijven/6160-laposta/
2374,LAS | Latijns Amerika Specialist,https://www.ictergezocht.nl/ict-bedrijven/4950-las-latijns-amerika-specialist/
2375,LaSer Nederland,https://www.ictergezocht.nl/ict-bedrijven/5749-laser-nederland/
2376,Laurens & Nivard IT Services,https://www.ictergezocht.nl/ict-bedrijven/9916-laurens-nivard-it-services/
2377,Laurens & Nivard IT Services,https://www.ictergezocht.nl/ict-bedrijven/8158-laurens-nivard-it-services/
2378,Laurentius,https://www.ictergezocht.nl/ict-bedrijven/10020-laurentius/
2379,Layer,https://www.ictergezocht.nl/ict-bedrijven/9378-layer/
2380,LBP|SIGHT,https://www.ictergezocht.nl/ict-bedrijven/10484-lbp-sight/
2381,Ldesign Media,https://www.ictergezocht.nl/ict-bedrijven/9765-ldesign-media/
2382,Le Mage,https://www.ictergezocht.nl/ict-bedrijven/8667-le-mage/
2383,LeaderTelecom,https://www.ictergezocht.nl/ict-bedrijven/4589-leadertelecom/
2384,Leads2Travel,https://www.ictergezocht.nl/ict-bedrijven/8813-leads2travel/
2385,Leaflets,https://www.ictergezocht.nl/ict-bedrijven/10391-leaflets/
2386,LeanApps,https://www.ictergezocht.nl/ict-bedrijven/4081-leanapps/
2387,LeanForms,https://www.ictergezocht.nl/ict-bedrijven/6206-leanforms/
2388,LearningOnLine,https://www.ictergezocht.nl/ict-bedrijven/3952-learningonline/
2389,Learnit,https://www.ictergezocht.nl/ict-bedrijven/9888-learnit/
2390,Leaufort,https://www.ictergezocht.nl/ict-bedrijven/5644-leaufort/
2391,LEF Green,https://www.ictergezocht.nl/ict-bedrijven/10861-lef-green/
2392,LEF Professionals,https://www.ictergezocht.nl/ict-bedrijven/10792-lef-professionals/
2393,Lefit,https://www.ictergezocht.nl/ict-bedrijven/5433-lefit/
2394,Lefit recruitment,https://www.ictergezocht.nl/ict-bedrijven/1171-lefit-recruitment/
2395,Left skateshop,https://www.ictergezocht.nl/ict-bedrijven/206-left-skateshop/
2396,Legian,https://www.ictergezocht.nl/ict-bedrijven/9440-legian/
2397,Legions,https://www.ictergezocht.nl/ict-bedrijven/2449-legions/
2398,Legro Potgrond,https://www.ictergezocht.nl/ict-bedrijven/10598-legro-potgrond/
2399,Leiderdorp Instruments,https://www.ictergezocht.nl/ict-bedrijven/7580-leiderdorp-instruments/
2400,Leidsche Rijn Julius Gezondheidscentra,https://www.ictergezocht.nl/ict-bedrijven/6134-leidsche-rijn-julius-gezondheidscentra/
2401,Leidse Onderwijsinstellingen,https://www.ictergezocht.nl/ict-bedrijven/8895-leidse-onderwijsinstellingen/
2402,Lekkerkerker Dairy & Food Equipment,https://www.ictergezocht.nl/ict-bedrijven/6218-lekkerkerker-dairy-food-equipment/
2403,Lely Services,https://www.ictergezocht.nl/ict-bedrijven/10311-lely-services/
2404,Lemontree,https://www.ictergezocht.nl/ict-bedrijven/8384-lemontree/
2405,Leprastichting,https://www.ictergezocht.nl/ict-bedrijven/9123-leprastichting/
2406,Lettow Studios,https://www.ictergezocht.nl/ict-bedrijven/8207-lettow-studios/
2407,LevelUp Group,https://www.ictergezocht.nl/ict-bedrijven/9721-levelup-group/
2408,Levent Bedrijfsrecherche,https://www.ictergezocht.nl/ict-bedrijven/8783-levent-bedrijfsrecherche/
2409,LEVIY,https://www.ictergezocht.nl/ict-bedrijven/7615-leviy/
2410,Levy Professionals,https://www.ictergezocht.nl/ict-bedrijven/10107-levy-professionals/
2411,Lewis Communications,https://www.ictergezocht.nl/ict-bedrijven/4594-lewis-communications/
2412,LFT-Last Foot Technology,https://www.ictergezocht.nl/ict-bedrijven/4435-lft-last-foot-technology/
2413,Liberein,https://www.ictergezocht.nl/ict-bedrijven/9051-liberein/
2414,Libra ICT,https://www.ictergezocht.nl/ict-bedrijven/8185-libra-ict/
2415,Libra Revalidatie & Audiologie,https://www.ictergezocht.nl/ict-bedrijven/7843-libra-revalidatie-audiologie/
2416,LIC,https://www.ictergezocht.nl/ict-bedrijven/840-lic/
2417,Lidl Nederland,https://www.ictergezocht.nl/ict-bedrijven/4160-lidl-nederland/
2418,LiehebberHR,https://www.ictergezocht.nl/ict-bedrijven/3496-liehebberhr/
2419,Liemerije,https://www.ictergezocht.nl/ict-bedrijven/4255-liemerije/
2420,Lievense,https://www.ictergezocht.nl/ict-bedrijven/6150-lievense/
2421,Lievense Milieu,https://www.ictergezocht.nl/ict-bedrijven/8929-lievense-milieu/
2422,Lifely,https://www.ictergezocht.nl/ict-bedrijven/7797-lifely/
2423,Lightronics,https://www.ictergezocht.nl/ict-bedrijven/8543-lightronics/
2424,Like Friday,https://www.ictergezocht.nl/ict-bedrijven/7963-like-friday/
2425,Liliane Fonds,https://www.ictergezocht.nl/ict-bedrijven/5244-liliane-fonds/
2426,Liliane Fonds,https://www.ictergezocht.nl/ict-bedrijven/10413-liliane-fonds/
2427,Lincks Personal Recruitment,https://www.ictergezocht.nl/ict-bedrijven/9744-lincks-personal-recruitment/
2428,Linden-IT,https://www.ictergezocht.nl/ict-bedrijven/6216-linden-it/
2429,Linders Consultants,https://www.ictergezocht.nl/ict-bedrijven/5876-linders-consultants/
2430,Linfosys,https://www.ictergezocht.nl/ict-bedrijven/8499-linfosys/
2431,Linfosys,https://www.ictergezocht.nl/ict-bedrijven/5212-linfosys/
2432,Link-it,https://www.ictergezocht.nl/ict-bedrijven/4222-link-it/
2433,LINKIT,https://www.ictergezocht.nl/ict-bedrijven/10906-linkit/
2434,LINKIT,https://www.ictergezocht.nl/ict-bedrijven/3272-linkit/
2435,LINKIT,https://www.ictergezocht.nl/ict-bedrijven/9942-linkit/
2436,Linku,https://www.ictergezocht.nl/ict-bedrijven/9040-linku/
2437,Liquid stones,https://www.ictergezocht.nl/ict-bedrijven/6164-liquid-stones/
2438,Live-IT,https://www.ictergezocht.nl/ict-bedrijven/8121-live-it/
2439,Liz & Vic | Lizandvic.com,https://www.ictergezocht.nl/ict-bedrijven/2793-liz-vic-lizandviccom/
2440,LNAZ (Landelijk Netwerk Acute Zorg),https://www.ictergezocht.nl/ict-bedrijven/10864-lnaz-landelijk-netwerk-acute-zorg/
2441,Local Scope,https://www.ictergezocht.nl/ict-bedrijven/9369-local-scope/
2442,Locosoft,https://www.ictergezocht.nl/ict-bedrijven/7604-locosoft/
2443,Logibra,https://www.ictergezocht.nl/ict-bedrijven/3276-logibra/
2444,Logic Level,https://www.ictergezocht.nl/ict-bedrijven/7941-logic-level/
2445,Logic Level,https://www.ictergezocht.nl/ict-bedrijven/957-logic-level/
2446,Logic4,https://www.ictergezocht.nl/ict-bedrijven/4799-logic4/
2447,Logic4,https://www.ictergezocht.nl/ict-bedrijven/7676-logic4/
2448,Logihuis,https://www.ictergezocht.nl/ict-bedrijven/4834-logihuis/
2449,LOI,https://www.ictergezocht.nl/ict-bedrijven/675-loi/
2450,LOKO,https://www.ictergezocht.nl/ict-bedrijven/8132-loko/
2451,Longfonds,https://www.ictergezocht.nl/ict-bedrijven/8843-longfonds/
2452,Longfonds,https://www.ictergezocht.nl/ict-bedrijven/9150-longfonds/
2453,Loopbaan.nu,https://www.ictergezocht.nl/ict-bedrijven/10879-loopbaannu/
2454,Looye Kwekers,https://www.ictergezocht.nl/ict-bedrijven/9499-looye-kwekers/
2455,LOSNING ICT,https://www.ictergezocht.nl/ict-bedrijven/3885-losning-ict/
2456,Lost Boys,https://www.ictergezocht.nl/ict-bedrijven/4724-lost-boys/
2457,Lost Lemon,https://www.ictergezocht.nl/ict-bedrijven/5320-lost-lemon/
2458,Lounusa,https://www.ictergezocht.nl/ict-bedrijven/213-lounusa/
2459,Louwman Holdings,https://www.ictergezocht.nl/ict-bedrijven/9737-louwman-holdings/
2460,Loyally,https://www.ictergezocht.nl/ict-bedrijven/7920-loyally/
2461,Loyals Online,https://www.ictergezocht.nl/ict-bedrijven/2524-loyals-online/
2462,Loyens & Loeff,https://www.ictergezocht.nl/ict-bedrijven/4833-loyens-loeff/
2463,LS Industrial Systems Europe,https://www.ictergezocht.nl/ict-bedrijven/1999-ls-industrial-systems-europe/
2464,LS Systems,https://www.ictergezocht.nl/ict-bedrijven/9860-ls-systems/
2465,LS Systems,https://www.ictergezocht.nl/ict-bedrijven/10424-ls-systems/
2466,LSP Solutions,https://www.ictergezocht.nl/ict-bedrijven/4600-lsp-solutions/
2467,Lucas Smits,https://www.ictergezocht.nl/ict-bedrijven/8879-lucas-smits/
2468,Lucky Guys,https://www.ictergezocht.nl/ict-bedrijven/4086-lucky-guys/
2469,Lucrasoft,https://www.ictergezocht.nl/ict-bedrijven/10614-lucrasoft/
2470,Lucrasoft  Solutions,https://www.ictergezocht.nl/ict-bedrijven/5757-lucrasoft-solutions/
2471,Lukkien,https://www.ictergezocht.nl/ict-bedrijven/180-lukkien/
2472,Lukkien,https://www.ictergezocht.nl/ict-bedrijven/7889-lukkien/
2473,Lumens,https://www.ictergezocht.nl/ict-bedrijven/10919-lumens/
2474,Lumi Parts,https://www.ictergezocht.nl/ict-bedrijven/8016-lumi-parts/
2475,Luminex,https://www.ictergezocht.nl/ict-bedrijven/8663-luminex/
2476,Luminis,https://www.ictergezocht.nl/ict-bedrijven/9276-luminis/
2477,Luminis Technologies,https://www.ictergezocht.nl/ict-bedrijven/9591-luminis-technologies/
2478,Luxaflex Nederland,https://www.ictergezocht.nl/ict-bedrijven/5704-luxaflex-nederland/
2479,LVAK,https://www.ictergezocht.nl/ict-bedrijven/10642-lvak/
2480,Lyceo,https://www.ictergezocht.nl/ict-bedrijven/9483-lyceo/
2481,Lytho,https://www.ictergezocht.nl/ict-bedrijven/10250-lytho/
2482,ICT bedrijven zoeken,https://www.ictergezocht.nl/ict-bedrijven/
2483,ICT bedrijven zoeken,https://www.ictergezocht.nl/ict-bedrijven/
2484,M Valley,https://www.ictergezocht.nl/ict-bedrijven/4239-m-valley/
2485,M-consultants,https://www.ictergezocht.nl/ict-bedrijven/961-m-consultants/
2486,M2-Select,https://www.ictergezocht.nl/ict-bedrijven/5947-m2-select/
2487,Maandag,https://www.ictergezocht.nl/ict-bedrijven/39-maandag/
2488,Maandag®,https://www.ictergezocht.nl/ict-bedrijven/9988-maandagr/
2489,Maandag®,https://www.ictergezocht.nl/ict-bedrijven/530-maandagr/
2490,Maandag®,https://www.ictergezocht.nl/ict-bedrijven/7983-maandagr/
2491,Maandag®,https://www.ictergezocht.nl/ict-bedrijven/321-maandagr/
2492,Maandag® Amsterdam Techniek,https://www.ictergezocht.nl/ict-bedrijven/529-maandagr-amsterdam-techniek/
2493,Maandag® Hengelo,https://www.ictergezocht.nl/ict-bedrijven/1010-maandagr-hengelo/
2494,Maandag® Rotterdam,https://www.ictergezocht.nl/ict-bedrijven/577-maandagr-rotterdam/
2495,Maastro,https://www.ictergezocht.nl/ict-bedrijven/8798-maastro/
2496,Macaw,https://www.ictergezocht.nl/ict-bedrijven/7581-macaw/
2497,Mach-IT,https://www.ictergezocht.nl/ict-bedrijven/10732-mach-it/
2498,Machinehandel Lekkerkerker,https://www.ictergezocht.nl/ict-bedrijven/4913-machinehandel-lekkerkerker/
2499,Mackaay ICT Services,https://www.ictergezocht.nl/ict-bedrijven/9421-mackaay-ict-services/
2500,MACRecruitment,https://www.ictergezocht.nl/ict-bedrijven/10303-macrecruitment/
2501,MAD-Multimedia,https://www.ictergezocht.nl/ict-bedrijven/9706-mad-multimedia/
2502,Madcap,https://www.ictergezocht.nl/ict-bedrijven/217-madcap/
2503,MADE BY JACK,https://www.ictergezocht.nl/ict-bedrijven/5546-made-by-jack/
2504,Madison Gurkha,https://www.ictergezocht.nl/ict-bedrijven/5839-madison-gurkha/
2505,Mafico,https://www.ictergezocht.nl/ict-bedrijven/10225-mafico/
2506,Magensis Services,https://www.ictergezocht.nl/ict-bedrijven/9294-magensis-services/
2507,Magenta Technology Consultants,https://www.ictergezocht.nl/ict-bedrijven/8188-magenta-technology-consultants/
2508,Magentazorg,https://www.ictergezocht.nl/ict-bedrijven/8197-magentazorg/
2509,Magic Hospitality Manager,https://www.ictergezocht.nl/ict-bedrijven/9503-magic-hospitality-manager/
2510,Magistro,https://www.ictergezocht.nl/ict-bedrijven/3508-magistro/
2511,Magma Ontwerpers,https://www.ictergezocht.nl/ict-bedrijven/92-magma-ontwerpers/
2512,Magneds,https://www.ictergezocht.nl/ict-bedrijven/5150-magneds/
2513,Magnus Technology Consultants,https://www.ictergezocht.nl/ict-bedrijven/69-magnus-technology-consultants/
2514,MagStream,https://www.ictergezocht.nl/ict-bedrijven/4731-magstream/
2515,maincubes,https://www.ictergezocht.nl/ict-bedrijven/9010-maincubes/
2516,MainPort,https://www.ictergezocht.nl/ict-bedrijven/9356-mainport/
2517,Makelaarsland,https://www.ictergezocht.nl/ict-bedrijven/4985-makelaarsland/
2518,Mallens + Markhorst Bevlogen Reclamemakers,https://www.ictergezocht.nl/ict-bedrijven/2017-mallens-markhorst-bevlogen-reclamemakers/
2519,Mama Media Group,https://www.ictergezocht.nl/ict-bedrijven/5177-mama-media-group/
2520,Managed Central Computing Systems (MCCS) & 4Passwords.com,https://www.ictergezocht.nl/ict-bedrijven/5816-managed-central-computing-systems-mccs-4passwordscom/
2521,Managed IT,https://www.ictergezocht.nl/ict-bedrijven/7652-managed-it/
2522,Manetti IT Beheer,https://www.ictergezocht.nl/ict-bedrijven/9941-manetti-it-beheer/
2523,Manhattan Associates Europe,https://www.ictergezocht.nl/ict-bedrijven/4554-manhattan-associates-europe/
2524,Manpower,https://www.ictergezocht.nl/ict-bedrijven/86-manpower/
2525,Mansveld Techniek,https://www.ictergezocht.nl/ict-bedrijven/9712-mansveld-techniek/
2526,Mapcreator,https://www.ictergezocht.nl/ict-bedrijven/8922-mapcreator/
2527,Mar Recruitment,https://www.ictergezocht.nl/ict-bedrijven/10177-mar-recruitment/
2528,Marcel Wanders,https://www.ictergezocht.nl/ict-bedrijven/5698-marcel-wanders/
2529,Marine Service Holding,https://www.ictergezocht.nl/ict-bedrijven/4246-marine-service-holding/
2530,Mark Vingerling,https://www.ictergezocht.nl/ict-bedrijven/8758-mark-vingerling/
2531,Markant Nederland,https://www.ictergezocht.nl/ict-bedrijven/8040-markant-nederland/
2532,MarketRedesign Consulting,https://www.ictergezocht.nl/ict-bedrijven/3256-marketredesign-consulting/
2533,Marksmen,https://www.ictergezocht.nl/ict-bedrijven/9226-marksmen/
2534,Marktlink Fusies en Overnames,https://www.ictergezocht.nl/ict-bedrijven/9745-marktlink-fusies-en-overnames/
2535,Marqt,https://www.ictergezocht.nl/ict-bedrijven/6219-marqt/
2536,Marval Benelux,https://www.ictergezocht.nl/ict-bedrijven/3602-marval-benelux/
2537,MastersPortal,https://www.ictergezocht.nl/ict-bedrijven/202-mastersportal/
2538,Masugro ICT,https://www.ictergezocht.nl/ict-bedrijven/4296-masugro-ict/
2539,Match Consulting,https://www.ictergezocht.nl/ict-bedrijven/8572-match-consulting/
2540,Match4,https://www.ictergezocht.nl/ict-bedrijven/5061-match4/
2541,MatchingVision,https://www.ictergezocht.nl/ict-bedrijven/4858-matchingvision/
2542,Matchone,https://www.ictergezocht.nl/ict-bedrijven/2132-matchone/
2543,mateco,https://www.ictergezocht.nl/ict-bedrijven/9677-mateco/
2544,Materiaal Metingen Testgroep,https://www.ictergezocht.nl/ict-bedrijven/8333-materiaal-metingen-testgroep/
2545,Matrix IT,https://www.ictergezocht.nl/ict-bedrijven/9026-matrix-it/
2546,Matrix Meesters,https://www.ictergezocht.nl/ict-bedrijven/10423-matrix-meesters/
2547,MATT | Mastering Tools & Talent,https://www.ictergezocht.nl/ict-bedrijven/6153-matt-mastering-tools-talent/
2548,MATT Library,https://www.ictergezocht.nl/ict-bedrijven/10687-matt-library/
2549,Max ICT,https://www.ictergezocht.nl/ict-bedrijven/5720-max-ict/
2550,Max Planck Institute for Psycholinguistics,https://www.ictergezocht.nl/ict-bedrijven/6094-max-planck-institute-for-psycholinguistics/
2551,Max.nl,https://www.ictergezocht.nl/ict-bedrijven/170-maxnl/
2552,Maxaro.,https://www.ictergezocht.nl/ict-bedrijven/9445-maxaro/
2553,Maxdoro,https://www.ictergezocht.nl/ict-bedrijven/1070-maxdoro/
2554,Maxilia,https://www.ictergezocht.nl/ict-bedrijven/5614-maxilia/
2555,Máxima Medisch Centrum,https://www.ictergezocht.nl/ict-bedrijven/8565-maxima-medisch-centrum/
2556,Maxima Technologies NL,https://www.ictergezocht.nl/ict-bedrijven/9710-maxima-technologies-nl/
2557,Maximedia,https://www.ictergezocht.nl/ict-bedrijven/65-maximedia/
2558,MaxiTEL Telecom,https://www.ictergezocht.nl/ict-bedrijven/10410-maxitel-telecom/
2559,MaxMind Technologies,https://www.ictergezocht.nl/ict-bedrijven/1979-maxmind-technologies/
2560,MaxServ,https://www.ictergezocht.nl/ict-bedrijven/251-maxserv/
2561,Mayvision Consultancy,https://www.ictergezocht.nl/ict-bedrijven/10840-mayvision-consultancy/
2562,MBA,https://www.ictergezocht.nl/ict-bedrijven/1144-mba/
2563,MBM United,https://www.ictergezocht.nl/ict-bedrijven/4706-mbm-united/
2564,MBO Amersfoort,https://www.ictergezocht.nl/ict-bedrijven/9222-mbo-amersfoort/
2565,MBO Amersfoort,https://www.ictergezocht.nl/ict-bedrijven/10877-mbo-amersfoort/
2566,MBWP Internetbureau,https://www.ictergezocht.nl/ict-bedrijven/231-mbwp-internetbureau/
2567,McCall InterTrade/Vitility Care,https://www.ictergezocht.nl/ict-bedrijven/4389-mccall-intertrade-vitility-care/
2568,McCloud,https://www.ictergezocht.nl/ict-bedrijven/4776-mccloud/
2569,McKesson Nederland,https://www.ictergezocht.nl/ict-bedrijven/3947-mckesson-nederland/
2570,McLaing Werving & Selectie van IT'ers door IT'ers,https://www.ictergezocht.nl/ict-bedrijven/5399-mclaing-werving-selectie-van-iters-door-iters/
2571,McMurthy,https://www.ictergezocht.nl/ict-bedrijven/10634-mcmurthy/
2572,McRoberts,https://www.ictergezocht.nl/ict-bedrijven/8759-mcroberts/
2573,MCS,https://www.ictergezocht.nl/ict-bedrijven/8968-mcs/
2574,MCS,https://www.ictergezocht.nl/ict-bedrijven/5647-mcs/
2575,MCXess,https://www.ictergezocht.nl/ict-bedrijven/1713-mcxess/
2576,MdH Recruitment,https://www.ictergezocht.nl/ict-bedrijven/9536-mdh-recruitment/
2577,MDS Media Development Services,https://www.ictergezocht.nl/ict-bedrijven/722-mds-media-development-services/
2578,Meander Medisch Centrum,https://www.ictergezocht.nl/ict-bedrijven/8998-meander-medisch-centrum/
2579,Meander Medisch Centrum,https://www.ictergezocht.nl/ict-bedrijven/10892-meander-medisch-centrum/
2580,Meander Medisch Centrum,https://www.ictergezocht.nl/ict-bedrijven/10127-meander-medisch-centrum/
2581,Media Artists,https://www.ictergezocht.nl/ict-bedrijven/4761-media-artists/
2582,Media Coopers,https://www.ictergezocht.nl/ict-bedrijven/8406-media-coopers/
2583,Media Landscape,https://www.ictergezocht.nl/ict-bedrijven/3017-media-landscape/
2584,Media Monkeys,https://www.ictergezocht.nl/ict-bedrijven/5209-media-monkeys/
2585,MediaBlue International,https://www.ictergezocht.nl/ict-bedrijven/9880-mediablue-international/
2586,Mediacollege Amsterdam,https://www.ictergezocht.nl/ict-bedrijven/84-mediacollege-amsterdam/
2587,MediaCT,https://www.ictergezocht.nl/ict-bedrijven/5875-mediact/
2588,Mediactief,https://www.ictergezocht.nl/ict-bedrijven/267-mediactief/
2589,Mediamatic,https://www.ictergezocht.nl/ict-bedrijven/3988-mediamatic/
2590,MediaMedics,https://www.ictergezocht.nl/ict-bedrijven/750-mediamedics/
2591,MediaMouse,https://www.ictergezocht.nl/ict-bedrijven/10448-mediamouse/
2592,Mediavisie,https://www.ictergezocht.nl/ict-bedrijven/612-mediavisie/
2593,Mediaweb,https://www.ictergezocht.nl/ict-bedrijven/5815-mediaweb/
2594,Mediaxplosion,https://www.ictergezocht.nl/ict-bedrijven/106-mediaxplosion/
2595,Mediaxplosion,https://www.ictergezocht.nl/ict-bedrijven/1717-mediaxplosion/
2596,Medichain,https://www.ictergezocht.nl/ict-bedrijven/9071-medichain/
2597,Medichain,https://www.ictergezocht.nl/ict-bedrijven/8379-medichain/
2598,Medid Webapplications,https://www.ictergezocht.nl/ict-bedrijven/4814-medid-webapplications/
2599,"MedITall, Medical IT Solutions",https://www.ictergezocht.nl/ict-bedrijven/4825-meditall-medical-it-solutions/
2600,Meditel Gezondheid,https://www.ictergezocht.nl/ict-bedrijven/4243-meditel-gezondheid/
2601,Medius,https://www.ictergezocht.nl/ict-bedrijven/8527-medius/
2602,Medizorg Holding,https://www.ictergezocht.nl/ict-bedrijven/5373-medizorg-holding/
2603,Medline International,https://www.ictergezocht.nl/ict-bedrijven/8438-medline-international/
2604,Medworq,https://www.ictergezocht.nl/ict-bedrijven/8391-medworq/
2605,MEE & de Wering,https://www.ictergezocht.nl/ict-bedrijven/9141-mee-de-wering/
2606,MEE Noordwest-Holland,https://www.ictergezocht.nl/ict-bedrijven/38-mee-noordwest-holland/
2607,MEE Plus Groep,https://www.ictergezocht.nl/ict-bedrijven/2114-mee-plus-groep/
2608,Meeesters in IT,https://www.ictergezocht.nl/ict-bedrijven/9811-meeesters-in-it/
2609,Meester Electronics,https://www.ictergezocht.nl/ict-bedrijven/2700-meester-electronics/
2610,Meetic,https://www.ictergezocht.nl/ict-bedrijven/941-meetic/
2611,Mega Bite,https://www.ictergezocht.nl/ict-bedrijven/6205-mega-bite/
2612,MegaGroup Trade Holding,https://www.ictergezocht.nl/ict-bedrijven/9511-megagroup-trade-holding/
2613,Megekko,https://www.ictergezocht.nl/ict-bedrijven/9723-megekko/
2614,Meijers,https://www.ictergezocht.nl/ict-bedrijven/5921-meijers/
2615,Meilink Beheer Borculo,https://www.ictergezocht.nl/ict-bedrijven/10143-meilink-beheer-borculo/
2616,Melkon,https://www.ictergezocht.nl/ict-bedrijven/5422-melkon/
2617,Melon Media,https://www.ictergezocht.nl/ict-bedrijven/3897-melon-media/
2618,Memorylab,https://www.ictergezocht.nl/ict-bedrijven/5000-memorylab/
2619,Men4Media,https://www.ictergezocht.nl/ict-bedrijven/4678-men4media/
2620,Mens&IT,https://www.ictergezocht.nl/ict-bedrijven/8584-mensit/
2621,Menuez International,https://www.ictergezocht.nl/ict-bedrijven/10799-menuez-international/
2622,MEOS it.,https://www.ictergezocht.nl/ict-bedrijven/6135-meos-it/
2623,Meriad,https://www.ictergezocht.nl/ict-bedrijven/4484-meriad/
2624,Merkus Automatisering,https://www.ictergezocht.nl/ict-bedrijven/10655-merkus-automatisering/
2625,Merri's Automaten,https://www.ictergezocht.nl/ict-bedrijven/7879-merris-automaten/
2626,Metaalwarenfabriek Blozo,https://www.ictergezocht.nl/ict-bedrijven/9395-metaalwarenfabriek-blozo/
2627,metafoor personeelsbank,https://www.ictergezocht.nl/ict-bedrijven/5294-metafoor-personeelsbank/
2628,Metastore Nederland,https://www.ictergezocht.nl/ict-bedrijven/5936-metastore-nederland/
2629,Meteor Systems,https://www.ictergezocht.nl/ict-bedrijven/10580-meteor-systems/
2630,Metos,https://www.ictergezocht.nl/ict-bedrijven/10249-metos/
2631,Metrological Media Innovations,https://www.ictergezocht.nl/ict-bedrijven/8222-metrological-media-innovations/
2632,MFSW Software & Detachering,https://www.ictergezocht.nl/ict-bedrijven/1032-mfsw-software-detachering/
2633,MHM Onroerend Goed,https://www.ictergezocht.nl/ict-bedrijven/9191-mhm-onroerend-goed/
2634,Michael Bailey Associates,https://www.ictergezocht.nl/ict-bedrijven/10846-michael-bailey-associates/
2635,Michael Bailey Associates,https://www.ictergezocht.nl/ict-bedrijven/1141-michael-bailey-associates/
2636,Michael Page,https://www.ictergezocht.nl/ict-bedrijven/4491-michael-page/
2637,Microcash,https://www.ictergezocht.nl/ict-bedrijven/10863-microcash/
2638,Microcash Retail,https://www.ictergezocht.nl/ict-bedrijven/7812-microcash-retail/
2639,Microdesign,https://www.ictergezocht.nl/ict-bedrijven/4643-microdesign/
2640,Microway,https://www.ictergezocht.nl/ict-bedrijven/8564-microway/
2641,Midas Noord-Limburg,https://www.ictergezocht.nl/ict-bedrijven/9763-midas-noord-limburg/
2642,Middin,https://www.ictergezocht.nl/ict-bedrijven/10690-middin/
2643,MidZuid,https://www.ictergezocht.nl/ict-bedrijven/10000-midzuid/
2644,Mieloo & Alexander,https://www.ictergezocht.nl/ict-bedrijven/9822-mieloo-alexander/
2645,Mijn naam is Haas,https://www.ictergezocht.nl/ict-bedrijven/284-mijn-naam-is-haas/
2646,MijnASP,https://www.ictergezocht.nl/ict-bedrijven/452-mijnasp/
2647,MijnZorgnet.nl,https://www.ictergezocht.nl/ict-bedrijven/4078-mijnzorgnetnl/
2648,Mikropakket Nederland,https://www.ictergezocht.nl/ict-bedrijven/5048-mikropakket-nederland/
2649,Milgro,https://www.ictergezocht.nl/ict-bedrijven/9259-milgro/
2650,Mimic Media,https://www.ictergezocht.nl/ict-bedrijven/25-mimic-media/
2651,Mind Media,https://www.ictergezocht.nl/ict-bedrijven/8010-mind-media/
2652,Mindmarker,https://www.ictergezocht.nl/ict-bedrijven/5796-mindmarker/
2653,MindMatters,https://www.ictergezocht.nl/ict-bedrijven/849-mindmatters/
2654,Ministerie van Defensie,https://www.ictergezocht.nl/ict-bedrijven/10618-ministerie-van-defensie/
2655,Ministerie van Defensie - Locatie Maasland,https://www.ictergezocht.nl/ict-bedrijven/9481-ministerie-van-defensie-locatie-maasland/
2656,"Ministerie van LNV, Dienst Landelijk Gebied (Utrecht) ,Gis Competence Center",https://www.ictergezocht.nl/ict-bedrijven/980-ministerie-van-lnv-dienst-landelijk-gebied-utrecht-gis-competence-center/
2657,Minkema College,https://www.ictergezocht.nl/ict-bedrijven/10350-minkema-college/
2658,Mirabeau,https://www.ictergezocht.nl/ict-bedrijven/94-mirabeau/
2659,Mirage Automatisering,https://www.ictergezocht.nl/ict-bedrijven/4666-mirage-automatisering/
2660,Misck,https://www.ictergezocht.nl/ict-bedrijven/8842-misck/
2661,Missing Piece,https://www.ictergezocht.nl/ict-bedrijven/4903-missing-piece/
2662,Missing Piece,https://www.ictergezocht.nl/ict-bedrijven/10090-missing-piece/
2663,Mister Tax,https://www.ictergezocht.nl/ict-bedrijven/4850-mister-tax/
2664,MJK Automatisering Plus,https://www.ictergezocht.nl/ict-bedrijven/5028-mjk-automatisering-plus/
2665,MKB Brandstof,https://www.ictergezocht.nl/ict-bedrijven/10247-mkb-brandstof/
2666,MKBid,https://www.ictergezocht.nl/ict-bedrijven/4364-mkbid/
2667,MM Guide,https://www.ictergezocht.nl/ict-bedrijven/1898-mm-guide/
2668,MN,https://www.ictergezocht.nl/ict-bedrijven/8623-mn/
2669,Moba,https://www.ictergezocht.nl/ict-bedrijven/9324-moba/
2670,Mobicom,https://www.ictergezocht.nl/ict-bedrijven/9027-mobicom/
2671,Mobiel.nl,https://www.ictergezocht.nl/ict-bedrijven/8289-mobielnl/
2672,Modality Software solutions,https://www.ictergezocht.nl/ict-bedrijven/564-modality-software-solutions/
2673,Modelec Data-Industrie,https://www.ictergezocht.nl/ict-bedrijven/9578-modelec-data-industrie/
2674,Modern Minds,https://www.ictergezocht.nl/ict-bedrijven/10625-modern-minds/
2675,Modexpress,https://www.ictergezocht.nl/ict-bedrijven/9917-modexpress/
2676,Modiform,https://www.ictergezocht.nl/ict-bedrijven/8444-modiform/
2677,Moditech Rescue Solutions,https://www.ictergezocht.nl/ict-bedrijven/5944-moditech-rescue-solutions/
2678,Modulo,https://www.ictergezocht.nl/ict-bedrijven/5002-modulo/
2679,Mogema,https://www.ictergezocht.nl/ict-bedrijven/10714-mogema/
2680,Mojo Concerts,https://www.ictergezocht.nl/ict-bedrijven/9949-mojo-concerts/
2681,Molecaten,https://www.ictergezocht.nl/ict-bedrijven/10346-molecaten/
2682,Momkai,https://www.ictergezocht.nl/ict-bedrijven/4474-momkai/
2683,Momoyoga,https://www.ictergezocht.nl/ict-bedrijven/9389-momoyoga/
2684,Monarch Recruitment,https://www.ictergezocht.nl/ict-bedrijven/3668-monarch-recruitment/
2685,Mondriaan Fonds,https://www.ictergezocht.nl/ict-bedrijven/10798-mondriaan-fonds/
2686,Monkey Vision,https://www.ictergezocht.nl/ict-bedrijven/10056-monkey-vision/
2687,Monta,https://www.ictergezocht.nl/ict-bedrijven/9263-monta/
2688,Monteba ICT en telefonie,https://www.ictergezocht.nl/ict-bedrijven/10583-monteba-ict-en-telefonie/
2689,Montessori Scholengemeenschap Amsterdam,https://www.ictergezocht.nl/ict-bedrijven/99-montessori-scholengemeenschap-amsterdam/
2690,Monuta,https://www.ictergezocht.nl/ict-bedrijven/8634-monuta/
2691,Monuta,https://www.ictergezocht.nl/ict-bedrijven/9165-monuta/
2692,MoreThanJust,https://www.ictergezocht.nl/ict-bedrijven/9482-morethanjust/
2693,MoreThanJust,https://www.ictergezocht.nl/ict-bedrijven/6122-morethanjust/
2694,Morpheus Kennistechnologie,https://www.ictergezocht.nl/ict-bedrijven/1437-morpheus-kennistechnologie/
2695,Morpho,https://www.ictergezocht.nl/ict-bedrijven/10656-morpho/
2696,Morrison Express Netherlands,https://www.ictergezocht.nl/ict-bedrijven/8784-morrison-express-netherlands/
2697,Mosadex,https://www.ictergezocht.nl/ict-bedrijven/7898-mosadex/
2698,MostWare | Inspireren met IT,https://www.ictergezocht.nl/ict-bedrijven/8662-mostware-inspireren-met-it/
2699,Motion10,https://www.ictergezocht.nl/ict-bedrijven/8599-motion10/
2700,Motiv ICT Security,https://www.ictergezocht.nl/ict-bedrijven/5636-motiv-ict-security/
2701,Mount Sigma,https://www.ictergezocht.nl/ict-bedrijven/10660-mount-sigma/
2702,Movares Nederland,https://www.ictergezocht.nl/ict-bedrijven/9883-movares-nederland/
2703,Move-IT-up,https://www.ictergezocht.nl/ict-bedrijven/9458-move-it-up/
2704,Move4Mobile,https://www.ictergezocht.nl/ict-bedrijven/10157-move4mobile/
2705,Movin'U,https://www.ictergezocht.nl/ict-bedrijven/5396-movinu/
2706,MovingMedia,https://www.ictergezocht.nl/ict-bedrijven/9359-movingmedia/
2707,Moxio,https://www.ictergezocht.nl/ict-bedrijven/4373-moxio/
2708,Moxio,https://www.ictergezocht.nl/ict-bedrijven/10011-moxio/
2709,MPL Alarm & Communicatie Centrale,https://www.ictergezocht.nl/ict-bedrijven/10235-mpl-alarm-communicatie-centrale/
2710,MPL Easy Safe Integrations,https://www.ictergezocht.nl/ict-bedrijven/9691-mpl-easy-safe-integrations/
2711,Mpluz,https://www.ictergezocht.nl/ict-bedrijven/10010-mpluz/
2712,MPS,https://www.ictergezocht.nl/ict-bedrijven/4578-mps/
2713,MPS Systems,https://www.ictergezocht.nl/ict-bedrijven/7870-mps-systems/
2714,"Mr,Parker | RMSC",https://www.ictergezocht.nl/ict-bedrijven/4391-mrparker-rmsc/
2715,Mr. Blocks,https://www.ictergezocht.nl/ict-bedrijven/10775-mr-blocks/
2716,Mr. Chadd,https://www.ictergezocht.nl/ict-bedrijven/9346-mr-chadd/
2717,MRDM,https://www.ictergezocht.nl/ict-bedrijven/7677-mrdm/
2718,MSA,https://www.ictergezocht.nl/ict-bedrijven/458-msa/
2719,MSA,https://www.ictergezocht.nl/ict-bedrijven/9982-msa/
2720,MSA-Service,https://www.ictergezocht.nl/ict-bedrijven/10499-msa-service/
2721,MSO,https://www.ictergezocht.nl/ict-bedrijven/4374-mso/
2722,mt&v IT Professionals,https://www.ictergezocht.nl/ict-bedrijven/4449-mtv-it-professionals/
2723,MTVTD,https://www.ictergezocht.nl/ict-bedrijven/5293-mtvtd/
2724,MULDATA.,https://www.ictergezocht.nl/ict-bedrijven/4275-muldata/
2725,Multi Service Technology Solutions,https://www.ictergezocht.nl/ict-bedrijven/7606-multi-service-technology-solutions/
2726,Multiplied (bemiddeling in heel NL),https://www.ictergezocht.nl/ict-bedrijven/9925-multiplied-bemiddeling-in-heel-nl/
2727,MultiSafepay,https://www.ictergezocht.nl/ict-bedrijven/4650-multisafepay/
2728,MultIT Automatisering,https://www.ictergezocht.nl/ict-bedrijven/4351-multit-automatisering/
2729,MultiTankcard,https://www.ictergezocht.nl/ict-bedrijven/5854-multitankcard/
2730,MuntInternet,https://www.ictergezocht.nl/ict-bedrijven/4784-muntinternet/
2731,Music App Inc.,https://www.ictergezocht.nl/ict-bedrijven/10310-music-app-inc/
2732,Mutsaersstichting,https://www.ictergezocht.nl/ict-bedrijven/4287-mutsaersstichting/
2733,MVO Nederland,https://www.ictergezocht.nl/ict-bedrijven/4623-mvo-nederland/
2734,MWM2,https://www.ictergezocht.nl/ict-bedrijven/501-mwm2/
2735,MXLD,https://www.ictergezocht.nl/ict-bedrijven/9857-mxld/
2736,MyBit,https://www.ictergezocht.nl/ict-bedrijven/8978-mybit/
2737,MyBit,https://www.ictergezocht.nl/ict-bedrijven/4404-mybit/
2738,MyBit,https://www.ictergezocht.nl/ict-bedrijven/8824-mybit/
2739,MyCademy,https://www.ictergezocht.nl/ict-bedrijven/5451-mycademy/
2740,MyDailyLifestyle,https://www.ictergezocht.nl/ict-bedrijven/6027-mydailylifestyle/
2741,MyMicro Group,https://www.ictergezocht.nl/ict-bedrijven/330-mymicro-group/
2742,myneva Netherlands,https://www.ictergezocht.nl/ict-bedrijven/9778-myneva-netherlands/
2743,MyParcel,https://www.ictergezocht.nl/ict-bedrijven/5195-myparcel/
2744,Mypinion,https://www.ictergezocht.nl/ict-bedrijven/4575-mypinion/
2745,Mysolution,https://www.ictergezocht.nl/ict-bedrijven/8243-mysolution/
2746,MySpace,https://www.ictergezocht.nl/ict-bedrijven/54-myspace/
2747,MySports,https://www.ictergezocht.nl/ict-bedrijven/5810-mysports/
2748,MySports,https://www.ictergezocht.nl/ict-bedrijven/8177-mysports/
2749,ICT bedrijven zoeken,https://www.ictergezocht.nl/ict-bedrijven/
2750,ICT bedrijven zoeken,https://www.ictergezocht.nl/ict-bedrijven/
2751,N. Jorritsma,https://www.ictergezocht.nl/ict-bedrijven/8633-n-jorritsma/
2752,N.V. HVC,https://www.ictergezocht.nl/ict-bedrijven/3501-nv-hvc/
2753,NabijWonen,https://www.ictergezocht.nl/ict-bedrijven/10911-nabijwonen/
2754,Naktuinbouw,https://www.ictergezocht.nl/ict-bedrijven/6214-naktuinbouw/
2755,Nationaal MS Fonds,https://www.ictergezocht.nl/ict-bedrijven/9538-nationaal-ms-fonds/
2756,Nationale Beeldbank,https://www.ictergezocht.nl/ict-bedrijven/2529-nationale-beeldbank/
2757,"Nationale Politie, FM, Voer- en Vaartuigen",https://www.ictergezocht.nl/ict-bedrijven/10382-nationale-politie-fm-voer-en-vaartuigen/
2758,Nationale Postcode Loterij,https://www.ictergezocht.nl/ict-bedrijven/5618-nationale-postcode-loterij/
2759,Naturalis Biodiversity Center,https://www.ictergezocht.nl/ict-bedrijven/8235-naturalis-biodiversity-center/
2760,Natuurmonumenten,https://www.ictergezocht.nl/ict-bedrijven/10527-natuurmonumenten/
2761,Natuurmonumenten,https://www.ictergezocht.nl/ict-bedrijven/5712-natuurmonumenten/
2762,Nauta Connect,https://www.ictergezocht.nl/ict-bedrijven/10581-nauta-connect/
2763,Nauta Group,https://www.ictergezocht.nl/ict-bedrijven/10180-nauta-group/
2764,Navaio,https://www.ictergezocht.nl/ict-bedrijven/8008-navaio/
2765,Navetto,https://www.ictergezocht.nl/ict-bedrijven/9331-navetto/
2766,Nazca,https://www.ictergezocht.nl/ict-bedrijven/5900-nazca/
2767,NBIP  Nationale Beheersorganisatie Internet Providers,https://www.ictergezocht.nl/ict-bedrijven/10576-nbip-nationale-beheersorganisatie-internet-providers/
2768,NC Automatisering,https://www.ictergezocht.nl/ict-bedrijven/4431-nc-automatisering/
2769,NCIM,https://www.ictergezocht.nl/ict-bedrijven/8252-ncim/
2770,NCIM Groep,https://www.ictergezocht.nl/ict-bedrijven/1014-ncim-groep/
2771,NCore,https://www.ictergezocht.nl/ict-bedrijven/10012-ncore/
2772,NCRV,https://www.ictergezocht.nl/ict-bedrijven/201-ncrv/
2773,Ndus3,https://www.ictergezocht.nl/ict-bedrijven/10284-ndus3/
2774,neacon Services,https://www.ictergezocht.nl/ict-bedrijven/8073-neacon-services/
2775,Nedap,https://www.ictergezocht.nl/ict-bedrijven/1719-nedap/
2776,Nedap Staffing Solutions,https://www.ictergezocht.nl/ict-bedrijven/8286-nedap-staffing-solutions/
2777,Nederland Vacature Groep,https://www.ictergezocht.nl/ict-bedrijven/5493-nederland-vacature-groep/
2778,Nederlands Dagblad,https://www.ictergezocht.nl/ict-bedrijven/10453-nederlands-dagblad/
2779,Nederlands Filmfonds,https://www.ictergezocht.nl/ict-bedrijven/9553-nederlands-filmfonds/
2780,Nederlands Huisartsen Genootschap,https://www.ictergezocht.nl/ict-bedrijven/1454-nederlands-huisartsen-genootschap/
2781,Nederlands Instituut voor Beeld en Geluid,https://www.ictergezocht.nl/ict-bedrijven/3374-nederlands-instituut-voor-beeld-en-geluid/
2782,Nederlands Jeugdinstituut,https://www.ictergezocht.nl/ict-bedrijven/6007-nederlands-jeugdinstituut/
2783,Nederlands Uitburo,https://www.ictergezocht.nl/ict-bedrijven/2836-nederlands-uitburo/
2784,Nederlandsch Octrooibureau,https://www.ictergezocht.nl/ict-bedrijven/4866-nederlandsch-octrooibureau/
2785,Nederlandse Golf Federatie,https://www.ictergezocht.nl/ict-bedrijven/10793-nederlandse-golf-federatie/
2786,Nederlandse Vereniging tot Bescherming van Vogels,https://www.ictergezocht.nl/ict-bedrijven/8916-nederlandse-vereniging-tot-bescherming-van-vogels/
2787,Nederlandse Zorgautoriteit,https://www.ictergezocht.nl/ict-bedrijven/6014-nederlandse-zorgautoriteit/
2788,Nederlandse Zorgautoriteit,https://www.ictergezocht.nl/ict-bedrijven/10232-nederlandse-zorgautoriteit/
2789,NederlandVacature.nl,https://www.ictergezocht.nl/ict-bedrijven/4121-nederlandvacaturenl/
2790,Nedvice ICT,https://www.ictergezocht.nl/ict-bedrijven/8205-nedvice-ict/
2791,Neflex Werving & Selectie,https://www.ictergezocht.nl/ict-bedrijven/822-neflex-werving-selectie/
2792,NEG-ITSolutions,https://www.ictergezocht.nl/ict-bedrijven/9357-neg-itsolutions/
2793,NEH Group,https://www.ictergezocht.nl/ict-bedrijven/186-neh-group/
2794,NEH ICT Solutions,https://www.ictergezocht.nl/ict-bedrijven/9651-neh-ict-solutions/
2795,Neomax,https://www.ictergezocht.nl/ict-bedrijven/4553-neomax/
2796,Neone Nederland,https://www.ictergezocht.nl/ict-bedrijven/5795-neone-nederland/
2797,Neptunus Structures,https://www.ictergezocht.nl/ict-bedrijven/10912-neptunus-structures/
2798,Nesh Media,https://www.ictergezocht.nl/ict-bedrijven/3339-nesh-media/
2799,Net-ICT Solutions,https://www.ictergezocht.nl/ict-bedrijven/5299-net-ict-solutions/
2800,Netaspect Software,https://www.ictergezocht.nl/ict-bedrijven/5904-netaspect-software/
2801,Netbasics,https://www.ictergezocht.nl/ict-bedrijven/9644-netbasics/
2802,NetCare,https://www.ictergezocht.nl/ict-bedrijven/136-netcare/
2803,Netcompany,https://www.ictergezocht.nl/ict-bedrijven/10428-netcompany/
2804,Netcreators,https://www.ictergezocht.nl/ict-bedrijven/3823-netcreators/
2805,Netdata Solutions,https://www.ictergezocht.nl/ict-bedrijven/4899-netdata-solutions/
2806,NetDialog International,https://www.ictergezocht.nl/ict-bedrijven/7635-netdialog-international/
2807,Netexpo Internet,https://www.ictergezocht.nl/ict-bedrijven/2635-netexpo-internet/
2808,NetEyes,https://www.ictergezocht.nl/ict-bedrijven/4172-neteyes/
2809,NetFabric,https://www.ictergezocht.nl/ict-bedrijven/8462-netfabric/
2810,NetGroep,https://www.ictergezocht.nl/ict-bedrijven/10820-netgroep/
2811,Netive VMS,https://www.ictergezocht.nl/ict-bedrijven/9871-netive-vms/
2812,NetMatch,https://www.ictergezocht.nl/ict-bedrijven/5993-netmatch/
2813,Netpresenter,https://www.ictergezocht.nl/ict-bedrijven/10246-netpresenter/
2814,NetServe,https://www.ictergezocht.nl/ict-bedrijven/372-netserve/
2815,NetSourcing,https://www.ictergezocht.nl/ict-bedrijven/1161-netsourcing/
2816,Netsupport,https://www.ictergezocht.nl/ict-bedrijven/5609-netsupport/
2817,NetW,https://www.ictergezocht.nl/ict-bedrijven/10786-netw/
2818,Netwerven,https://www.ictergezocht.nl/ict-bedrijven/5683-netwerven/
2819,Network Solutions Nederland,https://www.ictergezocht.nl/ict-bedrijven/10439-network-solutions-nederland/
2820,Network Solutions Services,https://www.ictergezocht.nl/ict-bedrijven/215-network-solutions-services/
2821,Networking4all,https://www.ictergezocht.nl/ict-bedrijven/8883-networking4all/
2822,NetworkPeople,https://www.ictergezocht.nl/ict-bedrijven/8272-networkpeople/
2823,Networkvision,https://www.ictergezocht.nl/ict-bedrijven/303-networkvision/
2824,NetXZ,https://www.ictergezocht.nl/ict-bedrijven/3090-netxz/
2825,NetXZ,https://www.ictergezocht.nl/ict-bedrijven/9866-netxz/
2826,Netzozeker,https://www.ictergezocht.nl/ict-bedrijven/6012-netzozeker/
2827,Nevax IT Solutions,https://www.ictergezocht.nl/ict-bedrijven/8770-nevax-it-solutions/
2828,New Black,https://www.ictergezocht.nl/ict-bedrijven/10079-new-black/
2829,New Monday,https://www.ictergezocht.nl/ict-bedrijven/2293-new-monday/
2830,New Nomads,https://www.ictergezocht.nl/ict-bedrijven/369-new-nomads/
2831,NewColutions,https://www.ictergezocht.nl/ict-bedrijven/70-newcolutions/
2832,NewDawn Robotics,https://www.ictergezocht.nl/ict-bedrijven/9236-newdawn-robotics/
2833,Newminds,https://www.ictergezocht.nl/ict-bedrijven/8061-newminds/
2834,Newport Europe,https://www.ictergezocht.nl/ict-bedrijven/8283-newport-europe/
2835,NewSkool,https://www.ictergezocht.nl/ict-bedrijven/309-newskool/
2836,Newspark,https://www.ictergezocht.nl/ict-bedrijven/9047-newspark/
2837,Newspark,https://www.ictergezocht.nl/ict-bedrijven/10137-newspark/
2838,Newspark,https://www.ictergezocht.nl/ict-bedrijven/8630-newspark/
2839,Nextmoves Human Capital Innovation,https://www.ictergezocht.nl/ict-bedrijven/5750-nextmoves-human-capital-innovation/
2840,NextNovate,https://www.ictergezocht.nl/ict-bedrijven/6155-nextnovate/
2841,NextNovate,https://www.ictergezocht.nl/ict-bedrijven/9825-nextnovate/
2842,NextPax.com,https://www.ictergezocht.nl/ict-bedrijven/58-nextpaxcom/
2843,Neyone IT,https://www.ictergezocht.nl/ict-bedrijven/158-neyone-it/
2844,NFOrce Entertainment,https://www.ictergezocht.nl/ict-bedrijven/9283-nforce-entertainment/
2845,NGNetworks,https://www.ictergezocht.nl/ict-bedrijven/8151-ngnetworks/
2846,NH,https://www.ictergezocht.nl/ict-bedrijven/8540-nh/
2847,Nh1816 Verzekeringen,https://www.ictergezocht.nl/ict-bedrijven/8317-nh1816-verzekeringen/
2848,Nh1816 Verzerkingen,https://www.ictergezocht.nl/ict-bedrijven/9667-nh1816-verzerkingen/
2849,NHG,https://www.ictergezocht.nl/ict-bedrijven/8706-nhg/
2850,NHL Stenden hogeschool,https://www.ictergezocht.nl/ict-bedrijven/9555-nhl-stenden-hogeschool/
2851,Nictiz,https://www.ictergezocht.nl/ict-bedrijven/9208-nictiz/
2852,Nieuw nederlands expertisecentrum,https://www.ictergezocht.nl/ict-bedrijven/7962-nieuw-nederlands-expertisecentrum/
2853,Nieuwenhuis Groep,https://www.ictergezocht.nl/ict-bedrijven/8360-nieuwenhuis-groep/
2854,Nieuwenhuis IT & Connectivity,https://www.ictergezocht.nl/ict-bedrijven/10195-nieuwenhuis-it-connectivity/
2855,NIFE Energieadvies,https://www.ictergezocht.nl/ict-bedrijven/8643-nife-energieadvies/
2856,NIG ICT Professionals,https://www.ictergezocht.nl/ict-bedrijven/1176-nig-ict-professionals/
2857,Nij Geertgen,https://www.ictergezocht.nl/ict-bedrijven/10601-nij-geertgen/
2858,Nij Geertgen,https://www.ictergezocht.nl/ict-bedrijven/10166-nij-geertgen/
2859,Nijhof Wassink Groep,https://www.ictergezocht.nl/ict-bedrijven/9666-nijhof-wassink-groep/
2860,Nikkel at Work,https://www.ictergezocht.nl/ict-bedrijven/7833-nikkel-at-work/
2861,Nikkels bouwbedrijf,https://www.ictergezocht.nl/ict-bedrijven/9454-nikkels-bouwbedrijf/
2862,"NIMA, Nederlands Instituut voor Marketing",https://www.ictergezocht.nl/ict-bedrijven/10022-nima-nederlands-instituut-voor-marketing/
2863,Nimbus Cloud Academy,https://www.ictergezocht.nl/ict-bedrijven/8847-nimbus-cloud-academy/
2864,NIOO-KNAW,https://www.ictergezocht.nl/ict-bedrijven/8344-nioo-knaw/
2865,NIPV,https://www.ictergezocht.nl/ict-bedrijven/4345-nipv/
2866,Nitea,https://www.ictergezocht.nl/ict-bedrijven/5300-nitea/
2867,NKC,https://www.ictergezocht.nl/ict-bedrijven/9075-nkc/
2868,NL Confidential,https://www.ictergezocht.nl/ict-bedrijven/8928-nl-confidential/
2869,NL Healthcare Clinics,https://www.ictergezocht.nl/ict-bedrijven/6175-nl-healthcare-clinics/
2870,NL Healthcare Clinics,https://www.ictergezocht.nl/ict-bedrijven/5472-nl-healthcare-clinics/
2871,NLO,https://www.ictergezocht.nl/ict-bedrijven/7767-nlo/
2872,No Nonsense Consultancy,https://www.ictergezocht.nl/ict-bedrijven/10384-no-nonsense-consultancy/
2873,NoBorders,https://www.ictergezocht.nl/ict-bedrijven/1107-noborders/
2874,Noldus Information Technology,https://www.ictergezocht.nl/ict-bedrijven/9838-noldus-information-technology/
2875,NOMOBO TALENT,https://www.ictergezocht.nl/ict-bedrijven/10159-nomobo-talent/
2876,Nortade Ict,https://www.ictergezocht.nl/ict-bedrijven/6191-nortade-ict/
2877,Northrop Grumman Sperry Marine,https://www.ictergezocht.nl/ict-bedrijven/8972-northrop-grumman-sperry-marine/
2878,NOS,https://www.ictergezocht.nl/ict-bedrijven/7987-nos/
2879,Noterik,https://www.ictergezocht.nl/ict-bedrijven/9672-noterik/
2880,Notice Branded Media,https://www.ictergezocht.nl/ict-bedrijven/4509-notice-branded-media/
2881,NotuBiz Nederland,https://www.ictergezocht.nl/ict-bedrijven/5279-notubiz-nederland/
2882,NOVA Engineering m.h.o.d.n. Teqoia,https://www.ictergezocht.nl/ict-bedrijven/8224-nova-engineering-mhodn-teqoia/
2883,Nováccent Group,https://www.ictergezocht.nl/ict-bedrijven/6168-novaccent-group/
2884,Novaventum,https://www.ictergezocht.nl/ict-bedrijven/9948-novaventum/
2885,Novict,https://www.ictergezocht.nl/ict-bedrijven/6068-novict/
2886,Novisource Holding,https://www.ictergezocht.nl/ict-bedrijven/10434-novisource-holding/
2887,Novulo Nederland,https://www.ictergezocht.nl/ict-bedrijven/9456-novulo-nederland/
2888,Novusoft,https://www.ictergezocht.nl/ict-bedrijven/4894-novusoft/
2889,now-media,https://www.ictergezocht.nl/ict-bedrijven/120-now-media/
2890,Nox NightTimeExpress The Netherlands,https://www.ictergezocht.nl/ict-bedrijven/6088-nox-nighttimeexpress-the-netherlands/
2891,NoXqs Labs,https://www.ictergezocht.nl/ict-bedrijven/4429-noxqs-labs/
2892,NoXX Protect,https://www.ictergezocht.nl/ict-bedrijven/241-noxx-protect/
2893,NPO,https://www.ictergezocht.nl/ict-bedrijven/10700-npo/
2894,NRC Handelsblad,https://www.ictergezocht.nl/ict-bedrijven/29-nrc-handelsblad/
2895,NRC Media,https://www.ictergezocht.nl/ict-bedrijven/5341-nrc-media/
2896,NRF,https://www.ictergezocht.nl/ict-bedrijven/3475-nrf/
2897,NSCR,https://www.ictergezocht.nl/ict-bedrijven/10801-nscr/
2898,Nsecure,https://www.ictergezocht.nl/ict-bedrijven/8541-nsecure/
2899,NSO Netwerk & Systeem Ondersteuning,https://www.ictergezocht.nl/ict-bedrijven/5918-nso-netwerk-systeem-ondersteuning/
2900,NSPOH,https://www.ictergezocht.nl/ict-bedrijven/10658-nspoh/
2901,NTNT,https://www.ictergezocht.nl/ict-bedrijven/10843-ntnt/
2902,NTNT Rotterdam,https://www.ictergezocht.nl/ict-bedrijven/9176-ntnt-rotterdam/
2903,ntri,https://www.ictergezocht.nl/ict-bedrijven/9786-ntri/
2904,NTS Solutions,https://www.ictergezocht.nl/ict-bedrijven/10068-nts-solutions/
2905,Nubes ontwikkel,https://www.ictergezocht.nl/ict-bedrijven/10429-nubes-ontwikkel/
2906,NUCTECH NETHERLANDS,https://www.ictergezocht.nl/ict-bedrijven/10640-nuctech-netherlands/
2907,NUGTR,https://www.ictergezocht.nl/ict-bedrijven/9250-nugtr/
2908,Numatic International,https://www.ictergezocht.nl/ict-bedrijven/10623-numatic-international/
2909,Nunhems Netherlands,https://www.ictergezocht.nl/ict-bedrijven/2375-nunhems-netherlands/
2910,Nutrilab,https://www.ictergezocht.nl/ict-bedrijven/9600-nutrilab/
2911,NWO,https://www.ictergezocht.nl/ict-bedrijven/9455-nwo/
2912,NWO-I,https://www.ictergezocht.nl/ict-bedrijven/9954-nwo-i/
2913,NWWI,https://www.ictergezocht.nl/ict-bedrijven/10146-nwwi/
2914,nxtmix,https://www.ictergezocht.nl/ict-bedrijven/2653-nxtmix/
2915,Nyenborgh Group,https://www.ictergezocht.nl/ict-bedrijven/9038-nyenborgh-group/
2916,ICT bedrijven zoeken,https://www.ictergezocht.nl/ict-bedrijven/
2917,ICT bedrijven zoeken,https://www.ictergezocht.nl/ict-bedrijven/
2918,O. Smeding en zn,https://www.ictergezocht.nl/ict-bedrijven/8022-o-smeding-en-zn/
2919,O&I Services,https://www.ictergezocht.nl/ict-bedrijven/5734-oi-services/
2920,O3 Consultancy,https://www.ictergezocht.nl/ict-bedrijven/9684-o3-consultancy/
2921,oak bemiddeling,https://www.ictergezocht.nl/ict-bedrijven/5327-oak-bemiddeling/
2922,OAKSOFT,https://www.ictergezocht.nl/ict-bedrijven/5615-oaksoft/
2923,Oasen,https://www.ictergezocht.nl/ict-bedrijven/9243-oasen/
2924,Oasen,https://www.ictergezocht.nl/ict-bedrijven/2861-oasen/
2925,Oasen,https://www.ictergezocht.nl/ict-bedrijven/7921-oasen/
2926,Obec Software Engineering,https://www.ictergezocht.nl/ict-bedrijven/5384-obec-software-engineering/
2927,OBI4wan,https://www.ictergezocht.nl/ict-bedrijven/7973-obi4wan/
2928,Oblatio Recruitment,https://www.ictergezocht.nl/ict-bedrijven/5412-oblatio-recruitment/
2929,Observator Instruments,https://www.ictergezocht.nl/ict-bedrijven/7764-observator-instruments/
2930,OBV-Logistiek,https://www.ictergezocht.nl/ict-bedrijven/8269-obv-logistiek/
2931,OCA,https://www.ictergezocht.nl/ict-bedrijven/9577-oca/
2932,OCAI online,https://www.ictergezocht.nl/ict-bedrijven/442-ocai-online/
2933,OCG ICT,https://www.ictergezocht.nl/ict-bedrijven/959-ocg-ict/
2934,Octo Asset Management,https://www.ictergezocht.nl/ict-bedrijven/9306-octo-asset-management/
2935,ODS2,https://www.ictergezocht.nl/ict-bedrijven/1-ods2/
2936,OEC Nederland,https://www.ictergezocht.nl/ict-bedrijven/3404-oec-nederland/
2937,Oegema Transport Dedemsvaart,https://www.ictergezocht.nl/ict-bedrijven/8876-oegema-transport-dedemsvaart/
2938,Oelan Consultancy,https://www.ictergezocht.nl/ict-bedrijven/7959-oelan-consultancy/
2939,OF-Connect,https://www.ictergezocht.nl/ict-bedrijven/6076-of-connect/
2940,Offective,https://www.ictergezocht.nl/ict-bedrijven/5056-offective/
2941,Office IT,https://www.ictergezocht.nl/ict-bedrijven/10764-office-it/
2942,OfficeGrip,https://www.ictergezocht.nl/ict-bedrijven/5260-officegrip/
2943,OfficeHeart,https://www.ictergezocht.nl/ict-bedrijven/7871-officeheart/
2944,OFZIO,https://www.ictergezocht.nl/ict-bedrijven/10415-ofzio/
2945,OGD ict-diensten,https://www.ictergezocht.nl/ict-bedrijven/9890-ogd-ict-diensten/
2946,OGD ict-diensten,https://www.ictergezocht.nl/ict-bedrijven/4087-ogd-ict-diensten/
2947,OGS Netherlands,https://www.ictergezocht.nl/ict-bedrijven/2693-ogs-netherlands/
2948,Oil & Vinegar | Assisi,https://www.ictergezocht.nl/ict-bedrijven/9697-oil-vinegar-assisi/
2949,OIS,https://www.ictergezocht.nl/ict-bedrijven/8677-ois/
2950,Oliver James,https://www.ictergezocht.nl/ict-bedrijven/10418-oliver-james/
2951,Oliver James Associates,https://www.ictergezocht.nl/ict-bedrijven/9285-oliver-james-associates/
2952,OLVG,https://www.ictergezocht.nl/ict-bedrijven/10515-olvg/
2953,Olympia Uitzendbureau,https://www.ictergezocht.nl/ict-bedrijven/5938-olympia-uitzendbureau/
2954,Olympia Uitzendbureau Utrecht,https://www.ictergezocht.nl/ict-bedrijven/4090-olympia-uitzendbureau-utrecht/
2955,Olyses,https://www.ictergezocht.nl/ict-bedrijven/4992-olyses/
2956,Omix Beter Onderwijs,https://www.ictergezocht.nl/ict-bedrijven/10085-omix-beter-onderwijs/
2957,Omniplan Development,https://www.ictergezocht.nl/ict-bedrijven/8420-omniplan-development/
2958,Omroep Gelderland,https://www.ictergezocht.nl/ict-bedrijven/9975-omroep-gelderland/
2959,Omroep MAX,https://www.ictergezocht.nl/ict-bedrijven/10591-omroep-max/
2960,ON THAT ASS,https://www.ictergezocht.nl/ict-bedrijven/7957-on-that-ass/
2961,On-d-mand,https://www.ictergezocht.nl/ict-bedrijven/2543-on-d-mand/
2962,ON2IT,https://www.ictergezocht.nl/ict-bedrijven/7868-on2it/
2963,Oncourse.online,https://www.ictergezocht.nl/ict-bedrijven/7563-oncourseonline/
2964,Onderlinge 's-Gravenhage,https://www.ictergezocht.nl/ict-bedrijven/9255-onderlinge-s-gravenhage/
2965,Onderwijs Transparant,https://www.ictergezocht.nl/ict-bedrijven/10358-onderwijs-transparant/
2966,Onderwijs Transparant,https://www.ictergezocht.nl/ict-bedrijven/5791-onderwijs-transparant/
2967,One Arrow,https://www.ictergezocht.nl/ict-bedrijven/10268-one-arrow/
2968,One Flora Group,https://www.ictergezocht.nl/ict-bedrijven/5985-one-flora-group/
2969,One Shoe,https://www.ictergezocht.nl/ict-bedrijven/5955-one-shoe/
2970,One Shoe,https://www.ictergezocht.nl/ict-bedrijven/8042-one-shoe/
2971,One Stop Webshop,https://www.ictergezocht.nl/ict-bedrijven/5116-one-stop-webshop/
2972,One-2-ten Customer Rating Systems,https://www.ictergezocht.nl/ict-bedrijven/6057-one-2-ten-customer-rating-systems/
2973,One-2-ten Customer Ratings,https://www.ictergezocht.nl/ict-bedrijven/7839-one-2-ten-customer-ratings/
2974,OneDsign Web Development & Graphic Design,https://www.ictergezocht.nl/ict-bedrijven/937-onedsign-web-development-graphic-design/
2975,Onepoint NL,https://www.ictergezocht.nl/ict-bedrijven/5869-onepoint-nl/
2976,Onest / Mytaxflow,https://www.ictergezocht.nl/ict-bedrijven/8445-onest-mytaxflow/
2977,Onest Digital Agency,https://www.ictergezocht.nl/ict-bedrijven/9009-onest-digital-agency/
2978,Onetoweb,https://www.ictergezocht.nl/ict-bedrijven/4205-onetoweb/
2979,Onguard,https://www.ictergezocht.nl/ict-bedrijven/8440-onguard/
2980,Onguard,https://www.ictergezocht.nl/ict-bedrijven/8187-onguard/
2981,Online Activity,https://www.ictergezocht.nl/ict-bedrijven/7895-online-activity/
2982,Online Recruit Group,https://www.ictergezocht.nl/ict-bedrijven/815-online-recruit-group/
2983,Online Recruit Group,https://www.ictergezocht.nl/ict-bedrijven/9467-online-recruit-group/
2984,Online Supporter,https://www.ictergezocht.nl/ict-bedrijven/8301-online-supporter/
2985,Onlineafspraken.nl,https://www.ictergezocht.nl/ict-bedrijven/115-onlineafsprakennl/
2986,Onlineveilingmeester.nl,https://www.ictergezocht.nl/ict-bedrijven/5003-onlineveilingmeesternl/
2987,Ons Middelbaar Onderwijs,https://www.ictergezocht.nl/ict-bedrijven/10408-ons-middelbaar-onderwijs/
2988,Ons Tweede Thuis,https://www.ictergezocht.nl/ict-bedrijven/6065-ons-tweede-thuis/
2989,ONSOURCE,https://www.ictergezocht.nl/ict-bedrijven/3724-onsource/
2990,Ontwerpwerk,https://www.ictergezocht.nl/ict-bedrijven/10148-ontwerpwerk/
2991,Ontwerpwerk,https://www.ictergezocht.nl/ict-bedrijven/8669-ontwerpwerk/
2992,Onventis Benelux,https://www.ictergezocht.nl/ict-bedrijven/9858-onventis-benelux/
2993,OOG onderwijs en jeugd,https://www.ictergezocht.nl/ict-bedrijven/5649-oog-onderwijs-en-jeugd/
2994,Oogziekenhuis Zonnestraal,https://www.ictergezocht.nl/ict-bedrijven/5539-oogziekenhuis-zonnestraal/
2995,OOvB,https://www.ictergezocht.nl/ict-bedrijven/10870-oovb/
2996,OOZ - Openbaar Onderwijs Zwolle & Regio,https://www.ictergezocht.nl/ict-bedrijven/10438-ooz-openbaar-onderwijs-zwolle-regio/
2997,OPAL Associates,https://www.ictergezocht.nl/ict-bedrijven/4958-opal-associates/
2998,Open Circle Solutions,https://www.ictergezocht.nl/ict-bedrijven/8219-open-circle-solutions/
2999,Open Doors International,https://www.ictergezocht.nl/ict-bedrijven/10851-open-doors-international/
3000,Open Forest,https://www.ictergezocht.nl/ict-bedrijven/5689-open-forest/
3001,Open IT Nederland,https://www.ictergezocht.nl/ict-bedrijven/1087-open-it-nederland/
3002,Open Line,https://www.ictergezocht.nl/ict-bedrijven/4577-open-line/
3003,Openbare Bibliotheek Gelderland Zuid,https://www.ictergezocht.nl/ict-bedrijven/150-openbare-bibliotheek-gelderland-zuid/
3004,Opmerklik.nl,https://www.ictergezocht.nl/ict-bedrijven/4369-opmerkliknl/
3005,Opportunity Job,https://www.ictergezocht.nl/ict-bedrijven/792-opportunity-job/
3006,Optimezers,https://www.ictergezocht.nl/ict-bedrijven/8397-optimezers/
3007,OptimizIT Detachering,https://www.ictergezocht.nl/ict-bedrijven/8368-optimizit-detachering/
3008,Optimum ICT,https://www.ictergezocht.nl/ict-bedrijven/8031-optimum-ict/
3009,Optitrade Logistiek Centrum,https://www.ictergezocht.nl/ict-bedrijven/9476-optitrade-logistiek-centrum/
3010,Optora,https://www.ictergezocht.nl/ict-bedrijven/7619-optora/
3011,Opus Magnum,https://www.ictergezocht.nl/ict-bedrijven/8639-opus-magnum/
3012,Opus Recruitment Solutions,https://www.ictergezocht.nl/ict-bedrijven/9411-opus-recruitment-solutions/
3013,Opzet,https://www.ictergezocht.nl/ict-bedrijven/9861-opzet/
3014,Orange Business,https://www.ictergezocht.nl/ict-bedrijven/10644-orange-business/
3015,OrangeLine websites + graphics,https://www.ictergezocht.nl/ict-bedrijven/5357-orangeline-websites-graphics/
3016,OrangeTalent,https://www.ictergezocht.nl/ict-bedrijven/4877-orangetalent/
3017,OrbusNeich Medical,https://www.ictergezocht.nl/ict-bedrijven/8329-orbusneich-medical/
3018,Organiq,https://www.ictergezocht.nl/ict-bedrijven/9518-organiq/
3019,Orgtel Finance,https://www.ictergezocht.nl/ict-bedrijven/921-orgtel-finance/
3020,Oris,https://www.ictergezocht.nl/ict-bedrijven/8595-oris/
3021,Ormer ICT Staffing,https://www.ictergezocht.nl/ict-bedrijven/6021-ormer-ict-staffing/
3022,ORTEC,https://www.ictergezocht.nl/ict-bedrijven/2816-ortec/
3023,Ortec Finance,https://www.ictergezocht.nl/ict-bedrijven/10558-ortec-finance/
3024,Ortec Finance,https://www.ictergezocht.nl/ict-bedrijven/7864-ortec-finance/
3025,ORTEC.,https://www.ictergezocht.nl/ict-bedrijven/10171-ortec/
3026,OSAGE,https://www.ictergezocht.nl/ict-bedrijven/239-osage/
3027,OSC,https://www.ictergezocht.nl/ict-bedrijven/8521-osc/
3028,OSC,https://www.ictergezocht.nl/ict-bedrijven/7825-osc/
3029,OSH Software Solutions,https://www.ictergezocht.nl/ict-bedrijven/10064-osh-software-solutions/
3030,OSI-8 Detachering,https://www.ictergezocht.nl/ict-bedrijven/5695-osi-8-detachering/
3031,Osiatis,https://www.ictergezocht.nl/ict-bedrijven/391-osiatis/
3032,Oteq,https://www.ictergezocht.nl/ict-bedrijven/5969-oteq/
3033,Ottonico,https://www.ictergezocht.nl/ict-bedrijven/438-ottonico/
3034,Otwee,https://www.ictergezocht.nl/ict-bedrijven/8616-otwee/
3035,OTYS Recruiting Technology,https://www.ictergezocht.nl/ict-bedrijven/5742-otys-recruiting-technology/
3036,Out of Site,https://www.ictergezocht.nl/ict-bedrijven/10339-out-of-site/
3037,OverNite Software Europe,https://www.ictergezocht.nl/ict-bedrijven/10761-overnite-software-europe/
3038,OverNite Software Europe,https://www.ictergezocht.nl/ict-bedrijven/7671-overnite-software-europe/
3039,Overstappen.nl (Biarritz Media),https://www.ictergezocht.nl/ict-bedrijven/3208-overstappennl-biarritz-media/
3040,Ovotrack,https://www.ictergezocht.nl/ict-bedrijven/9409-ovotrack/
3041,OWM Sazas,https://www.ictergezocht.nl/ict-bedrijven/8195-owm-sazas/
3042,Oxford Global Resources,https://www.ictergezocht.nl/ict-bedrijven/9864-oxford-global-resources/
3043,ICT bedrijven zoeken,https://www.ictergezocht.nl/ict-bedrijven/
3044,ICT bedrijven zoeken,https://www.ictergezocht.nl/ict-bedrijven/
3045,P1,https://www.ictergezocht.nl/ict-bedrijven/8122-p1/
3046,P1 Travel,https://www.ictergezocht.nl/ict-bedrijven/10297-p1-travel/
3047,Paardekooper,https://www.ictergezocht.nl/ict-bedrijven/7845-paardekooper/
3048,PAC,https://www.ictergezocht.nl/ict-bedrijven/8204-pac/
3049,Pacific International,https://www.ictergezocht.nl/ict-bedrijven/118-pacific-international/
3050,Pacta,https://www.ictergezocht.nl/ict-bedrijven/5153-pacta/
3051,Pactum jeugd-  en opvoedhulp,https://www.ictergezocht.nl/ict-bedrijven/5480-pactum-jeugd-en-opvoedhulp/
3052,Page Personnel,https://www.ictergezocht.nl/ict-bedrijven/7850-page-personnel/
3053,Pameijer,https://www.ictergezocht.nl/ict-bedrijven/4241-pameijer/
3054,PanArt communicatie en mediadesign,https://www.ictergezocht.nl/ict-bedrijven/9135-panart-communicatie-en-mediadesign/
3055,PanArt creatie en communicatie,https://www.ictergezocht.nl/ict-bedrijven/4875-panart-creatie-en-communicatie/
3056,Panasonic Cameramanager,https://www.ictergezocht.nl/ict-bedrijven/5503-panasonic-cameramanager/
3057,Pandriks Bake Off,https://www.ictergezocht.nl/ict-bedrijven/10173-pandriks-bake-off/
3058,Panteia,https://www.ictergezocht.nl/ict-bedrijven/5512-panteia/
3059,Paradigit,https://www.ictergezocht.nl/ict-bedrijven/7561-paradigit/
3060,Paradigit Computers,https://www.ictergezocht.nl/ict-bedrijven/4558-paradigit-computers/
3061,paraDIGMA Groep,https://www.ictergezocht.nl/ict-bedrijven/9444-paradigma-groep/
3062,Paradise Products,https://www.ictergezocht.nl/ict-bedrijven/9251-paradise-products/
3063,Paralax,https://www.ictergezocht.nl/ict-bedrijven/4944-paralax/
3064,Paralax,https://www.ictergezocht.nl/ict-bedrijven/8826-paralax/
3065,Paralax Planning Solutions,https://www.ictergezocht.nl/ict-bedrijven/7785-paralax-planning-solutions/
3066,Parallel Consulting,https://www.ictergezocht.nl/ict-bedrijven/9293-parallel-consulting/
3067,Parallel Consulting ltd,https://www.ictergezocht.nl/ict-bedrijven/10472-parallel-consulting-ltd/
3068,Parantion,https://www.ictergezocht.nl/ict-bedrijven/4126-parantion/
3069,ParentCom,https://www.ictergezocht.nl/ict-bedrijven/5945-parentcom/
3070,Parfumswinkel,https://www.ictergezocht.nl/ict-bedrijven/4745-parfumswinkel/
3071,Park Zuiderhout,https://www.ictergezocht.nl/ict-bedrijven/10811-park-zuiderhout/
3072,Parlando,https://www.ictergezocht.nl/ict-bedrijven/8095-parlando/
3073,Parnassia Groep,https://www.ictergezocht.nl/ict-bedrijven/8097-parnassia-groep/
3074,Partners voor Jeugd,https://www.ictergezocht.nl/ict-bedrijven/10254-partners-voor-jeugd/
3075,Patagonia,https://www.ictergezocht.nl/ict-bedrijven/9240-patagonia/
3076,Pathan,https://www.ictergezocht.nl/ict-bedrijven/9056-pathan/
3077,Pathé Theatres,https://www.ictergezocht.nl/ict-bedrijven/4827-pathe-theatres/
3078,Patiëntenfederatie Nederland,https://www.ictergezocht.nl/ict-bedrijven/10669-patientenfederatie-nederland/
3079,Patiëntenfederatie NPCF,https://www.ictergezocht.nl/ict-bedrijven/5113-patientenfederatie-npcf/
3080,PAVO Advice,https://www.ictergezocht.nl/ict-bedrijven/10577-pavo-advice/
3081,PayPro,https://www.ictergezocht.nl/ict-bedrijven/4326-paypro/
3082,Payroll Select,https://www.ictergezocht.nl/ict-bedrijven/5829-payroll-select/
3083,PB tec,https://www.ictergezocht.nl/ict-bedrijven/9767-pb-tec/
3084,PB Web Media,https://www.ictergezocht.nl/ict-bedrijven/10144-pb-web-media/
3085,PBBA,https://www.ictergezocht.nl/ict-bedrijven/5545-pbba/
3086,PBC Group,https://www.ictergezocht.nl/ict-bedrijven/9400-pbc-group/
3087,Pcdata,https://www.ictergezocht.nl/ict-bedrijven/9122-pcdata/
3088,PCG-IT,https://www.ictergezocht.nl/ict-bedrijven/5364-pcg-it/
3089,PCI Nederland,https://www.ictergezocht.nl/ict-bedrijven/9780-pci-nederland/
3090,Peacs,https://www.ictergezocht.nl/ict-bedrijven/5774-peacs/
3091,Peakfort,https://www.ictergezocht.nl/ict-bedrijven/9773-peakfort/
3092,Pearson & Partners.,https://www.ictergezocht.nl/ict-bedrijven/10165-pearson-partners/
3093,Pecon Solution,https://www.ictergezocht.nl/ict-bedrijven/9560-pecon-solution/
3094,Peeme ICT Services,https://www.ictergezocht.nl/ict-bedrijven/4251-peeme-ict-services/
3095,Peet ICT,https://www.ictergezocht.nl/ict-bedrijven/10784-peet-ict/
3096,Penna.co,https://www.ictergezocht.nl/ict-bedrijven/7675-pennaco/
3097,Pensioennavigator,https://www.ictergezocht.nl/ict-bedrijven/5564-pensioennavigator/
3098,Pento,https://www.ictergezocht.nl/ict-bedrijven/9608-pento/
3099,People and Beyond,https://www.ictergezocht.nl/ict-bedrijven/283-people-and-beyond/
3100,People's Playground,https://www.ictergezocht.nl/ict-bedrijven/5050-peoples-playground/
3101,People&Print Group,https://www.ictergezocht.nl/ict-bedrijven/4277-peopleprint-group/
3102,Peopleinjobs,https://www.ictergezocht.nl/ict-bedrijven/243-peopleinjobs/
3103,Pepperflow,https://www.ictergezocht.nl/ict-bedrijven/9594-pepperflow/
3104,Perceptor,https://www.ictergezocht.nl/ict-bedrijven/4048-perceptor/
3105,Perfect Fit Systems   ARUBA,https://www.ictergezocht.nl/ict-bedrijven/155-perfect-fit-systems-aruba/
3106,PerfectWare,https://www.ictergezocht.nl/ict-bedrijven/10399-perfectware/
3107,Perplex Digital,https://www.ictergezocht.nl/ict-bedrijven/9728-perplex-digital/
3108,Perplex Internetmarketing,https://www.ictergezocht.nl/ict-bedrijven/6001-perplex-internetmarketing/
3109,Personato Werving en Selectie,https://www.ictergezocht.nl/ict-bedrijven/2171-personato-werving-en-selectie/
3110,Persoonality,https://www.ictergezocht.nl/ict-bedrijven/2080-persoonality/
3111,Perviam Computer Consultancy,https://www.ictergezocht.nl/ict-bedrijven/9962-perviam-computer-consultancy/
3112,Pet ICT-Diensten,https://www.ictergezocht.nl/ict-bedrijven/10637-pet-ict-diensten/
3113,PET Power,https://www.ictergezocht.nl/ict-bedrijven/8602-pet-power/
3114,PeterPrint,https://www.ictergezocht.nl/ict-bedrijven/9775-peterprint/
3115,Petrol Industries,https://www.ictergezocht.nl/ict-bedrijven/8223-petrol-industries/
3116,PF Concept International Coöperatief U.A.,https://www.ictergezocht.nl/ict-bedrijven/10494-pf-concept-international-cooperatief-ua/
3117,PFF Group,https://www.ictergezocht.nl/ict-bedrijven/10289-pff-group/
3118,PGZ International,https://www.ictergezocht.nl/ict-bedrijven/10140-pgz-international/
3119,PharmAccess Foundation,https://www.ictergezocht.nl/ict-bedrijven/4617-pharmaccess-foundation/
3120,Pharmerit International,https://www.ictergezocht.nl/ict-bedrijven/4975-pharmerit-international/
3121,Pharming Group,https://www.ictergezocht.nl/ict-bedrijven/9760-pharming-group/
3122,Phenom People Netherlands,https://www.ictergezocht.nl/ict-bedrijven/9638-phenom-people-netherlands/
3123,Phi Data,https://www.ictergezocht.nl/ict-bedrijven/33-phi-data/
3124,Phi People,https://www.ictergezocht.nl/ict-bedrijven/5465-phi-people/
3125,Philips,https://www.ictergezocht.nl/ict-bedrijven/8833-philips/
3126,Phind,https://www.ictergezocht.nl/ict-bedrijven/5856-phind/
3127,PHJ Automation,https://www.ictergezocht.nl/ict-bedrijven/8958-phj-automation/
3128,Photonis Netherlands,https://www.ictergezocht.nl/ict-bedrijven/10571-photonis-netherlands/
3129,Phylax ICT,https://www.ictergezocht.nl/ict-bedrijven/7808-phylax-ict/
3130,Picasse Internet & Mobile,https://www.ictergezocht.nl/ict-bedrijven/8973-picasse-internet-mobile/
3131,PiCompany,https://www.ictergezocht.nl/ict-bedrijven/8131-picompany/
3132,Picturae,https://www.ictergezocht.nl/ict-bedrijven/10368-picturae/
3133,PicturePresent,https://www.ictergezocht.nl/ict-bedrijven/4171-picturepresent/
3134,Pieter Smit Group,https://www.ictergezocht.nl/ict-bedrijven/8226-pieter-smit-group/
3135,Pijl solutions,https://www.ictergezocht.nl/ict-bedrijven/8820-pijl-solutions/
3136,Pimpernel Data Communicatie,https://www.ictergezocht.nl/ict-bedrijven/3704-pimpernel-data-communicatie/
3137,Pine Digital Security,https://www.ictergezocht.nl/ict-bedrijven/2468-pine-digital-security/
3138,Pine Lawful Interception,https://www.ictergezocht.nl/ict-bedrijven/4923-pine-lawful-interception/
3139,PingOnline,https://www.ictergezocht.nl/ict-bedrijven/5317-pingonline/
3140,Pink Elephant,https://www.ictergezocht.nl/ict-bedrijven/7858-pink-elephant/
3141,Pink Elephant,https://www.ictergezocht.nl/ict-bedrijven/9972-pink-elephant/
3142,PinkRoccade Healthcare,https://www.ictergezocht.nl/ict-bedrijven/8624-pinkroccade-healthcare/
3143,PinkRoccade Local Government,https://www.ictergezocht.nl/ict-bedrijven/10622-pinkroccade-local-government/
3144,Pinners Beheer,https://www.ictergezocht.nl/ict-bedrijven/4689-pinners-beheer/
3145,Pit Group Intech,https://www.ictergezocht.nl/ict-bedrijven/2637-pit-group-intech/
3146,Pitt IT Professionals,https://www.ictergezocht.nl/ict-bedrijven/10547-pitt-it-professionals/
3147,Pitt IT Professionals,https://www.ictergezocht.nl/ict-bedrijven/9334-pitt-it-professionals/
3148,Pius X-College,https://www.ictergezocht.nl/ict-bedrijven/9260-pius-x-college/
3149,Pivoton,https://www.ictergezocht.nl/ict-bedrijven/7628-pivoton/
3150,Pix & Pages,https://www.ictergezocht.nl/ict-bedrijven/10021-pix-pages/
3151,Pixelbyte,https://www.ictergezocht.nl/ict-bedrijven/8893-pixelbyte/
3152,Pixelheads,https://www.ictergezocht.nl/ict-bedrijven/9849-pixelheads/
3153,Pixelindustries,https://www.ictergezocht.nl/ict-bedrijven/4103-pixelindustries/
3154,Pixelplus,https://www.ictergezocht.nl/ict-bedrijven/9582-pixelplus/
3155,PKF Wallast,https://www.ictergezocht.nl/ict-bedrijven/10594-pkf-wallast/
3156,Place-IT,https://www.ictergezocht.nl/ict-bedrijven/250-place-it/
3157,PlaceHosted,https://www.ictergezocht.nl/ict-bedrijven/423-placehosted/
3158,Plan International Nederland,https://www.ictergezocht.nl/ict-bedrijven/8650-plan-international-nederland/
3159,pLAN8 Consultancy&Development,https://www.ictergezocht.nl/ict-bedrijven/1177-plan8-consultancydevelopment/
3160,Planet Online,https://www.ictergezocht.nl/ict-bedrijven/377-planet-online/
3161,Planeum Nederland,https://www.ictergezocht.nl/ict-bedrijven/8078-planeum-nederland/
3162,PLANT hosting & co-location,https://www.ictergezocht.nl/ict-bedrijven/3467-plant-hosting-co-location/
3163,Plato System Development,https://www.ictergezocht.nl/ict-bedrijven/10677-plato-system-development/
3164,Plaxis,https://www.ictergezocht.nl/ict-bedrijven/5825-plaxis/
3165,PLINQ,https://www.ictergezocht.nl/ict-bedrijven/5272-plinq/
3166,Plotwise,https://www.ictergezocht.nl/ict-bedrijven/9539-plotwise/
3167,Plus Automatisering,https://www.ictergezocht.nl/ict-bedrijven/5982-plus-automatisering/
3168,PlusIT,https://www.ictergezocht.nl/ict-bedrijven/8756-plusit/
3169,PlusPort,https://www.ictergezocht.nl/ict-bedrijven/5941-plusport/
3170,PM Coded / Networking,https://www.ictergezocht.nl/ict-bedrijven/9757-pm-coded-networking/
3171,PM Networking,https://www.ictergezocht.nl/ict-bedrijven/5579-pm-networking/
3172,Pocos,https://www.ictergezocht.nl/ict-bedrijven/9007-pocos/
3173,Pointer BP,https://www.ictergezocht.nl/ict-bedrijven/4031-pointer-bp/
3174,Pointlogic,https://www.ictergezocht.nl/ict-bedrijven/5522-pointlogic/
3175,Politie Amsterdam-Amstelland,https://www.ictergezocht.nl/ict-bedrijven/3977-politie-amsterdam-amstelland/
3176,Polygon Afrekensystemen,https://www.ictergezocht.nl/ict-bedrijven/8281-polygon-afrekensystemen/
3177,PolyTalent,https://www.ictergezocht.nl/ict-bedrijven/4651-polytalent/
3178,Polytech Kunststoffen,https://www.ictergezocht.nl/ict-bedrijven/9172-polytech-kunststoffen/
3179,Pon Logistics,https://www.ictergezocht.nl/ict-bedrijven/5592-pon-logistics/
3180,Pon Logistics,https://www.ictergezocht.nl/ict-bedrijven/10492-pon-logistics/
3181,Pondres Direct Mail,https://www.ictergezocht.nl/ict-bedrijven/9470-pondres-direct-mail/
3182,Poort 80,https://www.ictergezocht.nl/ict-bedrijven/9030-poort-80/
3183,Pop Vriend Seeds,https://www.ictergezocht.nl/ict-bedrijven/8990-pop-vriend-seeds/
3184,Pop Vriend Seeds,https://www.ictergezocht.nl/ict-bedrijven/9368-pop-vriend-seeds/
3185,Port of Amsterdam,https://www.ictergezocht.nl/ict-bedrijven/10175-port-of-amsterdam/
3186,Portaal,https://www.ictergezocht.nl/ict-bedrijven/6037-portaal/
3187,PortaBase,https://www.ictergezocht.nl/ict-bedrijven/9159-portabase/
3188,Portavita,https://www.ictergezocht.nl/ict-bedrijven/2176-portavita/
3189,Porting Access,https://www.ictergezocht.nl/ict-bedrijven/6184-porting-access/
3190,Portjoin,https://www.ictergezocht.nl/ict-bedrijven/6108-portjoin/
3191,POWARE Industrial Automation,https://www.ictergezocht.nl/ict-bedrijven/10266-poware-industrial-automation/
3192,Power IT,https://www.ictergezocht.nl/ict-bedrijven/10888-power-it/
3193,Power Supplements,https://www.ictergezocht.nl/ict-bedrijven/5008-power-supplements/
3194,Power to the People,https://www.ictergezocht.nl/ict-bedrijven/5488-power-to-the-people/
3195,PowerAssist,https://www.ictergezocht.nl/ict-bedrijven/9233-powerassist/
3196,PowerSlim Nederland,https://www.ictergezocht.nl/ict-bedrijven/8408-powerslim-nederland/
3197,PPHE Hotel Group,https://www.ictergezocht.nl/ict-bedrijven/9070-pphe-hotel-group/
3198,PQR,https://www.ictergezocht.nl/ict-bedrijven/10436-pqr/
3199,Praclox,https://www.ictergezocht.nl/ict-bedrijven/10349-praclox/
3200,Pragmatic Brains,https://www.ictergezocht.nl/ict-bedrijven/10024-pragmatic-brains/
3201,Predictive Consultancy,https://www.ictergezocht.nl/ict-bedrijven/5454-predictive-consultancy/
3202,Prelum Medische media en nascholing,https://www.ictergezocht.nl/ict-bedrijven/6203-prelum-medische-media-en-nascholing/
3203,Prelum Uitgevers,https://www.ictergezocht.nl/ict-bedrijven/2201-prelum-uitgevers/
3204,Prénatal Moeder & Kind,https://www.ictergezocht.nl/ict-bedrijven/8495-prenatal-moeder-kind/
3205,Prénatal Moeder en Kind,https://www.ictergezocht.nl/ict-bedrijven/10545-prenatal-moeder-en-kind/
3206,Prénatal Moeder en Kind,https://www.ictergezocht.nl/ict-bedrijven/8003-prenatal-moeder-en-kind/
3207,PrePain,https://www.ictergezocht.nl/ict-bedrijven/8450-prepain/
3208,Prepped,https://www.ictergezocht.nl/ict-bedrijven/704-prepped/
3209,Prepr,https://www.ictergezocht.nl/ict-bedrijven/10251-prepr/
3210,Prescan,https://www.ictergezocht.nl/ict-bedrijven/9614-prescan/
3211,PressPage,https://www.ictergezocht.nl/ict-bedrijven/6125-presspage/
3212,Prevent-IT,https://www.ictergezocht.nl/ict-bedrijven/5289-prevent-it/
3213,Previder,https://www.ictergezocht.nl/ict-bedrijven/3431-previder/
3214,Pridecompany,https://www.ictergezocht.nl/ict-bedrijven/10312-pridecompany/
3215,Prikdienst Nederland,https://www.ictergezocht.nl/ict-bedrijven/6107-prikdienst-nederland/
3216,Prima IT,https://www.ictergezocht.nl/ict-bedrijven/7912-prima-it/
3217,Primadeta,https://www.ictergezocht.nl/ict-bedrijven/4932-primadeta/
3218,Primadeta,https://www.ictergezocht.nl/ict-bedrijven/87-primadeta/
3219,PrimaPost,https://www.ictergezocht.nl/ict-bedrijven/4998-primapost/
3220,Primatch,https://www.ictergezocht.nl/ict-bedrijven/4806-primatch/
3221,Prins Autogassystemen,https://www.ictergezocht.nl/ict-bedrijven/8685-prins-autogassystemen/
3222,Print.com,https://www.ictergezocht.nl/ict-bedrijven/8655-printcom/
3223,Print4business,https://www.ictergezocht.nl/ict-bedrijven/1160-print4business/
3224,Prioserve Internetdiensten,https://www.ictergezocht.nl/ict-bedrijven/4493-prioserve-internetdiensten/
3225,Priva,https://www.ictergezocht.nl/ict-bedrijven/6046-priva/
3226,Private Mobility,https://www.ictergezocht.nl/ict-bedrijven/4354-private-mobility/
3227,Pro Persona,https://www.ictergezocht.nl/ict-bedrijven/4996-pro-persona/
3228,pro-gress,https://www.ictergezocht.nl/ict-bedrijven/9632-pro-gress/
3229,PROACT,https://www.ictergezocht.nl/ict-bedrijven/4261-proact/
3230,Proact IT NL,https://www.ictergezocht.nl/ict-bedrijven/9245-proact-it-nl/
3231,Proact Netherlands,https://www.ictergezocht.nl/ict-bedrijven/10406-proact-netherlands/
3232,PROambt Advies,https://www.ictergezocht.nl/ict-bedrijven/7796-proambt-advies/
3233,ProAssist Nederland Service,https://www.ictergezocht.nl/ict-bedrijven/4987-proassist-nederland-service/
3234,ProAutNorm,https://www.ictergezocht.nl/ict-bedrijven/9146-proautnorm/
3235,Procam,https://www.ictergezocht.nl/ict-bedrijven/5325-procam/
3236,Procam,https://www.ictergezocht.nl/ict-bedrijven/9688-procam/
3237,PROCIT,https://www.ictergezocht.nl/ict-bedrijven/983-procit/
3238,Procyon Networks,https://www.ictergezocht.nl/ict-bedrijven/5692-procyon-networks/
3239,Prodes - Internet Partner,https://www.ictergezocht.nl/ict-bedrijven/4237-prodes-internet-partner/
3240,Prodeta ICT,https://www.ictergezocht.nl/ict-bedrijven/9993-prodeta-ict/
3241,Prodicom,https://www.ictergezocht.nl/ict-bedrijven/2736-prodicom/
3242,Prodimed,https://www.ictergezocht.nl/ict-bedrijven/5901-prodimed/
3243,Product League,https://www.ictergezocht.nl/ict-bedrijven/10489-product-league/
3244,Product Plus Reclamebureau,https://www.ictergezocht.nl/ict-bedrijven/7896-product-plus-reclamebureau/
3245,ProDVX Europe,https://www.ictergezocht.nl/ict-bedrijven/7830-prodvx-europe/
3246,Prof-IT4all,https://www.ictergezocht.nl/ict-bedrijven/5378-prof-it4all/
3247,Prof-IT4all,https://www.ictergezocht.nl/ict-bedrijven/10126-prof-it4all/
3248,ProFessence,https://www.ictergezocht.nl/ict-bedrijven/5880-professence/
3249,Profextru Productie,https://www.ictergezocht.nl/ict-bedrijven/8385-profextru-productie/
3250,Profield,https://www.ictergezocht.nl/ict-bedrijven/10319-profield/
3251,Profit Consulting,https://www.ictergezocht.nl/ict-bedrijven/1637-profit-consulting/
3252,Profit Nederland,https://www.ictergezocht.nl/ict-bedrijven/8215-profit-nederland/
3253,Profity,https://www.ictergezocht.nl/ict-bedrijven/6101-profity/
3254,Profix IT Solutions,https://www.ictergezocht.nl/ict-bedrijven/7592-profix-it-solutions/
3255,Profolux,https://www.ictergezocht.nl/ict-bedrijven/10375-profolux/
3256,Proforto,https://www.ictergezocht.nl/ict-bedrijven/9234-proforto/
3257,Profundo,https://www.ictergezocht.nl/ict-bedrijven/10536-profundo/
3258,Programic,https://www.ictergezocht.nl/ict-bedrijven/10196-programic/
3259,Progression IT.,https://www.ictergezocht.nl/ict-bedrijven/10211-progression-it/
3260,Progressive,https://www.ictergezocht.nl/ict-bedrijven/902-progressive/
3261,Progressive,https://www.ictergezocht.nl/ict-bedrijven/903-progressive/
3262,Progressive Amsterdam,https://www.ictergezocht.nl/ict-bedrijven/867-progressive-amsterdam/
3263,Progressive Amsterdam NL,https://www.ictergezocht.nl/ict-bedrijven/916-progressive-amsterdam-nl/
3264,Progressive Recruitment,https://www.ictergezocht.nl/ict-bedrijven/911-progressive-recruitment/
3265,Progressive SAP Permanent Division,https://www.ictergezocht.nl/ict-bedrijven/945-progressive-sap-permanent-division/
3266,Progressiverecruitment,https://www.ictergezocht.nl/ict-bedrijven/1108-progressiverecruitment/
3267,Project One Participaties,https://www.ictergezocht.nl/ict-bedrijven/8790-project-one-participaties/
3268,Project Support Partners,https://www.ictergezocht.nl/ict-bedrijven/7932-project-support-partners/
3269,Promasy,https://www.ictergezocht.nl/ict-bedrijven/10725-promasy/
3270,Promese Logistics,https://www.ictergezocht.nl/ict-bedrijven/5416-promese-logistics/
3271,Prominent Comfortproducten,https://www.ictergezocht.nl/ict-bedrijven/5983-prominent-comfortproducten/
3272,Prominent People,https://www.ictergezocht.nl/ict-bedrijven/320-prominent-people/
3273,Promotie systeembeheerder,https://www.ictergezocht.nl/ict-bedrijven/9681-promotie-systeembeheerder/
3274,Promovendum,https://www.ictergezocht.nl/ict-bedrijven/9200-promovendum/
3275,Pronexus,https://www.ictergezocht.nl/ict-bedrijven/4038-pronexus/
3276,PrOOVe,https://www.ictergezocht.nl/ict-bedrijven/1036-proove/
3277,Proponent Netherlands,https://www.ictergezocht.nl/ict-bedrijven/9358-proponent-netherlands/
3278,ProRail,https://www.ictergezocht.nl/ict-bedrijven/10570-prorail/
3279,Prosoftware,https://www.ictergezocht.nl/ict-bedrijven/9687-prosoftware/
3280,Protagonist,https://www.ictergezocht.nl/ict-bedrijven/9647-protagonist/
3281,ProTee United,https://www.ictergezocht.nl/ict-bedrijven/8212-protee-united/
3282,ProTeqs Personeelsdiensten,https://www.ictergezocht.nl/ict-bedrijven/5651-proteqs-personeelsdiensten/
3283,Proteus Systems Europe,https://www.ictergezocht.nl/ict-bedrijven/8508-proteus-systems-europe/
3284,Proud Company,https://www.ictergezocht.nl/ict-bedrijven/4517-proud-company/
3285,Provincie Fryslân,https://www.ictergezocht.nl/ict-bedrijven/10468-provincie-fryslan/
3286,Provincie Limburg,https://www.ictergezocht.nl/ict-bedrijven/9983-provincie-limburg/
3287,Provincie Noord-Holland,https://www.ictergezocht.nl/ict-bedrijven/1693-provincie-noord-holland/
3288,Provincie Zeeland,https://www.ictergezocht.nl/ict-bedrijven/9247-provincie-zeeland/
3289,Proxit,https://www.ictergezocht.nl/ict-bedrijven/4094-proxit/
3290,Proxsys,https://www.ictergezocht.nl/ict-bedrijven/10275-proxsys/
3291,PROXSYS,https://www.ictergezocht.nl/ict-bedrijven/8913-proxsys/
3292,Pruim Automatisering,https://www.ictergezocht.nl/ict-bedrijven/10241-pruim-automatisering/
3293,PS in foodservice,https://www.ictergezocht.nl/ict-bedrijven/9823-ps-in-foodservice/
3294,Psychologische hulpverlenings praktijk,https://www.ictergezocht.nl/ict-bedrijven/507-psychologische-hulpverlenings-praktijk/
3295,PublicSpirit,https://www.ictergezocht.nl/ict-bedrijven/5030-publicspirit/
3296,Purfect People,https://www.ictergezocht.nl/ict-bedrijven/5556-purfect-people/
3297,Puur Data.,https://www.ictergezocht.nl/ict-bedrijven/10199-puur-data/
3298,PuurIDee,https://www.ictergezocht.nl/ict-bedrijven/5893-puuridee/
3299,PXL Online,https://www.ictergezocht.nl/ict-bedrijven/7897-pxl-online/
3300,PXL.Widgets Heroes,https://www.ictergezocht.nl/ict-bedrijven/9500-pxlwidgets-heroes/
3301,Pygmalion Internet Solutions,https://www.ictergezocht.nl/ict-bedrijven/5561-pygmalion-internet-solutions/
3302,ICT bedrijven zoeken,https://www.ictergezocht.nl/ict-bedrijven/
3303,ICT bedrijven zoeken,https://www.ictergezocht.nl/ict-bedrijven/
3304,Q-Data Uden,https://www.ictergezocht.nl/ict-bedrijven/8043-q-data-uden/
3305,Q-doc,https://www.ictergezocht.nl/ict-bedrijven/5183-q-doc/
3306,Q-link,https://www.ictergezocht.nl/ict-bedrijven/9416-q-link/
3307,Q-Logic,https://www.ictergezocht.nl/ict-bedrijven/7754-q-logic/
3308,Q-modus,https://www.ictergezocht.nl/ict-bedrijven/4154-q-modus/
3309,Q-Solve,https://www.ictergezocht.nl/ict-bedrijven/1881-q-solve/
3310,Q-Vision,https://www.ictergezocht.nl/ict-bedrijven/4721-q-vision/
3311,Q&A ICT dienstverlening,https://www.ictergezocht.nl/ict-bedrijven/5170-qa-ict-dienstverlening/
3312,Q&A ICT Dienstverlening,https://www.ictergezocht.nl/ict-bedrijven/2958-qa-ict-dienstverlening/
3313,Q4matics,https://www.ictergezocht.nl/ict-bedrijven/1041-q4matics/
3314,QA-ICT,https://www.ictergezocht.nl/ict-bedrijven/9841-qa-ict/
3315,Qactive,https://www.ictergezocht.nl/ict-bedrijven/3592-qactive/
3316,Qaleido International,https://www.ictergezocht.nl/ict-bedrijven/7961-qaleido-international/
3317,Qaleido International,https://www.ictergezocht.nl/ict-bedrijven/4573-qaleido-international/
3318,Qash,https://www.ictergezocht.nl/ict-bedrijven/227-qash/
3319,Qball Internet,https://www.ictergezocht.nl/ict-bedrijven/5952-qball-internet/
3320,Qbus,https://www.ictergezocht.nl/ict-bedrijven/4736-qbus/
3321,Qbuzz,https://www.ictergezocht.nl/ict-bedrijven/8220-qbuzz/
3322,Qdeta,https://www.ictergezocht.nl/ict-bedrijven/5432-qdeta/
3323,QExpertise,https://www.ictergezocht.nl/ict-bedrijven/287-qexpertise/
3324,QF SOFT,https://www.ictergezocht.nl/ict-bedrijven/10285-qf-soft/
3325,Qhuba Consulting,https://www.ictergezocht.nl/ict-bedrijven/8260-qhuba-consulting/
3326,Qien,https://www.ictergezocht.nl/ict-bedrijven/8970-qien/
3327,Qien,https://www.ictergezocht.nl/ict-bedrijven/6043-qien/
3328,QiQQ,https://www.ictergezocht.nl/ict-bedrijven/4870-qiqq/
3329,QISS IT,https://www.ictergezocht.nl/ict-bedrijven/8711-qiss-it/
3330,QISS IT,https://www.ictergezocht.nl/ict-bedrijven/5613-qiss-it/
3331,QISS-IT,https://www.ictergezocht.nl/ict-bedrijven/10117-qiss-it/
3332,Qlic Internet Solutions,https://www.ictergezocht.nl/ict-bedrijven/9279-qlic-internet-solutions/
3333,Qlickr,https://www.ictergezocht.nl/ict-bedrijven/5674-qlickr/
3334,Qlip,https://www.ictergezocht.nl/ict-bedrijven/10464-qlip/
3335,QLS Fulfilment,https://www.ictergezocht.nl/ict-bedrijven/8579-qls-fulfilment/
3336,Qmagic Business Support,https://www.ictergezocht.nl/ict-bedrijven/992-qmagic-business-support/
3337,Qmagic IT professionals,https://www.ictergezocht.nl/ict-bedrijven/898-qmagic-it-professionals/
3338,Qmagic IT Professionals Haaglanden,https://www.ictergezocht.nl/ict-bedrijven/1880-qmagic-it-professionals-haaglanden/
3339,Qmagic IT Professionals Regio Haaglanden,https://www.ictergezocht.nl/ict-bedrijven/1033-qmagic-it-professionals-regio-haaglanden/
3340,Qmagic IT Professionals Regio Rijnmond,https://www.ictergezocht.nl/ict-bedrijven/1151-qmagic-it-professionals-regio-rijnmond/
3341,Qmagic Regio Eindhoven,https://www.ictergezocht.nl/ict-bedrijven/1000-qmagic-regio-eindhoven/
3342,QMOSS,https://www.ictergezocht.nl/ict-bedrijven/7790-qmoss/
3343,QNH Sourcing,https://www.ictergezocht.nl/ict-bedrijven/5968-qnh-sourcing/
3344,QNP ICT & Telecom Professionals,https://www.ictergezocht.nl/ict-bedrijven/8351-qnp-ict-telecom-professionals/
3345,Qonnex Finance,https://www.ictergezocht.nl/ict-bedrijven/6209-qonnex-finance/
3346,"QPR Recruitment, Development & Outplacement",https://www.ictergezocht.nl/ict-bedrijven/1052-qpr-recruitment-development-outplacement/
3347,QRC,https://www.ictergezocht.nl/ict-bedrijven/10481-qrc/
3348,QSN,https://www.ictergezocht.nl/ict-bedrijven/8039-qsn/
3349,QSNL,https://www.ictergezocht.nl/ict-bedrijven/9698-qsnl/
3350,Quad Solutions,https://www.ictergezocht.nl/ict-bedrijven/10627-quad-solutions/
3351,Quades,https://www.ictergezocht.nl/ict-bedrijven/5710-quades/
3352,Quadraam,https://www.ictergezocht.nl/ict-bedrijven/4957-quadraam/
3353,Quadrant Software,https://www.ictergezocht.nl/ict-bedrijven/6152-quadrant-software/
3354,Quaere,https://www.ictergezocht.nl/ict-bedrijven/4955-quaere/
3355,Quaker Chemical,https://www.ictergezocht.nl/ict-bedrijven/4350-quaker-chemical/
3356,Qualified4U Nederland,https://www.ictergezocht.nl/ict-bedrijven/5520-qualified4u-nederland/
3357,Quality Contacts,https://www.ictergezocht.nl/ict-bedrijven/10009-quality-contacts/
3358,Quality Equipment Benelux,https://www.ictergezocht.nl/ict-bedrijven/4164-quality-equipment-benelux/
3359,Quality Positioning Services (Q.P.S.),https://www.ictergezocht.nl/ict-bedrijven/10248-quality-positioning-services-qps/
3360,Quality systems,https://www.ictergezocht.nl/ict-bedrijven/4485-quality-systems/
3361,Qualizorg,https://www.ictergezocht.nl/ict-bedrijven/3518-qualizorg/
3362,Qualogy,https://www.ictergezocht.nl/ict-bedrijven/758-qualogy/
3363,Qualogy Consultancy,https://www.ictergezocht.nl/ict-bedrijven/10471-qualogy-consultancy/
3364,Quamba People,https://www.ictergezocht.nl/ict-bedrijven/4511-quamba-people/
3365,Quantore,https://www.ictergezocht.nl/ict-bedrijven/10426-quantore/
3366,Quanza,https://www.ictergezocht.nl/ict-bedrijven/10001-quanza/
3367,QuaRijn,https://www.ictergezocht.nl/ict-bedrijven/5817-quarijn/
3368,Quinity,https://www.ictergezocht.nl/ict-bedrijven/2949-quinity/
3369,Quinnoah Consulting,https://www.ictergezocht.nl/ict-bedrijven/9272-quinnoah-consulting/
3370,Quint Human Support,https://www.ictergezocht.nl/ict-bedrijven/823-quint-human-support/
3371,Quintor,https://www.ictergezocht.nl/ict-bedrijven/8863-quintor/
3372,Quistor Enterprises,https://www.ictergezocht.nl/ict-bedrijven/9909-quistor-enterprises/
3373,Quiver,https://www.ictergezocht.nl/ict-bedrijven/8757-quiver/
3374,QuiX Quantum,https://www.ictergezocht.nl/ict-bedrijven/10270-quix-quantum/
3375,Quli,https://www.ictergezocht.nl/ict-bedrijven/8364-quli/
3376,Qunited SAP Recruitment,https://www.ictergezocht.nl/ict-bedrijven/67-qunited-sap-recruitment/
3377,Quo Vide,https://www.ictergezocht.nl/ict-bedrijven/5930-quo-vide/
3378,Quo Vide,https://www.ictergezocht.nl/ict-bedrijven/187-quo-vide/
3379,Qurentis,https://www.ictergezocht.nl/ict-bedrijven/4892-qurentis/
3380,Qweb Internet Services,https://www.ictergezocht.nl/ict-bedrijven/8901-qweb-internet-services/
3381,ICT bedrijven zoeken,https://www.ictergezocht.nl/ict-bedrijven/
3382,ICT bedrijven zoeken,https://www.ictergezocht.nl/ict-bedrijven/
3383,R.I.O.,https://www.ictergezocht.nl/ict-bedrijven/4528-rio/
3384,R2 Detachering,https://www.ictergezocht.nl/ict-bedrijven/5775-r2-detachering/
3385,R2 retail solutions,https://www.ictergezocht.nl/ict-bedrijven/9544-r2-retail-solutions/
3386,R2.ITprofs,https://www.ictergezocht.nl/ict-bedrijven/6017-r2itprofs/
3387,R2DTOP,https://www.ictergezocht.nl/ict-bedrijven/7837-r2dtop/
3388,Raaak Personeel,https://www.ictergezocht.nl/ict-bedrijven/9077-raaak-personeel/
3389,Raad van Beheer op Kynologisch Gebied in Nederland,https://www.ictergezocht.nl/ict-bedrijven/10237-raad-van-beheer-op-kynologisch-gebied-in-nederland/
3390,Raadgevend Ingenieursbureau Wiertsema & Partners,https://www.ictergezocht.nl/ict-bedrijven/10833-raadgevend-ingenieursbureau-wiertsema-partners/
3391,RAAP,https://www.ictergezocht.nl/ict-bedrijven/10845-raap/
3392,RAAS,https://www.ictergezocht.nl/ict-bedrijven/10450-raas/
3393,RaaSware,https://www.ictergezocht.nl/ict-bedrijven/2942-raasware/
3394,RabbIT Systems,https://www.ictergezocht.nl/ict-bedrijven/9537-rabbit-systems/
3395,Racktime,https://www.ictergezocht.nl/ict-bedrijven/7890-racktime/
3396,RADAR software,https://www.ictergezocht.nl/ict-bedrijven/8627-radar-software/
3397,Rademaker.,https://www.ictergezocht.nl/ict-bedrijven/5532-rademaker/
3398,Radiotherapiegroep,https://www.ictergezocht.nl/ict-bedrijven/8626-radiotherapiegroep/
3399,Radish Concepts,https://www.ictergezocht.nl/ict-bedrijven/8751-radish-concepts/
3400,Raetsheren van Orden,https://www.ictergezocht.nl/ict-bedrijven/4797-raetsheren-van-orden/
3401,Raffel Internet,https://www.ictergezocht.nl/ict-bedrijven/9603-raffel-internet/
3402,Rail Service Center Rotterdam,https://www.ictergezocht.nl/ict-bedrijven/10267-rail-service-center-rotterdam/
3403,RAM Infotechnology,https://www.ictergezocht.nl/ict-bedrijven/10890-ram-infotechnology/
3404,Random Solutions,https://www.ictergezocht.nl/ict-bedrijven/6123-random-solutions/
3405,Randstad,https://www.ictergezocht.nl/ict-bedrijven/5261-randstad/
3406,Randstad Groep Nederland,https://www.ictergezocht.nl/ict-bedrijven/9742-randstad-groep-nederland/
3407,Randstad Sourceright EMEA,https://www.ictergezocht.nl/ict-bedrijven/10098-randstad-sourceright-emea/
3408,Ranger Human Capital,https://www.ictergezocht.nl/ict-bedrijven/4359-ranger-human-capital/
3409,Rapid Circle,https://www.ictergezocht.nl/ict-bedrijven/3476-rapid-circle/
3410,Raptim Humanitarian Travel,https://www.ictergezocht.nl/ict-bedrijven/7914-raptim-humanitarian-travel/
3411,Raptim Intercontinental,https://www.ictergezocht.nl/ict-bedrijven/122-raptim-intercontinental/
3412,Ratho,https://www.ictergezocht.nl/ict-bedrijven/10325-ratho/
3413,Ratio Design,https://www.ictergezocht.nl/ict-bedrijven/8583-ratio-design/
3414,Ratus,https://www.ictergezocht.nl/ict-bedrijven/2053-ratus/
3415,Ravelin Holding,https://www.ictergezocht.nl/ict-bedrijven/3571-ravelin-holding/
3416,RayFlexCom,https://www.ictergezocht.nl/ict-bedrijven/9270-rayflexcom/
3417,RayFlexCom,https://www.ictergezocht.nl/ict-bedrijven/8086-rayflexcom/
3418,RCN Vakantieparken,https://www.ictergezocht.nl/ict-bedrijven/9847-rcn-vakantieparken/
3419,RD Media,https://www.ictergezocht.nl/ict-bedrijven/4344-rd-media/
3420,RDW ICT Bedrijf,https://www.ictergezocht.nl/ict-bedrijven/2544-rdw-ict-bedrijf/
3421,REACT new media,https://www.ictergezocht.nl/ict-bedrijven/800-react-new-media/
3422,Ready education,https://www.ictergezocht.nl/ict-bedrijven/10363-ready-education/
3423,Reaktor,https://www.ictergezocht.nl/ict-bedrijven/9673-reaktor/
3424,Reality ICT,https://www.ictergezocht.nl/ict-bedrijven/10630-reality-ict/
3425,Really-IT,https://www.ictergezocht.nl/ict-bedrijven/9659-really-it/
3426,Realtime Infra,https://www.ictergezocht.nl/ict-bedrijven/9707-realtime-infra/
3427,Realtime Solutions,https://www.ictergezocht.nl/ict-bedrijven/8809-realtime-solutions/
3428,Realvine,https://www.ictergezocht.nl/ict-bedrijven/2972-realvine/
3429,Reasult,https://www.ictergezocht.nl/ict-bedrijven/9120-reasult/
3430,ReBuS,https://www.ictergezocht.nl/ict-bedrijven/4682-rebus/
3431,Rechtbank Den Haag,https://www.ictergezocht.nl/ict-bedrijven/6213-rechtbank-den-haag/
3432,Reclassering Nederland,https://www.ictergezocht.nl/ict-bedrijven/5349-reclassering-nederland/
3433,Recreatie Noord-Holland,https://www.ictergezocht.nl/ict-bedrijven/10392-recreatie-noord-holland/
3434,Recruit By Crowd,https://www.ictergezocht.nl/ict-bedrijven/5813-recruit-by-crowd/
3435,Recruit2,https://www.ictergezocht.nl/ict-bedrijven/10638-recruit2/
3436,Recruit4IT,https://www.ictergezocht.nl/ict-bedrijven/42-recruit4it/
3437,RecruitMe,https://www.ictergezocht.nl/ict-bedrijven/8570-recruitme/
3438,RecruitMens,https://www.ictergezocht.nl/ict-bedrijven/9403-recruitmens/
3439,RECRUITMENT MARKETEER,https://www.ictergezocht.nl/ict-bedrijven/9504-recruitment-marketeer/
3440,Recruitment Marketeers,https://www.ictergezocht.nl/ict-bedrijven/9520-recruitment-marketeers/
3441,RecruitmentICT,https://www.ictergezocht.nl/ict-bedrijven/107-recruitmentict/
3442,RecruitNow,https://www.ictergezocht.nl/ict-bedrijven/9556-recruitnow/
3443,Recruitz.io,https://www.ictergezocht.nl/ict-bedrijven/5821-recruitzio/
3444,Red Banana,https://www.ictergezocht.nl/ict-bedrijven/9529-red-banana/
3445,Red Data Innovations,https://www.ictergezocht.nl/ict-bedrijven/5241-red-data-innovations/
3446,Red Kubes,https://www.ictergezocht.nl/ict-bedrijven/9985-red-kubes/
3447,Red Star Trading,https://www.ictergezocht.nl/ict-bedrijven/2131-red-star-trading/
3448,Redactie Select,https://www.ictergezocht.nl/ict-bedrijven/394-redactie-select/
3449,RedBlue IT Professionals,https://www.ictergezocht.nl/ict-bedrijven/471-redblue-it-professionals/
3450,RedGazelle Group,https://www.ictergezocht.nl/ict-bedrijven/1884-redgazelle-group/
3451,RedLogic,https://www.ictergezocht.nl/ict-bedrijven/8206-redlogic/
3452,Redtail Services,https://www.ictergezocht.nl/ict-bedrijven/8550-redtail-services/
3453,Reeleezee,https://www.ictergezocht.nl/ict-bedrijven/5309-reeleezee/
3454,Refa ICT,https://www.ictergezocht.nl/ict-bedrijven/5345-refa-ict/
3455,ReflexSystems,https://www.ictergezocht.nl/ict-bedrijven/2378-reflexsystems/
3456,Regas,https://www.ictergezocht.nl/ict-bedrijven/7587-regas/
3457,Regio College,https://www.ictergezocht.nl/ict-bedrijven/9025-regio-college/
3458,Regio College Zaandam,https://www.ictergezocht.nl/ict-bedrijven/10149-regio-college-zaandam/
3459,Registered2,https://www.ictergezocht.nl/ict-bedrijven/727-registered2/
3460,Reinaerde,https://www.ictergezocht.nl/ict-bedrijven/8433-reinaerde/
3461,Reinder.eu,https://www.ictergezocht.nl/ict-bedrijven/6156-reindereu/
3462,Reinier de Graaf,https://www.ictergezocht.nl/ict-bedrijven/5471-reinier-de-graaf/
3463,Reinwardt Academie,https://www.ictergezocht.nl/ict-bedrijven/10207-reinwardt-academie/
3464,Relatics,https://www.ictergezocht.nl/ict-bedrijven/9561-relatics/
3465,Reliforce Solutions,https://www.ictergezocht.nl/ict-bedrijven/9244-reliforce-solutions/
3466,Remarkable IT Jobs,https://www.ictergezocht.nl/ict-bedrijven/656-remarkable-it-jobs/
3467,Rematch Holding,https://www.ictergezocht.nl/ict-bedrijven/1136-rematch-holding/
3468,Remaz Nederland,https://www.ictergezocht.nl/ict-bedrijven/3908-remaz-nederland/
3469,Remgro Webdesign,https://www.ictergezocht.nl/ict-bedrijven/9267-remgro-webdesign/
3470,Remmers Bouwgroep,https://www.ictergezocht.nl/ict-bedrijven/4166-remmers-bouwgroep/
3471,REMONDIS,https://www.ictergezocht.nl/ict-bedrijven/8464-remondis/
3472,REMONDIS PMR,https://www.ictergezocht.nl/ict-bedrijven/10794-remondis-pmr/
3473,René Janssens,https://www.ictergezocht.nl/ict-bedrijven/8851-rene-janssens/
3474,Rent A Whizz-kid,https://www.ictergezocht.nl/ict-bedrijven/96-rent-a-whizz-kid/
3475,RENTBUDDY,https://www.ictergezocht.nl/ict-bedrijven/5845-rentbuddy/
3476,Rentokil Initial,https://www.ictergezocht.nl/ict-bedrijven/1204-rentokil-initial/
3477,Rentpro,https://www.ictergezocht.nl/ict-bedrijven/10470-rentpro/
3478,Rentray,https://www.ictergezocht.nl/ict-bedrijven/926-rentray/
3479,ReplaceDirect,https://www.ictergezocht.nl/ict-bedrijven/4454-replacedirect/
3480,Resource4you,https://www.ictergezocht.nl/ict-bedrijven/10770-resource4you/
3481,Resources Global Professionals (Europe),https://www.ictergezocht.nl/ict-bedrijven/4711-resources-global-professionals-europe/
3482,Respect,https://www.ictergezocht.nl/ict-bedrijven/9206-respect/
3483,Retail Experts,https://www.ictergezocht.nl/ict-bedrijven/9678-retail-experts/
3484,Retail Solutions,https://www.ictergezocht.nl/ict-bedrijven/8652-retail-solutions/
3485,Retail Unity,https://www.ictergezocht.nl/ict-bedrijven/7915-retail-unity/
3486,Retina,https://www.ictergezocht.nl/ict-bedrijven/9011-retina/
3487,RevControl,https://www.ictergezocht.nl/ict-bedrijven/10915-revcontrol/
3488,ReveNew,https://www.ictergezocht.nl/ict-bedrijven/2209-revenew/
3489,Revisen,https://www.ictergezocht.nl/ict-bedrijven/9992-revisen/
3490,REXEN,https://www.ictergezocht.nl/ict-bedrijven/4919-rexen/
3491,RGN-hoofdkantoor Randstad,https://www.ictergezocht.nl/ict-bedrijven/9426-rgn-hoofdkantoor-randstad/
3492,RIBW Arnhem en Veluwe Vallei,https://www.ictergezocht.nl/ict-bedrijven/3841-ribw-arnhem-en-veluwe-vallei/
3493,RIBW AVV,https://www.ictergezocht.nl/ict-bedrijven/10659-ribw-avv/
3494,Rick van der Vaart,https://www.ictergezocht.nl/ict-bedrijven/10218-rick-van-der-vaart/
3495,Ricoh Nederland,https://www.ictergezocht.nl/ict-bedrijven/1011-ricoh-nederland/
3496,RID-Utrecht,https://www.ictergezocht.nl/ict-bedrijven/5977-rid-utrecht/
3497,Ridder Data Systems,https://www.ictergezocht.nl/ict-bedrijven/6086-ridder-data-systems/
3498,RIF-IT Services,https://www.ictergezocht.nl/ict-bedrijven/8267-rif-it-services/
3499,Right Amount of Weird,https://www.ictergezocht.nl/ict-bedrijven/9606-right-amount-of-weird/
3500,Rijk Zwaan,https://www.ictergezocht.nl/ict-bedrijven/5744-rijk-zwaan/
3501,Rijksoverheid,https://www.ictergezocht.nl/ict-bedrijven/1584-rijksoverheid/
3502,Rijndam Revalidatie,https://www.ictergezocht.nl/ict-bedrijven/8558-rijndam-revalidatie/
3503,RIJNMOND TV RADIO ONLINE,https://www.ictergezocht.nl/ict-bedrijven/9989-rijnmond-tv-radio-online/
3504,Rijnstate ziekenhuis,https://www.ictergezocht.nl/ict-bedrijven/10586-rijnstate-ziekenhuis/
3505,Riksja Travel,https://www.ictergezocht.nl/ict-bedrijven/6211-riksja-travel/
3506,RIN IT Services,https://www.ictergezocht.nl/ict-bedrijven/9991-rin-it-services/
3507,Rinnic/Vaude,https://www.ictergezocht.nl/ict-bedrijven/4197-rinnic-vaude/
3508,Riscon Arnhem,https://www.ictergezocht.nl/ict-bedrijven/7950-riscon-arnhem/
3509,Riscure,https://www.ictergezocht.nl/ict-bedrijven/8273-riscure/
3510,Risign,https://www.ictergezocht.nl/ict-bedrijven/7888-risign/
3511,RIVA-IT,https://www.ictergezocht.nl/ict-bedrijven/7913-riva-it/
3512,River Advice AG,https://www.ictergezocht.nl/ict-bedrijven/10444-river-advice-ag/
3513,Rivierduinen,https://www.ictergezocht.nl/ict-bedrijven/5105-rivierduinen/
3514,Rivium Business Solutions,https://www.ictergezocht.nl/ict-bedrijven/5776-rivium-business-solutions/
3515,RM Netherlands,https://www.ictergezocht.nl/ict-bedrijven/10322-rm-netherlands/
3516,RMEMBER,https://www.ictergezocht.nl/ict-bedrijven/10097-rmember/
3517,Roba Metals,https://www.ictergezocht.nl/ict-bedrijven/9404-roba-metals/
3518,Robert Half,https://www.ictergezocht.nl/ict-bedrijven/10517-robert-half/
3519,ROBIN,https://www.ictergezocht.nl/ict-bedrijven/8306-robin/
3520,Robot Kittens,https://www.ictergezocht.nl/ict-bedrijven/9911-robot-kittens/
3521,ROC Friese Poort,https://www.ictergezocht.nl/ict-bedrijven/8045-roc-friese-poort/
3522,ROC Kop van Noord Holland,https://www.ictergezocht.nl/ict-bedrijven/7848-roc-kop-van-noord-holland/
3523,ROC Nova College,https://www.ictergezocht.nl/ict-bedrijven/10403-roc-nova-college/
3524,ROC van Amsterdam | Flevoland,https://www.ictergezocht.nl/ict-bedrijven/10142-roc-van-amsterdam-flevoland/
3525,Rockstars IT,https://www.ictergezocht.nl/ict-bedrijven/7783-rockstars-it/
3526,Rofra Home,https://www.ictergezocht.nl/ict-bedrijven/279-rofra-home/
3527,Rohecom,https://www.ictergezocht.nl/ict-bedrijven/4676-rohecom/
3528,Rohecom Automatisering,https://www.ictergezocht.nl/ict-bedrijven/219-rohecom-automatisering/
3529,Rollema Transport,https://www.ictergezocht.nl/ict-bedrijven/5635-rollema-transport/
3530,Roma ICT Diensten,https://www.ictergezocht.nl/ict-bedrijven/10748-roma-ict-diensten/
3531,Romias,https://www.ictergezocht.nl/ict-bedrijven/9761-romias/
3532,Ronald McDonald Kinderfonds,https://www.ictergezocht.nl/ict-bedrijven/4179-ronald-mcdonald-kinderfonds/
3533,Ronist,https://www.ictergezocht.nl/ict-bedrijven/495-ronist/
3534,Rono-IT,https://www.ictergezocht.nl/ict-bedrijven/9852-rono-it/
3535,Root3,https://www.ictergezocht.nl/ict-bedrijven/5578-root3/
3536,Rootnet,https://www.ictergezocht.nl/ict-bedrijven/10900-rootnet/
3537,Rootnet,https://www.ictergezocht.nl/ict-bedrijven/6132-rootnet/
3538,Rope Solutions,https://www.ictergezocht.nl/ict-bedrijven/5429-rope-solutions/
3539,Rörink IT Recruitment,https://www.ictergezocht.nl/ict-bedrijven/10686-rorink-it-recruitment/
3540,Rorix,https://www.ictergezocht.nl/ict-bedrijven/6110-rorix/
3541,Roser ConSys,https://www.ictergezocht.nl/ict-bedrijven/7936-roser-consys/
3542,RoserConSys / Roser ICT,https://www.ictergezocht.nl/ict-bedrijven/4035-roserconsys-roser-ict/
3543,Roto,https://www.ictergezocht.nl/ict-bedrijven/10111-roto/
3544,"Rotterdam School of Management, Erasmus University",https://www.ictergezocht.nl/ict-bedrijven/4069-rotterdam-school-of-management-erasmus-university/
3545,RoutiGo,https://www.ictergezocht.nl/ict-bedrijven/10839-routigo/
3546,Routz Network Executives,https://www.ictergezocht.nl/ict-bedrijven/10510-routz-network-executives/
3547,Rowica Services,https://www.ictergezocht.nl/ict-bedrijven/6074-rowica-services/
3548,Royal A-ware,https://www.ictergezocht.nl/ict-bedrijven/8959-royal-a-ware/
3549,Royal Vriesco | A House of Happiness,https://www.ictergezocht.nl/ict-bedrijven/5569-royal-vriesco-a-house-of-happiness/
3550,rps rob penson systems,https://www.ictergezocht.nl/ict-bedrijven/9366-rps-rob-penson-systems/
3551,RPS Rob Penson Systems,https://www.ictergezocht.nl/ict-bedrijven/5862-rps-rob-penson-systems/
3552,RSR Shipping Company,https://www.ictergezocht.nl/ict-bedrijven/9495-rsr-shipping-company/
3553,Rsult,https://www.ictergezocht.nl/ict-bedrijven/8415-rsult/
3554,RSZK Zorgprofessionals,https://www.ictergezocht.nl/ict-bedrijven/8118-rszk-zorgprofessionals/
3555,RTV Drenthe,https://www.ictergezocht.nl/ict-bedrijven/8514-rtv-drenthe/
3556,RTV Utrecht,https://www.ictergezocht.nl/ict-bedrijven/9372-rtv-utrecht/
3557,Rubio,https://www.ictergezocht.nl/ict-bedrijven/8808-rubio/
3558,Rucanor Europe,https://www.ictergezocht.nl/ict-bedrijven/208-rucanor-europe/
3559,Ruigrok Groep,https://www.ictergezocht.nl/ict-bedrijven/9704-ruigrok-groep/
3560,RulersGroup,https://www.ictergezocht.nl/ict-bedrijven/405-rulersgroup/
3561,Running IT Projects,https://www.ictergezocht.nl/ict-bedrijven/5122-running-it-projects/
3562,Running IT Support,https://www.ictergezocht.nl/ict-bedrijven/10741-running-it-support/
3563,Rutgers,https://www.ictergezocht.nl/ict-bedrijven/10130-rutgers/
3564,RW Retail Solutions,https://www.ictergezocht.nl/ict-bedrijven/4772-rw-retail-solutions/
3565,RYP,https://www.ictergezocht.nl/ict-bedrijven/4397-ryp/
3566,Ryse Internet Services,https://www.ictergezocht.nl/ict-bedrijven/1655-ryse-internet-services/
3567,ICT bedrijven zoeken,https://www.ictergezocht.nl/ict-bedrijven/
3568,ICT bedrijven zoeken,https://www.ictergezocht.nl/ict-bedrijven/
3569,S&Z Office Services,https://www.ictergezocht.nl/ict-bedrijven/490-sz-office-services/
3570,S5,https://www.ictergezocht.nl/ict-bedrijven/10582-s5/
3571,SaaSplaza Nederland,https://www.ictergezocht.nl/ict-bedrijven/4445-saasplaza-nederland/
3572,Sabaas,https://www.ictergezocht.nl/ict-bedrijven/8983-sabaas/
3573,Sabi Systems IT-ontwikkeling,https://www.ictergezocht.nl/ict-bedrijven/10317-sabi-systems-it-ontwikkeling/
3574,Safescan,https://www.ictergezocht.nl/ict-bedrijven/10407-safescan/
3575,Safira - Nendo,https://www.ictergezocht.nl/ict-bedrijven/4128-safira-nendo/
3576,SAHZ,https://www.ictergezocht.nl/ict-bedrijven/10702-sahz/
3577,SAI Global,https://www.ictergezocht.nl/ict-bedrijven/9127-sai-global/
3578,SALAR Nederland,https://www.ictergezocht.nl/ict-bedrijven/47-salar-nederland/
3579,SalesDay,https://www.ictergezocht.nl/ict-bedrijven/3397-salesday/
3580,SalesMagazine,https://www.ictergezocht.nl/ict-bedrijven/636-salesmagazine/
3581,Salesupply Nederland,https://www.ictergezocht.nl/ict-bedrijven/9107-salesupply-nederland/
3582,SalesWorks,https://www.ictergezocht.nl/ict-bedrijven/1565-salesworks/
3583,Salud Foodgroup Europe,https://www.ictergezocht.nl/ict-bedrijven/9799-salud-foodgroup-europe/
3584,Salusion,https://www.ictergezocht.nl/ict-bedrijven/4390-salusion/
3585,Salut holding,https://www.ictergezocht.nl/ict-bedrijven/9427-salut-holding/
3586,Sam Media Sdn. Bhd.,https://www.ictergezocht.nl/ict-bedrijven/4999-sam-media-sdn-bhd/
3587,Sam Recruitment,https://www.ictergezocht.nl/ict-bedrijven/9338-sam-recruitment/
3588,Samenwerkingsverband DOVA,https://www.ictergezocht.nl/ict-bedrijven/9151-samenwerkingsverband-dova/
3589,Sanders & Clients Health Care Communications,https://www.ictergezocht.nl/ict-bedrijven/4885-sanders-clients-health-care-communications/
3590,Sanitairwinkel,https://www.ictergezocht.nl/ict-bedrijven/1164-sanitairwinkel/
3591,SanoRice Holding,https://www.ictergezocht.nl/ict-bedrijven/4632-sanorice-holding/
3592,Sanquin Bloedvoorziening,https://www.ictergezocht.nl/ict-bedrijven/5658-sanquin-bloedvoorziening/
3593,Sansa Software,https://www.ictergezocht.nl/ict-bedrijven/10882-sansa-software/
3594,Sapphire Technologies,https://www.ictergezocht.nl/ict-bedrijven/292-sapphire-technologies/
3595,Satellite Services,https://www.ictergezocht.nl/ict-bedrijven/1831-satellite-services/
3596,Sator Central Services,https://www.ictergezocht.nl/ict-bedrijven/5395-sator-central-services/
3597,Saunders Scott Limited,https://www.ictergezocht.nl/ict-bedrijven/8175-saunders-scott-limited/
3598,Savant Zorg,https://www.ictergezocht.nl/ict-bedrijven/4582-savant-zorg/
3599,Savona,https://www.ictergezocht.nl/ict-bedrijven/8896-savona/
3600,Savvii Managed Hosting,https://www.ictergezocht.nl/ict-bedrijven/10372-savvii-managed-hosting/
3601,Saxenburgh,https://www.ictergezocht.nl/ict-bedrijven/10263-saxenburgh/
3602,Saxum,https://www.ictergezocht.nl/ict-bedrijven/5419-saxum/
3603,SAZ Marketing Amsterdam,https://www.ictergezocht.nl/ict-bedrijven/1807-saz-marketing-amsterdam/
3604,SBC Solutions,https://www.ictergezocht.nl/ict-bedrijven/9535-sbc-solutions/
3605,SBC Solutions,https://www.ictergezocht.nl/ict-bedrijven/1134-sbc-solutions/
3606,Sbit Hospitality ICT Services,https://www.ictergezocht.nl/ict-bedrijven/10031-sbit-hospitality-ict-services/
3607,Scafom-rux,https://www.ictergezocht.nl/ict-bedrijven/9533-scafom-rux/
3608,Scala Agenturen,https://www.ictergezocht.nl/ict-bedrijven/2712-scala-agenturen/
3609,Scamander Solutions,https://www.ictergezocht.nl/ict-bedrijven/4079-scamander-solutions/
3610,Scandia Gear Europe,https://www.ictergezocht.nl/ict-bedrijven/10797-scandia-gear-europe/
3611,Scanologics,https://www.ictergezocht.nl/ict-bedrijven/10224-scanologics/
3612,SCC Business Systems,https://www.ictergezocht.nl/ict-bedrijven/9547-scc-business-systems/
3613,Scenius Software Engineering,https://www.ictergezocht.nl/ict-bedrijven/9996-scenius-software-engineering/
3614,Scheldezoom Farmacie,https://www.ictergezocht.nl/ict-bedrijven/9840-scheldezoom-farmacie/
3615,Scheuten,https://www.ictergezocht.nl/ict-bedrijven/5650-scheuten/
3616,Schijvens Coporate Fashion,https://www.ictergezocht.nl/ict-bedrijven/10807-schijvens-coporate-fashion/
3617,Schippers IT,https://www.ictergezocht.nl/ict-bedrijven/10631-schippers-it/
3618,Scholen met Succes,https://www.ictergezocht.nl/ict-bedrijven/5242-scholen-met-succes/
3619,Schoonderwolf Diensten,https://www.ictergezocht.nl/ict-bedrijven/9797-schoonderwolf-diensten/
3620,Schoonhovens College,https://www.ictergezocht.nl/ict-bedrijven/5189-schoonhovens-college/
3621,Schothorst Feed Research,https://www.ictergezocht.nl/ict-bedrijven/10872-schothorst-feed-research/
3622,Schouten Advies,https://www.ictergezocht.nl/ict-bedrijven/9316-schouten-advies/
3623,Schouten en Nelissen,https://www.ictergezocht.nl/ict-bedrijven/9006-schouten-en-nelissen/
3624,Schuberg Philis,https://www.ictergezocht.nl/ict-bedrijven/2780-schuberg-philis/
3625,Schuitema,https://www.ictergezocht.nl/ict-bedrijven/1139-schuitema/
3626,Schulpen Schuim Leiden,https://www.ictergezocht.nl/ict-bedrijven/5083-schulpen-schuim-leiden/
3627,Schuttelaar & Partners,https://www.ictergezocht.nl/ict-bedrijven/4494-schuttelaar-partners/
3628,Science Alliance,https://www.ictergezocht.nl/ict-bedrijven/4145-science-alliance/
3629,Scienta,https://www.ictergezocht.nl/ict-bedrijven/9517-scienta/
3630,Scope Data,https://www.ictergezocht.nl/ict-bedrijven/9431-scope-data/
3631,Score,https://www.ictergezocht.nl/ict-bedrijven/4135-score/
3632,Score,https://www.ictergezocht.nl/ict-bedrijven/9665-score/
3633,Score Media,https://www.ictergezocht.nl/ict-bedrijven/8875-score-media/
3634,Scotch & Soda,https://www.ictergezocht.nl/ict-bedrijven/1007-scotch-soda/
3635,Screen Infomatch,https://www.ictergezocht.nl/ict-bedrijven/5074-screen-infomatch/
3636,Scrumble,https://www.ictergezocht.nl/ict-bedrijven/10720-scrumble/
3637,SCVO - Kalsbeek College,https://www.ictergezocht.nl/ict-bedrijven/10691-scvo-kalsbeek-college/
3638,Scylla ag,https://www.ictergezocht.nl/ict-bedrijven/6038-scylla-ag/
3639,Scylla AG,https://www.ictergezocht.nl/ict-bedrijven/8907-scylla-ag/
3640,SD&P Global - Online Media Group,https://www.ictergezocht.nl/ict-bedrijven/4777-sdp-global-online-media-group/
3641,Sdu Uitgevers,https://www.ictergezocht.nl/ict-bedrijven/3018-sdu-uitgevers/
3642,SDW,https://www.ictergezocht.nl/ict-bedrijven/9540-sdw/
3643,Seabourne Express Courier,https://www.ictergezocht.nl/ict-bedrijven/1823-seabourne-express-courier/
3644,Search X Recruitment,https://www.ictergezocht.nl/ict-bedrijven/9554-search-x-recruitment/
3645,Searchlite,https://www.ictergezocht.nl/ict-bedrijven/4324-searchlite/
3646,Seascape Subsea,https://www.ictergezocht.nl/ict-bedrijven/10869-seascape-subsea/
3647,Sebsoft,https://www.ictergezocht.nl/ict-bedrijven/3022-sebsoft/
3648,Sebwite,https://www.ictergezocht.nl/ict-bedrijven/5218-sebwite/
3649,Secretariaat-generaal Benelux Unie,https://www.ictergezocht.nl/ict-bedrijven/10568-secretariaat-generaal-benelux-unie/
3650,Secretariaat-Generaal van de Benelux Unie,https://www.ictergezocht.nl/ict-bedrijven/10096-secretariaat-generaal-van-de-benelux-unie/
3651,SecureTALK,https://www.ictergezocht.nl/ict-bedrijven/4710-securetalk/
3652,See Tickets Benelux,https://www.ictergezocht.nl/ict-bedrijven/8825-see-tickets-benelux/
3653,Seesing Personeel,https://www.ictergezocht.nl/ict-bedrijven/8143-seesing-personeel/
3654,SEG int.,https://www.ictergezocht.nl/ict-bedrijven/465-seg-int/
3655,SEIN,https://www.ictergezocht.nl/ict-bedrijven/7948-sein/
3656,SEIN,https://www.ictergezocht.nl/ict-bedrijven/9612-sein/
3657,SEIN,https://www.ictergezocht.nl/ict-bedrijven/10183-sein/
3658,SelectivITy,https://www.ictergezocht.nl/ict-bedrijven/5227-selectivity/
3659,Selfcare,https://www.ictergezocht.nl/ict-bedrijven/10780-selfcare/
3660,Seneca,https://www.ictergezocht.nl/ict-bedrijven/8182-seneca/
3661,Senet Breda,https://www.ictergezocht.nl/ict-bedrijven/707-senet-breda/
3662,Senet Eindhoven,https://www.ictergezocht.nl/ict-bedrijven/4742-senet-eindhoven/
3663,Sense Interactive,https://www.ictergezocht.nl/ict-bedrijven/113-sense-interactive/
3664,Sensi Seed,https://www.ictergezocht.nl/ict-bedrijven/4320-sensi-seed/
3665,Sensing IT,https://www.ictergezocht.nl/ict-bedrijven/7964-sensing-it/
3666,Sensornet,https://www.ictergezocht.nl/ict-bedrijven/9850-sensornet/
3667,Sensornet,https://www.ictergezocht.nl/ict-bedrijven/10676-sensornet/
3668,Sensus process management,https://www.ictergezocht.nl/ict-bedrijven/9654-sensus-process-management/
3669,Senters,https://www.ictergezocht.nl/ict-bedrijven/4458-senters/
3670,Sentinel IT,https://www.ictergezocht.nl/ict-bedrijven/19-sentinel-it/
3671,Sequoia Support,https://www.ictergezocht.nl/ict-bedrijven/10705-sequoia-support/
3672,Serenit Noord,https://www.ictergezocht.nl/ict-bedrijven/5495-serenit-noord/
3673,Serials Solutions Medialab,https://www.ictergezocht.nl/ict-bedrijven/4118-serials-solutions-medialab/
3674,Service Bureau Jansen,https://www.ictergezocht.nl/ict-bedrijven/6023-service-bureau-jansen/
3675,Service Centrale Nederland,https://www.ictergezocht.nl/ict-bedrijven/10746-service-centrale-nederland/
3676,Service Planet Rotterdam,https://www.ictergezocht.nl/ict-bedrijven/10460-service-planet-rotterdam/
3677,Servicecentrum   Drechtsteden,https://www.ictergezocht.nl/ict-bedrijven/1180-servicecentrum-drechtsteden/
3678,Servicecentrum MER,https://www.ictergezocht.nl/ict-bedrijven/9524-servicecentrum-mer/
3679,ServiceHeroes,https://www.ictergezocht.nl/ict-bedrijven/8363-serviceheroes/
3680,Servicenet ITF,https://www.ictergezocht.nl/ict-bedrijven/2987-servicenet-itf/
3681,ServiceNow,https://www.ictergezocht.nl/ict-bedrijven/6187-servicenow/
3682,ServiceSites International,https://www.ictergezocht.nl/ict-bedrijven/9014-servicesites-international/
3683,Sevagram,https://www.ictergezocht.nl/ict-bedrijven/9994-sevagram/
3684,Seven Stars,https://www.ictergezocht.nl/ict-bedrijven/8705-seven-stars/
3685,Severinus,https://www.ictergezocht.nl/ict-bedrijven/8254-severinus/
3686,SHAERP,https://www.ictergezocht.nl/ict-bedrijven/8314-shaerp/
3687,Share Company,https://www.ictergezocht.nl/ict-bedrijven/1131-share-company/
3688,Shared Library Services,https://www.ictergezocht.nl/ict-bedrijven/4824-shared-library-services/
3689,Shared Service OrganisatieO,https://www.ictergezocht.nl/ict-bedrijven/8396-shared-service-organisatieo/
3690,Shareforce,https://www.ictergezocht.nl/ict-bedrijven/5489-shareforce/
3691,Sher Holland,https://www.ictergezocht.nl/ict-bedrijven/9473-sher-holland/
3692,SHIMANO,https://www.ictergezocht.nl/ict-bedrijven/6093-shimano/
3693,Shimano Europe Holding,https://www.ictergezocht.nl/ict-bedrijven/3060-shimano-europe-holding/
3694,shipnable,https://www.ictergezocht.nl/ict-bedrijven/795-shipnable/
3695,Shoeby franchise,https://www.ictergezocht.nl/ict-bedrijven/9817-shoeby-franchise/
3696,ShopForward,https://www.ictergezocht.nl/ict-bedrijven/9391-shopforward/
3697,Shopmarkt,https://www.ictergezocht.nl/ict-bedrijven/5415-shopmarkt/
3698,Shoppagina,https://www.ictergezocht.nl/ict-bedrijven/7809-shoppagina/
3699,Shoppartners,https://www.ictergezocht.nl/ict-bedrijven/10340-shoppartners/
3700,Shoptrader,https://www.ictergezocht.nl/ict-bedrijven/1676-shoptrader/
3701,shopVIP.com,https://www.ictergezocht.nl/ict-bedrijven/2486-shopvipcom/
3702,Sidekix,https://www.ictergezocht.nl/ict-bedrijven/10462-sidekix/
3703,SIDN,https://www.ictergezocht.nl/ict-bedrijven/2492-sidn/
3704,Siebel Jewelry,https://www.ictergezocht.nl/ict-bedrijven/8000-siebel-jewelry/
3705,Siebel Juweliers,https://www.ictergezocht.nl/ict-bedrijven/10796-siebel-juweliers/
3706,Siebert & Wassink,https://www.ictergezocht.nl/ict-bedrijven/9050-siebert-wassink/
3707,Sieval Dedicated Solutions,https://www.ictergezocht.nl/ict-bedrijven/8852-sieval-dedicated-solutions/
3708,Sif Netherlands,https://www.ictergezocht.nl/ict-bedrijven/7791-sif-netherlands/
3709,SIG Nederland,https://www.ictergezocht.nl/ict-bedrijven/10643-sig-nederland/
3710,Signet,https://www.ictergezocht.nl/ict-bedrijven/908-signet/
3711,Silvercloud Computing,https://www.ictergezocht.nl/ict-bedrijven/5768-silvercloud-computing/
3712,Silverjet Vakanties,https://www.ictergezocht.nl/ict-bedrijven/4644-silverjet-vakanties/
3713,Silverstreet,https://www.ictergezocht.nl/ict-bedrijven/4652-silverstreet/
3714,Simon Loos Logistiek,https://www.ictergezocht.nl/ict-bedrijven/4211-simon-loos-logistiek/
3715,Simply Commerce Recruitment,https://www.ictergezocht.nl/ict-bedrijven/9103-simply-commerce-recruitment/
3716,Simply IT,https://www.ictergezocht.nl/ict-bedrijven/7603-simply-it/
3717,Simpro Software Ltd,https://www.ictergezocht.nl/ict-bedrijven/9739-simpro-software-ltd/
3718,simPRO Software Netherlands,https://www.ictergezocht.nl/ict-bedrijven/9741-simpro-software-netherlands/
3719,Sioux BinC,https://www.ictergezocht.nl/ict-bedrijven/4036-sioux-binc/
3720,Sioux Technologies,https://www.ictergezocht.nl/ict-bedrijven/9868-sioux-technologies/
3721,SIRVA,https://www.ictergezocht.nl/ict-bedrijven/9079-sirva/
3722,Sitecom Europe,https://www.ictergezocht.nl/ict-bedrijven/193-sitecom-europe/
3723,SIYOU,https://www.ictergezocht.nl/ict-bedrijven/5793-siyou/
3724,Skalar Analytical,https://www.ictergezocht.nl/ict-bedrijven/6044-skalar-analytical/
3725,SKIDATA,https://www.ictergezocht.nl/ict-bedrijven/8755-skidata/
3726,SkillSource,https://www.ictergezocht.nl/ict-bedrijven/3788-skillsource/
3727,Skillz Recruitment,https://www.ictergezocht.nl/ict-bedrijven/865-skillz-recruitment/
3728,SKIM Europe,https://www.ictergezocht.nl/ict-bedrijven/3940-skim-europe/
3729,Skyberate Internet Services,https://www.ictergezocht.nl/ict-bedrijven/4786-skyberate-internet-services/
3730,Skydreams,https://www.ictergezocht.nl/ict-bedrijven/4336-skydreams/
3731,Skyhightv,https://www.ictergezocht.nl/ict-bedrijven/5552-skyhightv/
3732,SkylineDx,https://www.ictergezocht.nl/ict-bedrijven/9457-skylinedx/
3733,Skyliner Automatisering,https://www.ictergezocht.nl/ict-bedrijven/8357-skyliner-automatisering/
3734,SkyValley,https://www.ictergezocht.nl/ict-bedrijven/9246-skyvalley/
3735,SkyXS,https://www.ictergezocht.nl/ict-bedrijven/148-skyxs/
3736,Slachtofferhulp Nederland,https://www.ictergezocht.nl/ict-bedrijven/10440-slachtofferhulp-nederland/
3737,Slash2,https://www.ictergezocht.nl/ict-bedrijven/5407-slash2/
3738,Slim Groep,https://www.ictergezocht.nl/ict-bedrijven/5187-slim-groep/
3739,Slimleren.nl,https://www.ictergezocht.nl/ict-bedrijven/9842-slimlerennl/
3740,Slimster.nl,https://www.ictergezocht.nl/ict-bedrijven/5931-slimsternl/
3741,SLTN,https://www.ictergezocht.nl/ict-bedrijven/7860-sltn/
3742,Smart Apartment Data,https://www.ictergezocht.nl/ict-bedrijven/9602-smart-apartment-data/
3743,Smart Form Solutions,https://www.ictergezocht.nl/ict-bedrijven/7823-smart-form-solutions/
3744,Smart Staffing Solutions,https://www.ictergezocht.nl/ict-bedrijven/938-smart-staffing-solutions/
3745,Smart2NetworX,https://www.ictergezocht.nl/ict-bedrijven/9168-smart2networx/
3746,SMART4Solutions,https://www.ictergezocht.nl/ict-bedrijven/9613-smart4solutions/
3747,SmartRecruit,https://www.ictergezocht.nl/ict-bedrijven/8327-smartrecruit/
3748,Smooth Vision,https://www.ictergezocht.nl/ict-bedrijven/9471-smooth-vision/
3749,SMScity,https://www.ictergezocht.nl/ict-bedrijven/210-smscity/
3750,Snel Communicatie & Advertising,https://www.ictergezocht.nl/ict-bedrijven/1413-snel-communicatie-advertising/
3751,Snelder,https://www.ictergezocht.nl/ict-bedrijven/1575-snelder/
3752,SNS Bank,https://www.ictergezocht.nl/ict-bedrijven/4099-sns-bank/
3753,SOA People,https://www.ictergezocht.nl/ict-bedrijven/10087-soa-people/
3754,SoapBox,https://www.ictergezocht.nl/ict-bedrijven/9662-soapbox/
3755,Sobit,https://www.ictergezocht.nl/ict-bedrijven/9407-sobit/
3756,Socia ICT,https://www.ictergezocht.nl/ict-bedrijven/8553-socia-ict/
3757,Social Care Network,https://www.ictergezocht.nl/ict-bedrijven/10061-social-care-network/
3758,Social Care Network,https://www.ictergezocht.nl/ict-bedrijven/8383-social-care-network/
3759,Social Deal,https://www.ictergezocht.nl/ict-bedrijven/5245-social-deal/
3760,SocialSensr,https://www.ictergezocht.nl/ict-bedrijven/4905-socialsensr/
3761,Socom,https://www.ictergezocht.nl/ict-bedrijven/8528-socom/
3762,Sodexo Nederland,https://www.ictergezocht.nl/ict-bedrijven/8516-sodexo-nederland/
3763,Softbrick,https://www.ictergezocht.nl/ict-bedrijven/7658-softbrick/
3764,Softbrick Workforce Management,https://www.ictergezocht.nl/ict-bedrijven/4455-softbrick-workforce-management/
3765,Softhouse automatisering,https://www.ictergezocht.nl/ict-bedrijven/3075-softhouse-automatisering/
3766,Softline Solutions Netherlands,https://www.ictergezocht.nl/ict-bedrijven/5025-softline-solutions-netherlands/
3767,Softlution,https://www.ictergezocht.nl/ict-bedrijven/5054-softlution/
3768,Software Society,https://www.ictergezocht.nl/ict-bedrijven/13-software-society/
3769,Software Society,https://www.ictergezocht.nl/ict-bedrijven/10065-software-society/
3770,Softwear,https://www.ictergezocht.nl/ict-bedrijven/4064-softwear/
3771,SoHosted,https://www.ictergezocht.nl/ict-bedrijven/4854-sohosted/
3772,Solcon Internetdiensten,https://www.ictergezocht.nl/ict-bedrijven/8067-solcon-internetdiensten/
3773,Solid Partners,https://www.ictergezocht.nl/ict-bedrijven/9984-solid-partners/
3774,Solid Semecs,https://www.ictergezocht.nl/ict-bedrijven/10366-solid-semecs/
3775,Solid-Web,https://www.ictergezocht.nl/ict-bedrijven/1885-solid-web/
3776,SolidForm Web Solutions,https://www.ictergezocht.nl/ict-bedrijven/5628-solidform-web-solutions/
3777,SolidQ,https://www.ictergezocht.nl/ict-bedrijven/7985-solidq/
3778,SolidQ IT,https://www.ictergezocht.nl/ict-bedrijven/9450-solidq-it/
3779,SOLIT application development,https://www.ictergezocht.nl/ict-bedrijven/549-solit-application-development/
3780,Soloweb,https://www.ictergezocht.nl/ict-bedrijven/15-soloweb/
3781,Soltegro,https://www.ictergezocht.nl/ict-bedrijven/10204-soltegro/
3782,Solutions 30,https://www.ictergezocht.nl/ict-bedrijven/8482-solutions-30/
3783,Solutions Benelux,https://www.ictergezocht.nl/ict-bedrijven/2282-solutions-benelux/
3784,Solva Peoplecounting,https://www.ictergezocht.nl/ict-bedrijven/1727-solva-peoplecounting/
3785,Solvinity,https://www.ictergezocht.nl/ict-bedrijven/10256-solvinity/
3786,Solvinity,https://www.ictergezocht.nl/ict-bedrijven/8897-solvinity/
3787,Solvism,https://www.ictergezocht.nl/ict-bedrijven/9022-solvism/
3788,Solviteers Cloud & Infradiensten,https://www.ictergezocht.nl/ict-bedrijven/10560-solviteers-cloud-infradiensten/
3789,Solviteers Softwareontwikkeling,https://www.ictergezocht.nl/ict-bedrijven/10040-solviteers-softwareontwikkeling/
3790,SOMA College,https://www.ictergezocht.nl/ict-bedrijven/5735-soma-college/
3791,SOMA College,https://www.ictergezocht.nl/ict-bedrijven/9360-soma-college/
3792,Sonepar Nederland Information Services,https://www.ictergezocht.nl/ict-bedrijven/488-sonepar-nederland-information-services/
3793,SongLine Wandelverhalen,https://www.ictergezocht.nl/ict-bedrijven/335-songline-wandelverhalen/
3794,Sonova Audiological Care Nederland,https://www.ictergezocht.nl/ict-bedrijven/9023-sonova-audiological-care-nederland/
3795,Sony Music Entertainment,https://www.ictergezocht.nl/ict-bedrijven/8359-sony-music-entertainment/
3796,Soops,https://www.ictergezocht.nl/ict-bedrijven/804-soops/
3797,Sopra Steria Benelux,https://www.ictergezocht.nl/ict-bedrijven/10119-sopra-steria-benelux/
3798,SOS Design studio,https://www.ictergezocht.nl/ict-bedrijven/225-sos-design-studio/
3799,soulution recruiting,https://www.ictergezocht.nl/ict-bedrijven/52-soulution-recruiting/
3800,Source International,https://www.ictergezocht.nl/ict-bedrijven/10557-source-international/
3801,SourceSelect Recruitment,https://www.ictergezocht.nl/ict-bedrijven/4881-sourceselect-recruitment/
3802,SouthernHill,https://www.ictergezocht.nl/ict-bedrijven/9265-southernhill/
3803,SOVAK,https://www.ictergezocht.nl/ict-bedrijven/5207-sovak/
3804,Sovas,https://www.ictergezocht.nl/ict-bedrijven/151-sovas/
3805,SowiesoDigital,https://www.ictergezocht.nl/ict-bedrijven/10226-sowiesodigital/
3806,Spacewell,https://www.ictergezocht.nl/ict-bedrijven/10086-spacewell/
3807,SPAFU Online Marketing,https://www.ictergezocht.nl/ict-bedrijven/199-spafu-online-marketing/
3808,SPAR Holding,https://www.ictergezocht.nl/ict-bedrijven/10176-spar-holding/
3809,Spar Holding,https://www.ictergezocht.nl/ict-bedrijven/5836-spar-holding/
3810,Spark Recruiters&Academy,https://www.ictergezocht.nl/ict-bedrijven/3959-spark-recruitersacademy/
3811,Sparkle Business Innovations,https://www.ictergezocht.nl/ict-bedrijven/9037-sparkle-business-innovations/
3812,SPARQUE,https://www.ictergezocht.nl/ict-bedrijven/8075-sparque/
3813,Spatial Eye,https://www.ictergezocht.nl/ict-bedrijven/4576-spatial-eye/
3814,Speak,https://www.ictergezocht.nl/ict-bedrijven/5600-speak/
3815,Speakap,https://www.ictergezocht.nl/ict-bedrijven/4093-speakap/
3816,Special Logistic Services,https://www.ictergezocht.nl/ict-bedrijven/9724-special-logistic-services/
3817,Specialist in Websites,https://www.ictergezocht.nl/ict-bedrijven/10639-specialist-in-websites/
3818,Specialized Europe,https://www.ictergezocht.nl/ict-bedrijven/9581-specialized-europe/
3819,Spectator Video Technology Holding,https://www.ictergezocht.nl/ict-bedrijven/5155-spectator-video-technology-holding/
3820,Spectrometry Vision,https://www.ictergezocht.nl/ict-bedrijven/9490-spectrometry-vision/
3821,Speedy-Networks,https://www.ictergezocht.nl/ict-bedrijven/502-speedy-networks/
3822,Spete.nl ICT Diensten,https://www.ictergezocht.nl/ict-bedrijven/4843-spetenl-ict-diensten/
3823,SPEYK,https://www.ictergezocht.nl/ict-bedrijven/10710-speyk/
3824,Spierings Mobile Cranes,https://www.ictergezocht.nl/ict-bedrijven/9485-spierings-mobile-cranes/
3825,Spike Technology Europe,https://www.ictergezocht.nl/ict-bedrijven/8133-spike-technology-europe/
3826,SPIL GAMES,https://www.ictergezocht.nl/ict-bedrijven/134-spil-games/
3827,Spino Managed Services (nu nog Fastbyte),https://www.ictergezocht.nl/ict-bedrijven/8417-spino-managed-services-nu-nog-fastbyte/
3828,Spinoza Lyceum,https://www.ictergezocht.nl/ict-bedrijven/4693-spinoza-lyceum/
3829,Spinoza-IT,https://www.ictergezocht.nl/ict-bedrijven/273-spinoza-it/
3830,Spirit,https://www.ictergezocht.nl/ict-bedrijven/3288-spirit/
3831,Splash Lease,https://www.ictergezocht.nl/ict-bedrijven/7904-splash-lease/
3832,Spliethoff's Bevrachtingskantoor.,https://www.ictergezocht.nl/ict-bedrijven/10217-spliethoffs-bevrachtingskantoor/
3833,Sportcentrum Olympos,https://www.ictergezocht.nl/ict-bedrijven/10537-sportcentrum-olympos/
3834,Sportgame Media Group,https://www.ictergezocht.nl/ict-bedrijven/4699-sportgame-media-group/
3835,Sportlink Services,https://www.ictergezocht.nl/ict-bedrijven/7789-sportlink-services/
3836,Sportservice Nederland,https://www.ictergezocht.nl/ict-bedrijven/8964-sportservice-nederland/
3837,Spotmaster,https://www.ictergezocht.nl/ict-bedrijven/4668-spotmaster/
3838,Springer Uitgeverij,https://www.ictergezocht.nl/ict-bedrijven/194-springer-uitgeverij/
3839,Springstaff,https://www.ictergezocht.nl/ict-bedrijven/7598-springstaff/
3840,sprint ICT,https://www.ictergezocht.nl/ict-bedrijven/5523-sprint-ict/
3841,SQALA Recruitment,https://www.ictergezocht.nl/ict-bedrijven/5018-sqala-recruitment/
3842,Sqills,https://www.ictergezocht.nl/ict-bedrijven/5676-sqills/
3843,SQout,https://www.ictergezocht.nl/ict-bedrijven/5627-sqout/
3844,Square One Resources,https://www.ictergezocht.nl/ict-bedrijven/5661-square-one-resources/
3845,Sranan Skoro,https://www.ictergezocht.nl/ict-bedrijven/534-sranan-skoro/
3846,SRC System Integrators,https://www.ictergezocht.nl/ict-bedrijven/8098-src-system-integrators/
3847,Sres,https://www.ictergezocht.nl/ict-bedrijven/726-sres/
3848,SRON Netherlands Institute for Space Research,https://www.ictergezocht.nl/ict-bedrijven/7596-sron-netherlands-institute-for-space-research/
3849,SSC,https://www.ictergezocht.nl/ict-bedrijven/3878-ssc/
3850,SSH,https://www.ictergezocht.nl/ict-bedrijven/8494-ssh/
3851,SSH,https://www.ictergezocht.nl/ict-bedrijven/10694-ssh/
3852,SSI Schäfer,https://www.ictergezocht.nl/ict-bedrijven/9626-ssi-schafer/
3853,St Altrecht,https://www.ictergezocht.nl/ict-bedrijven/3750-st-altrecht/
3854,St Apotheek der Haarlemse Ziekenhuizen,https://www.ictergezocht.nl/ict-bedrijven/4586-st-apotheek-der-haarlemse-ziekenhuizen/
3855,St Zorgring NHN,https://www.ictergezocht.nl/ict-bedrijven/5824-st-zorgring-nhn/
3856,St. Trigoon,https://www.ictergezocht.nl/ict-bedrijven/10280-st-trigoon/
3857,Staal Verbind I Engineering Specialist,https://www.ictergezocht.nl/ict-bedrijven/9384-staal-verbind-i-engineering-specialist/
3858,Staay Food Group,https://www.ictergezocht.nl/ict-bedrijven/9846-staay-food-group/
3859,Staay Food Group,https://www.ictergezocht.nl/ict-bedrijven/8610-staay-food-group/
3860,Stabiplan,https://www.ictergezocht.nl/ict-bedrijven/5632-stabiplan/
3861,StackOps,https://www.ictergezocht.nl/ict-bedrijven/8114-stackops/
3862,Staedion,https://www.ictergezocht.nl/ict-bedrijven/8831-staedion/
3863,Staedion,https://www.ictergezocht.nl/ict-bedrijven/9112-staedion/
3864,Staff Capital,https://www.ictergezocht.nl/ict-bedrijven/10314-staff-capital/
3865,Staffingteam,https://www.ictergezocht.nl/ict-bedrijven/9814-staffingteam/
3866,Staffingteam,https://www.ictergezocht.nl/ict-bedrijven/10641-staffingteam/
3867,StaffSearch,https://www.ictergezocht.nl/ict-bedrijven/5098-staffsearch/
3868,Stage Entertainment,https://www.ictergezocht.nl/ict-bedrijven/10076-stage-entertainment/
3869,StageGo,https://www.ictergezocht.nl/ict-bedrijven/10744-stagego/
3870,Stakelogic,https://www.ictergezocht.nl/ict-bedrijven/8525-stakelogic/
3871,StarApple,https://www.ictergezocht.nl/ict-bedrijven/2454-starapple/
3872,Starcode,https://www.ictergezocht.nl/ict-bedrijven/10223-starcode/
3873,Startcarrière,https://www.ictergezocht.nl/ict-bedrijven/5708-startcarriere/
3874,STATTEGROND,https://www.ictergezocht.nl/ict-bedrijven/3198-stattegrond/
3875,Status Plus,https://www.ictergezocht.nl/ict-bedrijven/5197-status-plus/
3876,Status Pro,https://www.ictergezocht.nl/ict-bedrijven/7585-status-pro/
3877,STBeets,https://www.ictergezocht.nl/ict-bedrijven/139-stbeets/
3878,STC Group,https://www.ictergezocht.nl/ict-bedrijven/8991-stc-group/
3879,Steape,https://www.ictergezocht.nl/ict-bedrijven/1234-steape/
3880,Stefanini,https://www.ictergezocht.nl/ict-bedrijven/8979-stefanini/
3881,Steijnborg Assurantien,https://www.ictergezocht.nl/ict-bedrijven/5473-steijnborg-assurantien/
3882,Stellar Data Recovery,https://www.ictergezocht.nl/ict-bedrijven/4152-stellar-data-recovery/
3883,Stepco,https://www.ictergezocht.nl/ict-bedrijven/1390-stepco/
3884,Ster Reclame,https://www.ictergezocht.nl/ict-bedrijven/10236-ster-reclame/
3885,Sterk Huis,https://www.ictergezocht.nl/ict-bedrijven/10102-sterk-huis/
3886,Sterknetwerk,https://www.ictergezocht.nl/ict-bedrijven/4262-sterknetwerk/
3887,SternFacilitair,https://www.ictergezocht.nl/ict-bedrijven/9769-sternfacilitair/
3888,Sterrk,https://www.ictergezocht.nl/ict-bedrijven/9302-sterrk/
3889,stg knaagdierenopvang 'het Knagertje',https://www.ictergezocht.nl/ict-bedrijven/344-stg-knaagdierenopvang-het-knagertje/
3890,Stg. UAF Vluchteling-Studenten,https://www.ictergezocht.nl/ict-bedrijven/2403-stg-uaf-vluchteling-studenten/
3891,STH Automatisering,https://www.ictergezocht.nl/ict-bedrijven/9584-sth-automatisering/
3892,Stiching IUCN Nederlands Comité,https://www.ictergezocht.nl/ict-bedrijven/4898-stiching-iucn-nederlands-comite/
3893,Stichting !WOON,https://www.ictergezocht.nl/ict-bedrijven/9851-stichting-woon/
3894,Stichting Abrona,https://www.ictergezocht.nl/ict-bedrijven/10606-stichting-abrona/
3895,Stichting Area,https://www.ictergezocht.nl/ict-bedrijven/9298-stichting-area/
3896,Stichting Arq,https://www.ictergezocht.nl/ict-bedrijven/5779-stichting-arq/
3897,Stichting Beroepskwaliteit Leraren,https://www.ictergezocht.nl/ict-bedrijven/314-stichting-beroepskwaliteit-leraren/
3898,Stichting BKR,https://www.ictergezocht.nl/ict-bedrijven/10876-stichting-bkr/
3899,Stichting Cicero Zorggroep,https://www.ictergezocht.nl/ict-bedrijven/3943-stichting-cicero-zorggroep/
3900,Stichting CliniClowns Nederland,https://www.ictergezocht.nl/ict-bedrijven/7892-stichting-cliniclowns-nederland/
3901,Stichting CODA,https://www.ictergezocht.nl/ict-bedrijven/10357-stichting-coda/
3902,Stichting De Blauwe Loper,https://www.ictergezocht.nl/ict-bedrijven/8919-stichting-de-blauwe-loper/
3903,Stichting de Tussenvoorziening,https://www.ictergezocht.nl/ict-bedrijven/4769-stichting-de-tussenvoorziening/
3904,Stichting Deltares,https://www.ictergezocht.nl/ict-bedrijven/9253-stichting-deltares/
3905,Stichting DICA,https://www.ictergezocht.nl/ict-bedrijven/7591-stichting-dica/
3906,Stichting Dynamo Welzijn,https://www.ictergezocht.nl/ict-bedrijven/9703-stichting-dynamo-welzijn/
3907,Stichting Eduniek (in onderwijs),https://www.ictergezocht.nl/ict-bedrijven/1320-stichting-eduniek-in-onderwijs/
3908,Stichting Elisabeth-TweeSteden Ziekenhuis,https://www.ictergezocht.nl/ict-bedrijven/5976-stichting-elisabeth-tweesteden-ziekenhuis/
3909,Stichting Emergis,https://www.ictergezocht.nl/ict-bedrijven/6140-stichting-emergis/
3910,Stichting Estinea,https://www.ictergezocht.nl/ict-bedrijven/9637-stichting-estinea/
3911,Stichting eXplain,https://www.ictergezocht.nl/ict-bedrijven/7601-stichting-explain/
3912,Stichting Fonds voor Cultuurparticipatie,https://www.ictergezocht.nl/ict-bedrijven/10782-stichting-fonds-voor-cultuurparticipatie/
3913,Stichting Groenhuysen,https://www.ictergezocht.nl/ict-bedrijven/10597-stichting-groenhuysen/
3914,Stichting Havensteder,https://www.ictergezocht.nl/ict-bedrijven/9441-stichting-havensteder/
3915,Stichting Het Maanderzand,https://www.ictergezocht.nl/ict-bedrijven/10018-stichting-het-maanderzand/
3916,Stichting Inlichtingenbureau,https://www.ictergezocht.nl/ict-bedrijven/4931-stichting-inlichtingenbureau/
3917,Stichting IRIS,https://www.ictergezocht.nl/ict-bedrijven/9980-stichting-iris/
3918,Stichting Jeugdformaat,https://www.ictergezocht.nl/ict-bedrijven/4037-stichting-jeugdformaat/
3919,Stichting Jeugdgezondheidszorg Zuid-Holland West,https://www.ictergezocht.nl/ict-bedrijven/4938-stichting-jeugdgezondheidszorg-zuid-holland-west/
3920,Stichting K2,https://www.ictergezocht.nl/ict-bedrijven/4232-stichting-k2/
3921,Stichting kanker.nl,https://www.ictergezocht.nl/ict-bedrijven/10190-stichting-kankernl/
3922,Stichting Kennisnet,https://www.ictergezocht.nl/ict-bedrijven/10750-stichting-kennisnet/
3923,Stichting Kinderopvang Amersfoort,https://www.ictergezocht.nl/ict-bedrijven/4133-stichting-kinderopvang-amersfoort/
3924,Stichting KleurrijkWonen,https://www.ictergezocht.nl/ict-bedrijven/8087-stichting-kleurrijkwonen/
3925,Stichting Kolom,https://www.ictergezocht.nl/ict-bedrijven/7771-stichting-kolom/
3926,Stichting Kunstloc Brabant,https://www.ictergezocht.nl/ict-bedrijven/9054-stichting-kunstloc-brabant/
3927,Stichting Levvel PI-scholen,https://www.ictergezocht.nl/ict-bedrijven/10834-stichting-levvel-pi-scholen/
3928,Stichting Maatschappelijke Opvang Traverse,https://www.ictergezocht.nl/ict-bedrijven/9220-stichting-maatschappelijke-opvang-traverse/
3929,Stichting Mommerskwartier,https://www.ictergezocht.nl/ict-bedrijven/9175-stichting-mommerskwartier/
3930,Stichting Montessori Scholengemeenschap Amsterdam,https://www.ictergezocht.nl/ict-bedrijven/10894-stichting-montessori-scholengemeenschap-amsterdam/
3931,Stichting Nationale Opera & Ballet,https://www.ictergezocht.nl/ict-bedrijven/9918-stichting-nationale-opera-ballet/
3932,Stichting Naturalis Biodiversity Center,https://www.ictergezocht.nl/ict-bedrijven/10886-stichting-naturalis-biodiversity-center/
3933,Stichting Nederlands Bureau voor Toerisme & Congressen (NBTC),https://www.ictergezocht.nl/ict-bedrijven/9932-stichting-nederlands-bureau-voor-toerisme-congressen-nbtc/
3934,Stichting Nederlands Jeugdinstituut,https://www.ictergezocht.nl/ict-bedrijven/9907-stichting-nederlands-jeugdinstituut/
3935,Stichting Nibud,https://www.ictergezocht.nl/ict-bedrijven/5410-stichting-nibud/
3936,Stichting Nieuw Unicum,https://www.ictergezocht.nl/ict-bedrijven/9320-stichting-nieuw-unicum/
3937,Stichting NMVO,https://www.ictergezocht.nl/ict-bedrijven/9714-stichting-nmvo/
3938,Stichting Nuffic,https://www.ictergezocht.nl/ict-bedrijven/9599-stichting-nuffic/
3939,Stichting O.G. Heldring,https://www.ictergezocht.nl/ict-bedrijven/3844-stichting-og-heldring/
3940,Stichting Openbaar Voortgezet Onderwijs Tilburg,https://www.ictergezocht.nl/ict-bedrijven/10381-stichting-openbaar-voortgezet-onderwijs-tilburg/
3941,Stichting Openbare Bibliotheek Amsterdam,https://www.ictergezocht.nl/ict-bedrijven/8954-stichting-openbare-bibliotheek-amsterdam/
3942,Stichting Paleis Het Loo Nationaal Museum,https://www.ictergezocht.nl/ict-bedrijven/5413-stichting-paleis-het-loo-nationaal-museum/
3943,Stichting PK,https://www.ictergezocht.nl/ict-bedrijven/10279-stichting-pk/
3944,Stichting Portaal,https://www.ictergezocht.nl/ict-bedrijven/10550-stichting-portaal/
3945,Stichting Portaal,https://www.ictergezocht.nl/ict-bedrijven/6109-stichting-portaal/
3946,Stichting Prenatale Screening Zuidwest Nederland,https://www.ictergezocht.nl/ict-bedrijven/8088-stichting-prenatale-screening-zuidwest-nederland/
3947,Stichting Prokino,https://www.ictergezocht.nl/ict-bedrijven/5971-stichting-prokino/
3948,Stichting Quadraam,https://www.ictergezocht.nl/ict-bedrijven/10844-stichting-quadraam/
3949,Stichting Regionale Omroep Flevoland,https://www.ictergezocht.nl/ict-bedrijven/10665-stichting-regionale-omroep-flevoland/
3950,Stichting Revalidatie Impact,https://www.ictergezocht.nl/ict-bedrijven/9145-stichting-revalidatie-impact/
3951,Stichting Rijdende School,https://www.ictergezocht.nl/ict-bedrijven/238-stichting-rijdende-school/
3952,Stichting SBOH,https://www.ictergezocht.nl/ict-bedrijven/10388-stichting-sboh/
3953,Stichting Signum,https://www.ictergezocht.nl/ict-bedrijven/5807-stichting-signum/
3954,Stichting SOMA College,https://www.ictergezocht.nl/ict-bedrijven/3202-stichting-soma-college/
3955,Stichting Sportevenementen Le Champion,https://www.ictergezocht.nl/ict-bedrijven/10465-stichting-sportevenementen-le-champion/
3956,Stichting Sterk Huis,https://www.ictergezocht.nl/ict-bedrijven/10754-stichting-sterk-huis/
3957,Stichting Studielink,https://www.ictergezocht.nl/ict-bedrijven/10589-stichting-studielink/
3958,Stichting tanteLouise-Vivensis,https://www.ictergezocht.nl/ict-bedrijven/4925-stichting-tantelouise-vivensis/
3959,Stichting Timon,https://www.ictergezocht.nl/ict-bedrijven/9902-stichting-timon/
3960,Stichting Verkadefabriek,https://www.ictergezocht.nl/ict-bedrijven/10446-stichting-verkadefabriek/
3961,Stichting Vilente,https://www.ictergezocht.nl/ict-bedrijven/10037-stichting-vilente/
3962,Stichting voor Vluchteling Studenten UAF,https://www.ictergezocht.nl/ict-bedrijven/2596-stichting-voor-vluchteling-studenten-uaf/
3963,Stichting Waag,https://www.ictergezocht.nl/ict-bedrijven/10698-stichting-waag/
3964,Stichting Waternet,https://www.ictergezocht.nl/ict-bedrijven/10693-stichting-waternet/
3965,Stichting WIJeindhoven,https://www.ictergezocht.nl/ict-bedrijven/10163-stichting-wijeindhoven/
3966,Stichting Wilde Ganzen,https://www.ictergezocht.nl/ict-bedrijven/8378-stichting-wilde-ganzen/
3967,Stichting woon-zorgcentrum De Rijnhoven,https://www.ictergezocht.nl/ict-bedrijven/4585-stichting-woon-zorgcentrum-de-rijnhoven/
3968,Stichting Xpect Primair,https://www.ictergezocht.nl/ict-bedrijven/8535-stichting-xpect-primair/
3969,Stichting Yulius,https://www.ictergezocht.nl/ict-bedrijven/4549-stichting-yulius/
3970,Stichting Z-CERT,https://www.ictergezocht.nl/ict-bedrijven/8074-stichting-z-cert/
3971,Stichting Zorgbalans,https://www.ictergezocht.nl/ict-bedrijven/9516-stichting-zorgbalans/
3972,Stichting Zorggroep Drenthe,https://www.ictergezocht.nl/ict-bedrijven/10595-stichting-zorggroep-drenthe/
3973,Stichting Zorgring Noord Holland Noord,https://www.ictergezocht.nl/ict-bedrijven/9947-stichting-zorgring-noord-holland-noord/
3974,Stichting Zuidwester,https://www.ictergezocht.nl/ict-bedrijven/4456-stichting-zuidwester/
3975,Sticky Studios,https://www.ictergezocht.nl/ict-bedrijven/20-sticky-studios/
3976,Sticky Studios,https://www.ictergezocht.nl/ict-bedrijven/5574-sticky-studios/
3977,Stipter,https://www.ictergezocht.nl/ict-bedrijven/9413-stipter/
3978,STM-Recruitment,https://www.ictergezocht.nl/ict-bedrijven/6024-stm-recruitment/
3979,Stoas Informatisering,https://www.ictergezocht.nl/ict-bedrijven/126-stoas-informatisering/
3980,Stoeterij Zelda,https://www.ictergezocht.nl/ict-bedrijven/679-stoeterij-zelda/
3981,Stone Business Associates,https://www.ictergezocht.nl/ict-bedrijven/9231-stone-business-associates/
3982,Strand Associates,https://www.ictergezocht.nl/ict-bedrijven/741-strand-associates/
3983,Stratech,https://www.ictergezocht.nl/ict-bedrijven/6128-stratech/
3984,Strawberries,https://www.ictergezocht.nl/ict-bedrijven/2961-strawberries/
3985,Streamit,https://www.ictergezocht.nl/ict-bedrijven/5771-streamit/
3986,Streamtech,https://www.ictergezocht.nl/ict-bedrijven/2655-streamtech/
3987,Streekarchief Langstraat Heusden Altena,https://www.ictergezocht.nl/ict-bedrijven/9069-streekarchief-langstraat-heusden-altena/
3988,Streekarchief Midden-Holland,https://www.ictergezocht.nl/ict-bedrijven/10496-streekarchief-midden-holland/
3989,Streetlife,https://www.ictergezocht.nl/ict-bedrijven/9913-streetlife/
3990,Streetwise Digital Dialogue,https://www.ictergezocht.nl/ict-bedrijven/5772-streetwise-digital-dialogue/
3991,Strict Staffing,https://www.ictergezocht.nl/ict-bedrijven/8659-strict-staffing/
3992,Stroetenga Design,https://www.ictergezocht.nl/ict-bedrijven/5974-stroetenga-design/
3993,Stroom Mediacommunicatie,https://www.ictergezocht.nl/ict-bedrijven/5828-stroom-mediacommunicatie/
3994,Stroomopwaarts MVS,https://www.ictergezocht.nl/ict-bedrijven/10330-stroomopwaarts-mvs/
3995,Stroomz,https://www.ictergezocht.nl/ict-bedrijven/10855-stroomz/
3996,StudentenWerk,https://www.ictergezocht.nl/ict-bedrijven/4337-studentenwerk/
3997,StudentsPlus Nederland,https://www.ictergezocht.nl/ict-bedrijven/5476-studentsplus-nederland/
3998,Studiecentrum Snacks en Zoetwaren Benelux,https://www.ictergezocht.nl/ict-bedrijven/3277-studiecentrum-snacks-en-zoetwaren-benelux/
3999,Studiekring,https://www.ictergezocht.nl/ict-bedrijven/7624-studiekring/
4000,Studio 23,https://www.ictergezocht.nl/ict-bedrijven/1911-studio-23/
4001,Studio Excel,https://www.ictergezocht.nl/ict-bedrijven/8631-studio-excel/
4002,Studio Steenhuis,https://www.ictergezocht.nl/ict-bedrijven/9262-studio-steenhuis/
4003,Studio Steenhuis,https://www.ictergezocht.nl/ict-bedrijven/5690-studio-steenhuis/
4004,Studio Voorhuis,https://www.ictergezocht.nl/ict-bedrijven/5700-studio-voorhuis/
4005,Studio-Online,https://www.ictergezocht.nl/ict-bedrijven/5665-studio-online/
4006,Studio-Online,https://www.ictergezocht.nl/ict-bedrijven/7600-studio-online/
4007,Studio2 Communications,https://www.ictergezocht.nl/ict-bedrijven/3132-studio2-communications/
4008,Study2Go,https://www.ictergezocht.nl/ict-bedrijven/9966-study2go/
4009,Stuurlui,https://www.ictergezocht.nl/ict-bedrijven/9810-stuurlui/
4010,STX Nederland,https://www.ictergezocht.nl/ict-bedrijven/3658-stx-nederland/
4011,Suite Seven,https://www.ictergezocht.nl/ict-bedrijven/10667-suite-seven/
4012,SuitIT,https://www.ictergezocht.nl/ict-bedrijven/9309-suitit/
4013,SuitIT,https://www.ictergezocht.nl/ict-bedrijven/8683-suitit/
4014,Summa College,https://www.ictergezocht.nl/ict-bedrijven/9835-summa-college/
4015,Summica,https://www.ictergezocht.nl/ict-bedrijven/5192-summica/
4016,SunBase Software,https://www.ictergezocht.nl/ict-bedrijven/7560-sunbase-software/
4017,SuperConsult,https://www.ictergezocht.nl/ict-bedrijven/233-superconsult/
4018,Suppliance,https://www.ictergezocht.nl/ict-bedrijven/1100-suppliance/
4019,SupportMyPC,https://www.ictergezocht.nl/ict-bedrijven/2134-supportmypc/
4020,Supracom,https://www.ictergezocht.nl/ict-bedrijven/4701-supracom/
4021,SURF,https://www.ictergezocht.nl/ict-bedrijven/8955-surf/
4022,Surplus,https://www.ictergezocht.nl/ict-bedrijven/10347-surplus/
4023,SUSA studenten uitzendbureau,https://www.ictergezocht.nl/ict-bedrijven/6166-susa-studenten-uitzendbureau/
4024,Suxesfully,https://www.ictergezocht.nl/ict-bedrijven/4370-suxesfully/
4025,SVB,https://www.ictergezocht.nl/ict-bedrijven/4181-svb/
4026,"SVRZ, Zorgt in Zeeland!",https://www.ictergezocht.nl/ict-bedrijven/4436-svrz-zorgt-in-zeeland/
4027,SVS ICT,https://www.ictergezocht.nl/ict-bedrijven/10257-svs-ict/
4028,SVSICT,https://www.ictergezocht.nl/ict-bedrijven/6195-svsict/
4029,SW Solutions.,https://www.ictergezocht.nl/ict-bedrijven/4607-sw-solutions/
4030,Swalm en Roer,https://www.ictergezocht.nl/ict-bedrijven/9819-swalm-en-roer/
4031,Sweebr,https://www.ictergezocht.nl/ict-bedrijven/5095-sweebr/
4032,SWIS,https://www.ictergezocht.nl/ict-bedrijven/5200-swis/
4033,SWIS,https://www.ictergezocht.nl/ict-bedrijven/85-swis/
4034,Swiss Knife,https://www.ictergezocht.nl/ict-bedrijven/4125-swiss-knife/
4035,SWISS OPTICAL GROUP,https://www.ictergezocht.nl/ict-bedrijven/4988-swiss-optical-group/
4036,Swiss Sense,https://www.ictergezocht.nl/ict-bedrijven/6073-swiss-sense/
4037,Switch,https://www.ictergezocht.nl/ict-bedrijven/32-switch/
4038,Switchjobs,https://www.ictergezocht.nl/ict-bedrijven/2434-switchjobs/
4039,SWOOP,https://www.ictergezocht.nl/ict-bedrijven/8012-swoop/
4040,SWZ,https://www.ictergezocht.nl/ict-bedrijven/9046-swz/
4041,symagic,https://www.ictergezocht.nl/ict-bedrijven/9897-symagic/
4042,Symula,https://www.ictergezocht.nl/ict-bedrijven/4228-symula/
4043,Syncasso,https://www.ictergezocht.nl/ict-bedrijven/9299-syncasso/
4044,SyncForce,https://www.ictergezocht.nl/ict-bedrijven/9385-syncforce/
4045,Syndicate Plus,https://www.ictergezocht.nl/ict-bedrijven/3944-syndicate-plus/
4046,Synechron,https://www.ictergezocht.nl/ict-bedrijven/10361-synechron/
4047,Synlogic,https://www.ictergezocht.nl/ict-bedrijven/492-synlogic/
4048,Synocom,https://www.ictergezocht.nl/ict-bedrijven/3527-synocom/
4049,Synsel Techniek,https://www.ictergezocht.nl/ict-bedrijven/9508-synsel-techniek/
4050,Syntech-IT,https://www.ictergezocht.nl/ict-bedrijven/7849-syntech-it/
4051,Syntens,https://www.ictergezocht.nl/ict-bedrijven/3642-syntens/
4052,SynTouch,https://www.ictergezocht.nl/ict-bedrijven/9623-syntouch/
4053,SYSO,https://www.ictergezocht.nl/ict-bedrijven/8135-syso/
4054,System-Intelligence,https://www.ictergezocht.nl/ict-bedrijven/8160-system-intelligence/
4055,Systemec,https://www.ictergezocht.nl/ict-bedrijven/5697-systemec/
4056,Sytac,https://www.ictergezocht.nl/ict-bedrijven/4552-sytac/
4057,ICT bedrijven zoeken,https://www.ictergezocht.nl/ict-bedrijven/
4058,ICT bedrijven zoeken,https://www.ictergezocht.nl/ict-bedrijven/
4059,T-Systems Nederland,https://www.ictergezocht.nl/ict-bedrijven/1106-t-systems-nederland/
4060,T&E Studenten Uitzendbureau,https://www.ictergezocht.nl/ict-bedrijven/4570-te-studenten-uitzendbureau/
4061,T2 Automatiseringsdiensten,https://www.ictergezocht.nl/ict-bedrijven/147-t2-automatiseringsdiensten/
4062,T2 IT detachering,https://www.ictergezocht.nl/ict-bedrijven/9641-t2-it-detachering/
4063,T36 media,https://www.ictergezocht.nl/ict-bedrijven/234-t36-media/
4064,TABS Holland,https://www.ictergezocht.nl/ict-bedrijven/8244-tabs-holland/
4065,TACS Information Services,https://www.ictergezocht.nl/ict-bedrijven/4053-tacs-information-services/
4066,Tagnet,https://www.ictergezocht.nl/ict-bedrijven/8157-tagnet/
4067,Tahzoo Netherlands,https://www.ictergezocht.nl/ict-bedrijven/6061-tahzoo-netherlands/
4068,Takeaway.com,https://www.ictergezocht.nl/ict-bedrijven/9546-takeawaycom/
4069,Talent Masters,https://www.ictergezocht.nl/ict-bedrijven/5530-talent-masters/
4070,Talent Providers | we know how IT works,https://www.ictergezocht.nl/ict-bedrijven/8546-talent-providers-we-know-how-it-works/
4071,Talent-Advies,https://www.ictergezocht.nl/ict-bedrijven/7911-talent-advies/
4072,Talent&Pro,https://www.ictergezocht.nl/ict-bedrijven/10646-talentpro/
4073,Talis,https://www.ictergezocht.nl/ict-bedrijven/5966-talis/
4074,Talmon,https://www.ictergezocht.nl/ict-bedrijven/2257-talmon/
4075,Talpa Network,https://www.ictergezocht.nl/ict-bedrijven/9352-talpa-network/
4076,Tam Tam,https://www.ictergezocht.nl/ict-bedrijven/78-tam-tam/
4077,TANATEX Chemicals,https://www.ictergezocht.nl/ict-bedrijven/8198-tanatex-chemicals/
4078,Tangram,https://www.ictergezocht.nl/ict-bedrijven/6136-tangram/
4079,TANS,https://www.ictergezocht.nl/ict-bedrijven/5970-tans/
4080,TanteLouise,https://www.ictergezocht.nl/ict-bedrijven/9161-tantelouise/
4081,TASS software professionals,https://www.ictergezocht.nl/ict-bedrijven/196-tass-software-professionals/
4082,Taxitronic,https://www.ictergezocht.nl/ict-bedrijven/5079-taxitronic/
4083,TBV Wonen,https://www.ictergezocht.nl/ict-bedrijven/5890-tbv-wonen/
4084,TCN Property Projects,https://www.ictergezocht.nl/ict-bedrijven/4216-tcn-property-projects/
4085,Tconsult,https://www.ictergezocht.nl/ict-bedrijven/10411-tconsult/
4086,TCR,https://www.ictergezocht.nl/ict-bedrijven/10555-tcr/
4087,TDC,https://www.ictergezocht.nl/ict-bedrijven/3793-tdc/
4088,TE Instruments,https://www.ictergezocht.nl/ict-bedrijven/7816-te-instruments/
4089,Team ITG,https://www.ictergezocht.nl/ict-bedrijven/9862-team-itg/
4090,Team Loyalty,https://www.ictergezocht.nl/ict-bedrijven/7820-team-loyalty/
4091,TeamLogic IT Nederland,https://www.ictergezocht.nl/ict-bedrijven/5037-teamlogic-it-nederland/
4092,TeamValue,https://www.ictergezocht.nl/ict-bedrijven/10006-teamvalue/
4093,Tech Bakery,https://www.ictergezocht.nl/ict-bedrijven/5723-tech-bakery/
4094,Technetix,https://www.ictergezocht.nl/ict-bedrijven/7590-technetix/
4095,Technica Groep,https://www.ictergezocht.nl/ict-bedrijven/9401-technica-groep/
4096,Technical Staffing,https://www.ictergezocht.nl/ict-bedrijven/5590-technical-staffing/
4097,Technico Automatisering,https://www.ictergezocht.nl/ict-bedrijven/4705-technico-automatisering/
4098,TechnICT,https://www.ictergezocht.nl/ict-bedrijven/5812-technict/
4099,Technidata Benelux,https://www.ictergezocht.nl/ict-bedrijven/9252-technidata-benelux/
4100,Techniek Werkt Beter (TWB),https://www.ictergezocht.nl/ict-bedrijven/5820-techniek-werkt-beter-twb/
4101,Technisch Bureau Bouwnijverheid,https://www.ictergezocht.nl/ict-bedrijven/7759-technisch-bureau-bouwnijverheid/
4102,Technisch Handelsbureau Rensa,https://www.ictergezocht.nl/ict-bedrijven/5318-technisch-handelsbureau-rensa/
4103,Technische Handelsonderneming Nederland,https://www.ictergezocht.nl/ict-bedrijven/4845-technische-handelsonderneming-nederland/
4104,Technoberg,https://www.ictergezocht.nl/ict-bedrijven/10657-technoberg/
4105,Technofarm,https://www.ictergezocht.nl/ict-bedrijven/3553-technofarm/
4106,TechStaffNetwork.com,https://www.ictergezocht.nl/ict-bedrijven/9314-techstaffnetworkcom/
4107,Techwave Consulting,https://www.ictergezocht.nl/ict-bedrijven/8492-techwave-consulting/
4108,TECONOMY,https://www.ictergezocht.nl/ict-bedrijven/4665-teconomy/
4109,Tecton,https://www.ictergezocht.nl/ict-bedrijven/1273-tecton/
4110,Teelen,https://www.ictergezocht.nl/ict-bedrijven/10649-teelen/
4111,Teglin,https://www.ictergezocht.nl/ict-bedrijven/629-teglin/
4112,Teijin Aramid,https://www.ictergezocht.nl/ict-bedrijven/9275-teijin-aramid/
4113,Teksystems,https://www.ictergezocht.nl/ict-bedrijven/288-teksystems/
4114,Teleperformance,https://www.ictergezocht.nl/ict-bedrijven/5888-teleperformance/
4115,Teleservice Nederland,https://www.ictergezocht.nl/ict-bedrijven/10301-teleservice-nederland/
4116,Telforce,https://www.ictergezocht.nl/ict-bedrijven/9417-telforce/
4117,Tellus,https://www.ictergezocht.nl/ict-bedrijven/556-tellus/
4118,TelServ,https://www.ictergezocht.nl/ict-bedrijven/5554-telserv/
4119,Tembogroup,https://www.ictergezocht.nl/ict-bedrijven/8817-tembogroup/
4120,Tempo Team IT Professionals,https://www.ictergezocht.nl/ict-bedrijven/74-tempo-team-it-professionals/
4121,TempPro,https://www.ictergezocht.nl/ict-bedrijven/858-temppro/
4122,Ten Brinke Group,https://www.ictergezocht.nl/ict-bedrijven/8011-ten-brinke-group/
4123,Ten Solutions,https://www.ictergezocht.nl/ict-bedrijven/960-ten-solutions/
4124,TendenZ,https://www.ictergezocht.nl/ict-bedrijven/10456-tendenz/
4125,TenneT,https://www.ictergezocht.nl/ict-bedrijven/9572-tennet/
4126,Tepucom,https://www.ictergezocht.nl/ict-bedrijven/4569-tepucom/
4127,Teradata Division,https://www.ictergezocht.nl/ict-bedrijven/544-teradata-division/
4128,Terona,https://www.ictergezocht.nl/ict-bedrijven/1623-terona/
4129,Terrazur - Covide,https://www.ictergezocht.nl/ict-bedrijven/228-terrazur-covide/
4130,terStal Familemode,https://www.ictergezocht.nl/ict-bedrijven/9959-terstal-familemode/
4131,Test Systems Nederland,https://www.ictergezocht.nl/ict-bedrijven/1189-test-systems-nederland/
4132,TestMonitor,https://www.ictergezocht.nl/ict-bedrijven/9433-testmonitor/
4133,Testpeople,https://www.ictergezocht.nl/ict-bedrijven/5688-testpeople/
4134,Texemus,https://www.ictergezocht.nl/ict-bedrijven/4028-texemus/
4135,Textcetera,https://www.ictergezocht.nl/ict-bedrijven/1154-textcetera/
4136,Textmetrics,https://www.ictergezocht.nl/ict-bedrijven/9593-textmetrics/
4137,TFC Professionals & Executives,https://www.ictergezocht.nl/ict-bedrijven/8202-tfc-professionals-executives/
4138,TFM Media Ltd.,https://www.ictergezocht.nl/ict-bedrijven/4313-tfm-media-ltd/
4139,Th. Vergeer en Zonen,https://www.ictergezocht.nl/ict-bedrijven/5217-th-vergeer-en-zonen/
4140,That Work-S,https://www.ictergezocht.nl/ict-bedrijven/10152-that-work-s/
4141,The APP Group,https://www.ictergezocht.nl/ict-bedrijven/5120-the-app-group/
4142,The British School in the Netherlands,https://www.ictergezocht.nl/ict-bedrijven/10828-the-british-school-in-the-netherlands/
4143,The British School in The Netherlands,https://www.ictergezocht.nl/ict-bedrijven/9727-the-british-school-in-the-netherlands/
4144,The Clutch Recruiter,https://www.ictergezocht.nl/ict-bedrijven/10203-the-clutch-recruiter/
4145,The Competence Group,https://www.ictergezocht.nl/ict-bedrijven/868-the-competence-group/
4146,The Cre8ion.Lab,https://www.ictergezocht.nl/ict-bedrijven/7632-the-cre8ionlab/
4147,The Grapevine,https://www.ictergezocht.nl/ict-bedrijven/5652-the-grapevine/
4148,The House of Appril,https://www.ictergezocht.nl/ict-bedrijven/9636-the-house-of-appril/
4149,The iAdvise group,https://www.ictergezocht.nl/ict-bedrijven/7901-the-iadvise-group/
4150,The Implementation Group,https://www.ictergezocht.nl/ict-bedrijven/9895-the-implementation-group/
4151,The Interim House,https://www.ictergezocht.nl/ict-bedrijven/291-the-interim-house/
4152,The Key To Life,https://www.ictergezocht.nl/ict-bedrijven/10654-the-key-to-life/
4153,The Music Marketeers,https://www.ictergezocht.nl/ict-bedrijven/4939-the-music-marketeers/
4154,The Network Company,https://www.ictergezocht.nl/ict-bedrijven/5073-the-network-company/
4155,The New Wave IT,https://www.ictergezocht.nl/ict-bedrijven/10661-the-new-wave-it/
4156,The People Company,https://www.ictergezocht.nl/ict-bedrijven/5435-the-people-company/
4157,The People Company,https://www.ictergezocht.nl/ict-bedrijven/75-the-people-company/
4158,The People Group,https://www.ictergezocht.nl/ict-bedrijven/10624-the-people-group/
4159,The Search Company,https://www.ictergezocht.nl/ict-bedrijven/7922-the-search-company/
4160,The Solutionz Group,https://www.ictergezocht.nl/ict-bedrijven/6186-the-solutionz-group/
4161,The Sting,https://www.ictergezocht.nl/ict-bedrijven/4598-the-sting/
4162,The Talent Recruiters,https://www.ictergezocht.nl/ict-bedrijven/8194-the-talent-recruiters/
4163,The Ticket Enterprise,https://www.ictergezocht.nl/ict-bedrijven/3248-the-ticket-enterprise/
4164,The Tomorrow Group,https://www.ictergezocht.nl/ict-bedrijven/4308-the-tomorrow-group/
4165,The Triple A Company,https://www.ictergezocht.nl/ict-bedrijven/6116-the-triple-a-company/
4166,The Valley,https://www.ictergezocht.nl/ict-bedrijven/7650-the-valley/
4167,The Warranty Group Europe,https://www.ictergezocht.nl/ict-bedrijven/4054-the-warranty-group-europe/
4168,Thebe Thuiszorg West-Brabant,https://www.ictergezocht.nl/ict-bedrijven/5506-thebe-thuiszorg-west-brabant/
4169,Themasoft,https://www.ictergezocht.nl/ict-bedrijven/4891-themasoft/
4170,TheNextGuru,https://www.ictergezocht.nl/ict-bedrijven/10409-thenextguru/
4171,Theo Pouw,https://www.ictergezocht.nl/ict-bedrijven/9228-theo-pouw/
4172,Thermopatch Int.,https://www.ictergezocht.nl/ict-bedrijven/10030-thermopatch-int/
4173,Thesio ICT Group,https://www.ictergezocht.nl/ict-bedrijven/5027-thesio-ict-group/
4174,TheSocialMedwork,https://www.ictergezocht.nl/ict-bedrijven/6189-thesocialmedwork/
4175,ThiemeMeulenhoff,https://www.ictergezocht.nl/ict-bedrijven/10184-thiememeulenhoff/
4176,Thinco,https://www.ictergezocht.nl/ict-bedrijven/178-thinco/
4177,ThinkFresh,https://www.ictergezocht.nl/ict-bedrijven/5981-thinkfresh/
4178,Thinkwise,https://www.ictergezocht.nl/ict-bedrijven/9126-thinkwise/
4179,Thinkwise Software,https://www.ictergezocht.nl/ict-bedrijven/10857-thinkwise-software/
4180,This is Development,https://www.ictergezocht.nl/ict-bedrijven/9408-this-is-development/
4181,This is Support,https://www.ictergezocht.nl/ict-bedrijven/9800-this-is-support/
4182,Three Ships enterprises,https://www.ictergezocht.nl/ict-bedrijven/6223-three-ships-enterprises/
4183,Thuisvester,https://www.ictergezocht.nl/ict-bedrijven/4148-thuisvester/
4184,Thunnissen Groep,https://www.ictergezocht.nl/ict-bedrijven/8375-thunnissen-groep/
4185,Ticket Team,https://www.ictergezocht.nl/ict-bedrijven/5089-ticket-team/
4186,Ticketmatic,https://www.ictergezocht.nl/ict-bedrijven/5014-ticketmatic/
4187,Ticketworks,https://www.ictergezocht.nl/ict-bedrijven/10028-ticketworks/
4188,TIE Kinetix,https://www.ictergezocht.nl/ict-bedrijven/4879-tie-kinetix/
4189,TIGIT,https://www.ictergezocht.nl/ict-bedrijven/4704-tigit/
4190,Tilburg University,https://www.ictergezocht.nl/ict-bedrijven/10575-tilburg-university/
4191,Tilburg University,https://www.ictergezocht.nl/ict-bedrijven/10626-tilburg-university/
4192,TimeChimp,https://www.ictergezocht.nl/ict-bedrijven/7968-timechimp/
4193,Timeline Consulting,https://www.ictergezocht.nl/ict-bedrijven/10343-timeline-consulting/
4194,TinTel,https://www.ictergezocht.nl/ict-bedrijven/408-tintel/
4195,Tinx-IT,https://www.ictergezocht.nl/ict-bedrijven/8589-tinx-it/
4196,Tio,https://www.ictergezocht.nl/ict-bedrijven/8524-tio/
4197,Tipcon IT Solutions,https://www.ictergezocht.nl/ict-bedrijven/10206-tipcon-it-solutions/
4198,Tirato Creatives,https://www.ictergezocht.nl/ict-bedrijven/1053-tirato-creatives/
4199,Tisebo,https://www.ictergezocht.nl/ict-bedrijven/616-tisebo/
4200,TivoliVredenburg,https://www.ictergezocht.nl/ict-bedrijven/10588-tivolivredenburg/
4201,Tiwos,https://www.ictergezocht.nl/ict-bedrijven/8412-tiwos/
4202,Tizio,https://www.ictergezocht.nl/ict-bedrijven/449-tizio/
4203,TJELP,https://www.ictergezocht.nl/ict-bedrijven/4421-tjelp/
4204,TJIP,https://www.ictergezocht.nl/ict-bedrijven/2552-tjip/
4205,TM Recruitment,https://www.ictergezocht.nl/ict-bedrijven/5555-tm-recruitment/
4206,TMI,https://www.ictergezocht.nl/ict-bedrijven/9903-tmi/
4207,TMO Fashion Business School,https://www.ictergezocht.nl/ict-bedrijven/9522-tmo-fashion-business-school/
4208,TMO Fashion Business School,https://www.ictergezocht.nl/ict-bedrijven/9065-tmo-fashion-business-school/
4209,Tn2Tr Solutions,https://www.ictergezocht.nl/ict-bedrijven/9515-tn2tr-solutions/
4210,Tnl Business,https://www.ictergezocht.nl/ict-bedrijven/8229-tnl-business/
4211,To70,https://www.ictergezocht.nl/ict-bedrijven/10118-to70/
4212,TODION,https://www.ictergezocht.nl/ict-bedrijven/2661-todion/
4213,Tonit Afrekensystemen,https://www.ictergezocht.nl/ict-bedrijven/6196-tonit-afrekensystemen/
4214,Tonit Afrekensystemen,https://www.ictergezocht.nl/ict-bedrijven/9976-tonit-afrekensystemen/
4215,Tools4ever,https://www.ictergezocht.nl/ict-bedrijven/4989-tools4ever/
4216,Top 10 Positie,https://www.ictergezocht.nl/ict-bedrijven/3263-top-10-positie/
4217,Topaz,https://www.ictergezocht.nl/ict-bedrijven/9203-topaz/
4218,Topbrands Europe,https://www.ictergezocht.nl/ict-bedrijven/10610-topbrands-europe/
4219,TOPdesk,https://www.ictergezocht.nl/ict-bedrijven/5686-topdesk/
4220,TOPdesk,https://www.ictergezocht.nl/ict-bedrijven/10335-topdesk/
4221,TOPdesk Nederland,https://www.ictergezocht.nl/ict-bedrijven/9148-topdesk-nederland/
4222,TopHeadHunting,https://www.ictergezocht.nl/ict-bedrijven/10585-topheadhunting/
4223,Topicus,https://www.ictergezocht.nl/ict-bedrijven/4134-topicus/
4224,Topicus EuroPort,https://www.ictergezocht.nl/ict-bedrijven/6137-topicus-europort/
4225,Topicus Finan,https://www.ictergezocht.nl/ict-bedrijven/4403-topicus-finan/
4226,TopMondzorg,https://www.ictergezocht.nl/ict-bedrijven/8096-topmondzorg/
4227,TopParken Holding,https://www.ictergezocht.nl/ict-bedrijven/10110-topparken-holding/
4228,Topt,https://www.ictergezocht.nl/ict-bedrijven/5221-topt/
4229,Topwind Consultancy,https://www.ictergezocht.nl/ict-bedrijven/9729-topwind-consultancy/
4230,Topwind Consultancy,https://www.ictergezocht.nl/ict-bedrijven/10525-topwind-consultancy/
4231,TopX,https://www.ictergezocht.nl/ict-bedrijven/10885-topx/
4232,Tortus,https://www.ictergezocht.nl/ict-bedrijven/453-tortus/
4233,Tosch Automatisering & Security,https://www.ictergezocht.nl/ict-bedrijven/8931-tosch-automatisering-security/
4234,Tosec,https://www.ictergezocht.nl/ict-bedrijven/9743-tosec/
4235,Total Internet Group,https://www.ictergezocht.nl/ict-bedrijven/883-total-internet-group/
4236,Total IT Global,https://www.ictergezocht.nl/ict-bedrijven/9530-total-it-global/
4237,Total Support,https://www.ictergezocht.nl/ict-bedrijven/853-total-support/
4238,Total Support,https://www.ictergezocht.nl/ict-bedrijven/2283-total-support/
4239,TOTEM Executive Search,https://www.ictergezocht.nl/ict-bedrijven/917-totem-executive-search/
4240,TouchTribe,https://www.ictergezocht.nl/ict-bedrijven/5607-touchtribe/
4241,Tover,https://www.ictergezocht.nl/ict-bedrijven/10480-tover/
4242,TrackJack Europe,https://www.ictergezocht.nl/ict-bedrijven/10151-trackjack-europe/
4243,Tracks,https://www.ictergezocht.nl/ict-bedrijven/7582-tracks/
4244,Tracks Inspector,https://www.ictergezocht.nl/ict-bedrijven/5409-tracks-inspector/
4245,Traffic Builders People,https://www.ictergezocht.nl/ict-bedrijven/4188-traffic-builders-people/
4246,Trag Performance Intelligence Group,https://www.ictergezocht.nl/ict-bedrijven/4108-trag-performance-intelligence-group/
4247,Trajectum,https://www.ictergezocht.nl/ict-bedrijven/9235-trajectum/
4248,Trajectum,https://www.ictergezocht.nl/ict-bedrijven/6010-trajectum/
4249,TransIP,https://www.ictergezocht.nl/ict-bedrijven/7556-transip/
4250,Transparent Solutions,https://www.ictergezocht.nl/ict-bedrijven/8867-transparent-solutions/
4251,Transport Service Sliedrecht,https://www.ictergezocht.nl/ict-bedrijven/8257-transport-service-sliedrecht/
4252,Transus,https://www.ictergezocht.nl/ict-bedrijven/10136-transus/
4253,Travers,https://www.ictergezocht.nl/ict-bedrijven/8457-travers/
4254,Traxion,https://www.ictergezocht.nl/ict-bedrijven/5371-traxion/
4255,Treant Zorggroep,https://www.ictergezocht.nl/ict-bedrijven/6100-treant-zorggroep/
4256,Tredion,https://www.ictergezocht.nl/ict-bedrijven/10740-tredion/
4257,Tredos,https://www.ictergezocht.nl/ict-bedrijven/9460-tredos/
4258,Treehouse,https://www.ictergezocht.nl/ict-bedrijven/8287-treehouse/
4259,Tremani,https://www.ictergezocht.nl/ict-bedrijven/3520-tremani/
4260,Trend People,https://www.ictergezocht.nl/ict-bedrijven/5566-trend-people/
4261,Trengo,https://www.ictergezocht.nl/ict-bedrijven/8350-trengo/
4262,Treshold Automatisering,https://www.ictergezocht.nl/ict-bedrijven/6138-treshold-automatisering/
4263,Tribal Internet Marketing,https://www.ictergezocht.nl/ict-bedrijven/3372-tribal-internet-marketing/
4264,Tricode,https://www.ictergezocht.nl/ict-bedrijven/582-tricode/
4265,Tricode Professional Services,https://www.ictergezocht.nl/ict-bedrijven/189-tricode-professional-services/
4266,TriGlobal,https://www.ictergezocht.nl/ict-bedrijven/706-triglobal/
4267,Trigonus,https://www.ictergezocht.nl/ict-bedrijven/8336-trigonus/
4268,Trimergo,https://www.ictergezocht.nl/ict-bedrijven/8556-trimergo/
4269,Trinamics,https://www.ictergezocht.nl/ict-bedrijven/8030-trinamics/
4270,Trinseo,https://www.ictergezocht.nl/ict-bedrijven/8410-trinseo/
4271,Triodos Bank,https://www.ictergezocht.nl/ict-bedrijven/8029-triodos-bank/
4272,Triodus,https://www.ictergezocht.nl/ict-bedrijven/2450-triodus/
4273,Tripany,https://www.ictergezocht.nl/ict-bedrijven/8838-tripany/
4274,Triple Audio,https://www.ictergezocht.nl/ict-bedrijven/8542-triple-audio/
4275,Triple IT,https://www.ictergezocht.nl/ict-bedrijven/3058-triple-it/
4276,Triple Jump,https://www.ictergezocht.nl/ict-bedrijven/5348-triple-jump/
4277,Triple P Nederland,https://www.ictergezocht.nl/ict-bedrijven/8328-triple-p-nederland/
4278,Trivium Meulenbelt Zorg,https://www.ictergezocht.nl/ict-bedrijven/10486-trivium-meulenbelt-zorg/
4279,Trivium Software,https://www.ictergezocht.nl/ict-bedrijven/5754-trivium-software/
4280,TriviumMeulenbeltZorg,https://www.ictergezocht.nl/ict-bedrijven/7986-triviummeulenbeltzorg/
4281,True Solutions Werving & Selectie,https://www.ictergezocht.nl/ict-bedrijven/5583-true-solutions-werving-selectie/
4282,TrueLime,https://www.ictergezocht.nl/ict-bedrijven/9092-truelime/
4283,TSD IT,https://www.ictergezocht.nl/ict-bedrijven/9355-tsd-it/
4284,TSN Thuiszorg,https://www.ictergezocht.nl/ict-bedrijven/4539-tsn-thuiszorg/
4285,TSP Bombeeck Group,https://www.ictergezocht.nl/ict-bedrijven/9429-tsp-bombeeck-group/
4286,TTA International,https://www.ictergezocht.nl/ict-bedrijven/37-tta-international/
4287,TU DELFT,https://www.ictergezocht.nl/ict-bedrijven/10818-tu-delft/
4288,TU Delft,https://www.ictergezocht.nl/ict-bedrijven/6016-tu-delft/
4289,TUI Nederland,https://www.ictergezocht.nl/ict-bedrijven/594-tui-nederland/
4290,Tuindeco International,https://www.ictergezocht.nl/ict-bedrijven/9700-tuindeco-international/
4291,Tuinmaximaal,https://www.ictergezocht.nl/ict-bedrijven/10073-tuinmaximaal/
4292,Tuinte Support,https://www.ictergezocht.nl/ict-bedrijven/10898-tuinte-support/
4293,Tummers Food Processing Solutions,https://www.ictergezocht.nl/ict-bedrijven/9875-tummers-food-processing-solutions/
4294,TUNIX Digital Security,https://www.ictergezocht.nl/ict-bedrijven/3739-tunix-digital-security/
4295,TVAmsterdam,https://www.ictergezocht.nl/ict-bedrijven/83-tvamsterdam/
4296,TvP Automatisering,https://www.ictergezocht.nl/ict-bedrijven/6117-tvp-automatisering/
4297,TWC,https://www.ictergezocht.nl/ict-bedrijven/4463-twc/
4298,TWC automatiseringsdiensten,https://www.ictergezocht.nl/ict-bedrijven/4821-twc-automatiseringsdiensten/
4299,Tweede Kamer der Staten-Generaal,https://www.ictergezocht.nl/ict-bedrijven/9110-tweede-kamer-der-staten-generaal/
4300,Tweeweg IT,https://www.ictergezocht.nl/ict-bedrijven/5916-tweeweg-it/
4301,Twente Milieu,https://www.ictergezocht.nl/ict-bedrijven/10621-twente-milieu/
4302,Two Point Oh Limited,https://www.ictergezocht.nl/ict-bedrijven/4127-two-point-oh-limited/
4303,Two-iT,https://www.ictergezocht.nl/ict-bedrijven/10538-two-it/
4304,Twyst,https://www.ictergezocht.nl/ict-bedrijven/4568-twyst/
4305,Typify,https://www.ictergezocht.nl/ict-bedrijven/4440-typify/
4306,ICT bedrijven zoeken,https://www.ictergezocht.nl/ict-bedrijven/
4307,ICT bedrijven zoeken,https://www.ictergezocht.nl/ict-bedrijven/
4308,UBM Nederland,https://www.ictergezocht.nl/ict-bedrijven/9218-ubm-nederland/
4309,UCAAS,https://www.ictergezocht.nl/ict-bedrijven/7876-ucaas/
4310,Uit de Kunst Werving & selectie,https://www.ictergezocht.nl/ict-bedrijven/4857-uit-de-kunst-werving-selectie/
4311,Uitblinkend,https://www.ictergezocht.nl/ict-bedrijven/8454-uitblinkend/
4312,Uitgeverij Deviant,https://www.ictergezocht.nl/ict-bedrijven/3557-uitgeverij-deviant/
4313,Uitgeverij Unieboek | Het Spectrum,https://www.ictergezocht.nl/ict-bedrijven/9274-uitgeverij-unieboek-het-spectrum/
4314,Uitgeverij Zwijsen,https://www.ictergezocht.nl/ict-bedrijven/4906-uitgeverij-zwijsen/
4315,Uitzendbureau IJsselmonde,https://www.ictergezocht.nl/ict-bedrijven/5182-uitzendbureau-ijsselmonde/
4316,Uitzendkoning,https://www.ictergezocht.nl/ict-bedrijven/10376-uitzendkoning/
4317,Uitzendtalent,https://www.ictergezocht.nl/ict-bedrijven/2657-uitzendtalent/
4318,Ultimum,https://www.ictergezocht.nl/ict-bedrijven/6015-ultimum/
4319,Ultimum,https://www.ictergezocht.nl/ict-bedrijven/10379-ultimum/
4320,Ultra Fulfilment,https://www.ictergezocht.nl/ict-bedrijven/9808-ultra-fulfilment/
4321,UMC Utrecht,https://www.ictergezocht.nl/ict-bedrijven/10383-umc-utrecht/
4322,UMC Utrecht,https://www.ictergezocht.nl/ict-bedrijven/5792-umc-utrecht/
4323,Unacle,https://www.ictergezocht.nl/ict-bedrijven/4033-unacle/
4324,UnaValley,https://www.ictergezocht.nl/ict-bedrijven/3881-unavalley/
4325,Unbound XR,https://www.ictergezocht.nl/ict-bedrijven/4818-unbound-xr/
4326,UNC group,https://www.ictergezocht.nl/ict-bedrijven/3105-unc-group/
4327,UNET,https://www.ictergezocht.nl/ict-bedrijven/618-unet/
4328,Unex IT,https://www.ictergezocht.nl/ict-bedrijven/4754-unex-it/
4329,Unexus,https://www.ictergezocht.nl/ict-bedrijven/10544-unexus/
4330,Unexus,https://www.ictergezocht.nl/ict-bedrijven/10201-unexus/
4331,Unibouw,https://www.ictergezocht.nl/ict-bedrijven/10419-unibouw/
4332,Unica ICT Solutions,https://www.ictergezocht.nl/ict-bedrijven/7557-unica-ict-solutions/
4333,Unicef Nederland,https://www.ictergezocht.nl/ict-bedrijven/8529-unicef-nederland/
4334,Unified,https://www.ictergezocht.nl/ict-bedrijven/9752-unified/
4335,UNIFORM-Agri,https://www.ictergezocht.nl/ict-bedrijven/10914-uniform-agri/
4336,Unimecs,https://www.ictergezocht.nl/ict-bedrijven/7981-unimecs/
4337,Unirobe Meeus Groep,https://www.ictergezocht.nl/ict-bedrijven/5612-unirobe-meeus-groep/
4338,Unisys Nederland,https://www.ictergezocht.nl/ict-bedrijven/5514-unisys-nederland/
4339,Unit 1 ICT,https://www.ictergezocht.nl/ict-bedrijven/5133-unit-1-ict/
4340,Unit4agresso,https://www.ictergezocht.nl/ict-bedrijven/43-unit4agresso/
4341,United Academics,https://www.ictergezocht.nl/ict-bedrijven/4097-united-academics/
4342,United Retail,https://www.ictergezocht.nl/ict-bedrijven/9108-united-retail/
4343,UnitIT Solutions,https://www.ictergezocht.nl/ict-bedrijven/10727-unitit-solutions/
4344,UniTrust,https://www.ictergezocht.nl/ict-bedrijven/2521-unitrust/
4345,Unive-VGZ-IZA-Trias,https://www.ictergezocht.nl/ict-bedrijven/2404-unive-vgz-iza-trias/
4346,Universiteit Leiden,https://www.ictergezocht.nl/ict-bedrijven/5215-universiteit-leiden/
4347,"Universiteit Twente, faculteit TNW, leerstoel COPS",https://www.ictergezocht.nl/ict-bedrijven/9462-universiteit-twente-faculteit-tnw-leerstoel-cops/
4348,Universiteit Utrecht,https://www.ictergezocht.nl/ict-bedrijven/5755-universiteit-utrecht/
4349,Universiteit van Amsterdam,https://www.ictergezocht.nl/ict-bedrijven/9754-universiteit-van-amsterdam/
4350,Uniware Computer Systems,https://www.ictergezocht.nl/ict-bedrijven/8072-uniware-computer-systems/
4351,Unlimited Footwear Group,https://www.ictergezocht.nl/ict-bedrijven/9180-unlimited-footwear-group/
4352,Unlimited footweargroup,https://www.ictergezocht.nl/ict-bedrijven/9388-unlimited-footweargroup/
4353,UNO Automatiseringdiensten,https://www.ictergezocht.nl/ict-bedrijven/10554-uno-automatiseringdiensten/
4354,Unovica,https://www.ictergezocht.nl/ict-bedrijven/8519-unovica/
4355,UNOY Peacebuilders,https://www.ictergezocht.nl/ict-bedrijven/724-unoy-peacebuilders/
4356,UNStudio,https://www.ictergezocht.nl/ict-bedrijven/4045-unstudio/
4357,Upsell Recruitment & Detachering,https://www.ictergezocht.nl/ict-bedrijven/5799-upsell-recruitment-detachering/
4358,Usable IT,https://www.ictergezocht.nl/ict-bedrijven/277-usable-it/
4359,Uselab,https://www.ictergezocht.nl/ict-bedrijven/5208-uselab/
4360,USF.Sport,https://www.ictergezocht.nl/ict-bedrijven/10832-usfsport/
4361,USG People / De wereld van IKKI,https://www.ictergezocht.nl/ict-bedrijven/472-usg-people-de-wereld-van-ikki/
4362,Utelisys,https://www.ictergezocht.nl/ict-bedrijven/10058-utelisys/
4363,Utilize Business Solutions,https://www.ictergezocht.nl/ict-bedrijven/125-utilize-business-solutions/
4364,Utrechts Centrum voor de Kunsten,https://www.ictergezocht.nl/ict-bedrijven/4722-utrechts-centrum-voor-de-kunsten/
4365,UW-S,https://www.ictergezocht.nl/ict-bedrijven/9185-uw-s/
4366,UWS,https://www.ictergezocht.nl/ict-bedrijven/8625-uws/
4367,UWV,https://www.ictergezocht.nl/ict-bedrijven/2265-uwv/
4368,Uzin Utz,https://www.ictergezocht.nl/ict-bedrijven/10298-uzin-utz/
4369,ICT bedrijven zoeken,https://www.ictergezocht.nl/ict-bedrijven/
4370,ICT bedrijven zoeken,https://www.ictergezocht.nl/ict-bedrijven/
4371,V&VN,https://www.ictergezocht.nl/ict-bedrijven/10531-vvn/
4372,Vaartland.nl,https://www.ictergezocht.nl/ict-bedrijven/9779-vaartlandnl/
4373,Vaartland.nl,https://www.ictergezocht.nl/ict-bedrijven/10212-vaartlandnl/
4374,Vaartland.nl,https://www.ictergezocht.nl/ict-bedrijven/5606-vaartlandnl/
4375,VAC Thuistechnologie,https://www.ictergezocht.nl/ict-bedrijven/5540-vac-thuistechnologie/
4376,Vaccinatieregister,https://www.ictergezocht.nl/ict-bedrijven/5935-vaccinatieregister/
4377,Vaccinatieregister,https://www.ictergezocht.nl/ict-bedrijven/9308-vaccinatieregister/
4378,Vaerder,https://www.ictergezocht.nl/ict-bedrijven/8802-vaerder/
4379,Vaes & Linthorst executive staffing,https://www.ictergezocht.nl/ict-bedrijven/4218-vaes-linthorst-executive-staffing/
4380,VALID,https://www.ictergezocht.nl/ict-bedrijven/10762-valid/
4381,Valid,https://www.ictergezocht.nl/ict-bedrijven/8217-valid/
4382,Valid Solutions,https://www.ictergezocht.nl/ict-bedrijven/4165-valid-solutions/
4383,Valori,https://www.ictergezocht.nl/ict-bedrijven/9083-valori/
4384,Van Arkel Gerechtsdeurwaarders,https://www.ictergezocht.nl/ict-bedrijven/6127-van-arkel-gerechtsdeurwaarders/
4385,Van Breda,https://www.ictergezocht.nl/ict-bedrijven/4507-van-breda/
4386,Van Dam Datapartners,https://www.ictergezocht.nl/ict-bedrijven/10848-van-dam-datapartners/
4387,Van Dam ICT,https://www.ictergezocht.nl/ict-bedrijven/10109-van-dam-ict/
4388,van den Assem Schoenen,https://www.ictergezocht.nl/ict-bedrijven/9318-van-den-assem-schoenen/
4389,Van den Brug,https://www.ictergezocht.nl/ict-bedrijven/9979-van-den-brug/
4390,Van den Haak,https://www.ictergezocht.nl/ict-bedrijven/10520-van-den-haak/
4391,Van der Ham,https://www.ictergezocht.nl/ict-bedrijven/8720-van-der-ham/
4392,Van der Laan,https://www.ictergezocht.nl/ict-bedrijven/10262-van-der-laan/
4393,Van Der Laan,https://www.ictergezocht.nl/ict-bedrijven/8830-van-der-laan/
4394,Van der Let & Partners,https://www.ictergezocht.nl/ict-bedrijven/5375-van-der-let-partners/
4395,Van der Linden Pomptechniek,https://www.ictergezocht.nl/ict-bedrijven/6097-van-der-linden-pomptechniek/
4396,Van der Plas Flowers and Plants,https://www.ictergezocht.nl/ict-bedrijven/9971-van-der-plas-flowers-and-plants/
4397,Van der Plas Groep,https://www.ictergezocht.nl/ict-bedrijven/5844-van-der-plas-groep/
4398,Van der Windt Verpakking,https://www.ictergezocht.nl/ict-bedrijven/5784-van-der-windt-verpakking/
4399,Van Dijk Bloemen,https://www.ictergezocht.nl/ict-bedrijven/5964-van-dijk-bloemen/
4400,Van Dinther Bedrijfsautomatisering,https://www.ictergezocht.nl/ict-bedrijven/9232-van-dinther-bedrijfsautomatisering/
4401,Van Doorne,https://www.ictergezocht.nl/ict-bedrijven/4483-van-doorne/
4402,van Gemerden - ICT,https://www.ictergezocht.nl/ict-bedrijven/8138-van-gemerden-ict/
4403,Van Gennep - M.A.C.,https://www.ictergezocht.nl/ict-bedrijven/3099-van-gennep-mac/
4404,Van Hal Solutions,https://www.ictergezocht.nl/ict-bedrijven/10214-van-hal-solutions/
4405,Van Happen Containers,https://www.ictergezocht.nl/ict-bedrijven/5039-van-happen-containers/
4406,Van Holy Consulting,https://www.ictergezocht.nl/ict-bedrijven/10795-van-holy-consulting/
4407,Van Hoof IT,https://www.ictergezocht.nl/ict-bedrijven/9004-van-hoof-it/
4408,Van Houwelingen Hout,https://www.ictergezocht.nl/ict-bedrijven/5760-van-houwelingen-hout/
4409,Van Kempen IT,https://www.ictergezocht.nl/ict-bedrijven/5188-van-kempen-it/
4410,Van Leeuwen Test Systems,https://www.ictergezocht.nl/ict-bedrijven/8468-van-leeuwen-test-systems/
4411,Van Loon Best,https://www.ictergezocht.nl/ict-bedrijven/3321-van-loon-best/
4412,Van Oers Accountancy & Advies,https://www.ictergezocht.nl/ict-bedrijven/8183-van-oers-accountancy-advies/
4413,Van Oord Dredging and Marine Contractors,https://www.ictergezocht.nl/ict-bedrijven/8268-van-oord-dredging-and-marine-contractors/
4414,Van Putten Automatisering,https://www.ictergezocht.nl/ict-bedrijven/9705-van-putten-automatisering/
4415,van Rijt automatisering,https://www.ictergezocht.nl/ict-bedrijven/10478-van-rijt-automatisering/
4416,Van Tilburg Mode en Sport,https://www.ictergezocht.nl/ict-bedrijven/8868-van-tilburg-mode-en-sport/
4417,Van Vlodrop IT,https://www.ictergezocht.nl/ict-bedrijven/8246-van-vlodrop-it/
4418,Van Wanrooij Bouw & Ontwikkeling,https://www.ictergezocht.nl/ict-bedrijven/9089-van-wanrooij-bouw-ontwikkeling/
4419,Van Winkel Fashion,https://www.ictergezocht.nl/ict-bedrijven/6041-van-winkel-fashion/
4420,Van Zaal Transport,https://www.ictergezocht.nl/ict-bedrijven/9174-van-zaal-transport/
4421,Van Zanten Breeding,https://www.ictergezocht.nl/ict-bedrijven/9695-van-zanten-breeding/
4422,Vancis C&MS,https://www.ictergezocht.nl/ict-bedrijven/9340-vancis-cms/
4423,VANDERLAAN,https://www.ictergezocht.nl/ict-bedrijven/9588-vanderlaan/
4424,Vanderlande,https://www.ictergezocht.nl/ict-bedrijven/4789-vanderlande/
4425,VANESSEN ICT,https://www.ictergezocht.nl/ict-bedrijven/4979-vanessen-ict/
4426,VANG,https://www.ictergezocht.nl/ict-bedrijven/10215-vang/
4427,VAPRO,https://www.ictergezocht.nl/ict-bedrijven/5376-vapro/
4428,Vas Automatiseringsdiensten,https://www.ictergezocht.nl/ict-bedrijven/4917-vas-automatiseringsdiensten/
4429,VASCO Data Security,https://www.ictergezocht.nl/ict-bedrijven/7804-vasco-data-security/
4430,VB Groep,https://www.ictergezocht.nl/ict-bedrijven/10530-vb-groep/
4431,VB Groep,https://www.ictergezocht.nl/ict-bedrijven/10883-vb-groep/
4432,VBVB ICT,https://www.ictergezocht.nl/ict-bedrijven/8615-vbvb-ict/
4433,Vcare connect,https://www.ictergezocht.nl/ict-bedrijven/9999-vcare-connect/
4434,VCD IT Groep,https://www.ictergezocht.nl/ict-bedrijven/5739-vcd-it-groep/
4435,VCK Travel,https://www.ictergezocht.nl/ict-bedrijven/5587-vck-travel/
4436,VCSW,https://www.ictergezocht.nl/ict-bedrijven/5605-vcsw/
4437,VDB Automatisering,https://www.ictergezocht.nl/ict-bedrijven/9106-vdb-automatisering/
4438,VDLD,https://www.ictergezocht.nl/ict-bedrijven/620-vdld/
4439,Vebe Floorcoverings,https://www.ictergezocht.nl/ict-bedrijven/8533-vebe-floorcoverings/
4440,Vebe Floorcoverings,https://www.ictergezocht.nl/ict-bedrijven/7834-vebe-floorcoverings/
4441,Veerman ICT,https://www.ictergezocht.nl/ict-bedrijven/9307-veerman-ict/
4442,Veerman ICT,https://www.ictergezocht.nl/ict-bedrijven/6051-veerman-ict/
4443,Veerman ICT Services,https://www.ictergezocht.nl/ict-bedrijven/5036-veerman-ict-services/
4444,Vegro,https://www.ictergezocht.nl/ict-bedrijven/10067-vegro/
4445,Veiligheidsregio Brabant Zuidoost,https://www.ictergezocht.nl/ict-bedrijven/5280-veiligheidsregio-brabant-zuidoost/
4446,Veiligheidsregio Kennemerland,https://www.ictergezocht.nl/ict-bedrijven/9266-veiligheidsregio-kennemerland/
4447,Veiligheidsregio Kennemerland,https://www.ictergezocht.nl/ict-bedrijven/195-veiligheidsregio-kennemerland/
4448,Veiligheidsregio Midden- en West-Brabant,https://www.ictergezocht.nl/ict-bedrijven/6049-veiligheidsregio-midden-en-west-brabant/
4449,Veiligheidsregio Noord- en Oost- Gelderland,https://www.ictergezocht.nl/ict-bedrijven/4872-veiligheidsregio-noord-en-oost-gelderland/
4450,Veiligheidsregio Noord-Holland Noord,https://www.ictergezocht.nl/ict-bedrijven/8231-veiligheidsregio-noord-holland-noord/
4451,Velde,https://www.ictergezocht.nl/ict-bedrijven/4696-velde/
4452,Veldsink Groep,https://www.ictergezocht.nl/ict-bedrijven/9432-veldsink-groep/
4453,Veldwerk Uitzendbureau,https://www.ictergezocht.nl/ict-bedrijven/5547-veldwerk-uitzendbureau/
4454,Veltwerk,https://www.ictergezocht.nl/ict-bedrijven/4100-veltwerk/
4455,VelzArt Groep,https://www.ictergezocht.nl/ict-bedrijven/9477-velzart-groep/
4456,VelzArt Groep,https://www.ictergezocht.nl/ict-bedrijven/10483-velzart-groep/
4457,Vendic,https://www.ictergezocht.nl/ict-bedrijven/9965-vendic/
4458,Vendor,https://www.ictergezocht.nl/ict-bedrijven/8192-vendor/
4459,Venéco,https://www.ictergezocht.nl/ict-bedrijven/7998-veneco/
4460,Veneficus,https://www.ictergezocht.nl/ict-bedrijven/5369-veneficus/
4461,Venema Advies,https://www.ictergezocht.nl/ict-bedrijven/5168-venema-advies/
4462,Veneta.com,https://www.ictergezocht.nl/ict-bedrijven/9806-venetacom/
4463,Ventika,https://www.ictergezocht.nl/ict-bedrijven/121-ventika/
4464,Venture Group,https://www.ictergezocht.nl/ict-bedrijven/8280-venture-group/
4465,Veolia Transport Nederland,https://www.ictergezocht.nl/ict-bedrijven/4978-veolia-transport-nederland/
4466,Verbond van Verzekeraars,https://www.ictergezocht.nl/ict-bedrijven/354-verbond-van-verzekeraars/
4467,Verder Liquids,https://www.ictergezocht.nl/ict-bedrijven/8409-verder-liquids/
4468,Verenigde Apotheken Limburg,https://www.ictergezocht.nl/ict-bedrijven/2587-verenigde-apotheken-limburg/
4469,Vereniging Humanitas,https://www.ictergezocht.nl/ict-bedrijven/9526-vereniging-humanitas/
4470,Vereniging VACO,https://www.ictergezocht.nl/ict-bedrijven/8347-vereniging-vaco/
4471,Vereniging van Zorgaanbieders voor Zorgcommunicatie,https://www.ictergezocht.nl/ict-bedrijven/9254-vereniging-van-zorgaanbieders-voor-zorgcommunicatie/
4472,VerhoogICT,https://www.ictergezocht.nl/ict-bedrijven/10167-verhoogict/
4473,Veris Bouwmaterialengroep,https://www.ictergezocht.nl/ict-bedrijven/8321-veris-bouwmaterialengroep/
4474,Veris Bouwmaterialengroep,https://www.ictergezocht.nl/ict-bedrijven/9198-veris-bouwmaterialengroep/
4475,Vermaat,https://www.ictergezocht.nl/ict-bedrijven/9469-vermaat/
4476,Vermaat Servicekantoor,https://www.ictergezocht.nl/ict-bedrijven/10113-vermaat-servicekantoor/
4477,Vermeulen Groep,https://www.ictergezocht.nl/ict-bedrijven/9676-vermeulen-groep/
4478,Vertho,https://www.ictergezocht.nl/ict-bedrijven/9219-vertho/
4479,Verus,https://www.ictergezocht.nl/ict-bedrijven/8921-verus/
4480,Vervangingsfonds,https://www.ictergezocht.nl/ict-bedrijven/6193-vervangingsfonds/
4481,Vervangingsfonds/Participatiefonds,https://www.ictergezocht.nl/ict-bedrijven/10432-vervangingsfonds-participatiefonds/
4482,Verweijen ICT,https://www.ictergezocht.nl/ict-bedrijven/9513-verweijen-ict/
4483,Verzekeringssite,https://www.ictergezocht.nl/ict-bedrijven/4073-verzekeringssite/
4484,Vesting Finance,https://www.ictergezocht.nl/ict-bedrijven/8646-vesting-finance/
4485,Veuger Solutions,https://www.ictergezocht.nl/ict-bedrijven/1155-veuger-solutions/
4486,VH ict,https://www.ictergezocht.nl/ict-bedrijven/6087-vh-ict/
4487,VHD,https://www.ictergezocht.nl/ict-bedrijven/10605-vhd/
4488,VHD,https://www.ictergezocht.nl/ict-bedrijven/10722-vhd/
4489,VI Company,https://www.ictergezocht.nl/ict-bedrijven/9755-vi-company/
4490,VI Company Financials,https://www.ictergezocht.nl/ict-bedrijven/10405-vi-company-financials/
4491,via Executive Match,https://www.ictergezocht.nl/ict-bedrijven/4779-via-executive-match/
4492,Via Hinfelaar werving & selectie,https://www.ictergezocht.nl/ict-bedrijven/1751-via-hinfelaar-werving-selectie/
4493,ViaSat Netherlands,https://www.ictergezocht.nl/ict-bedrijven/9442-viasat-netherlands/
4494,Viattence,https://www.ictergezocht.nl/ict-bedrijven/5081-viattence/
4495,Vibe Academy,https://www.ictergezocht.nl/ict-bedrijven/10854-vibe-academy/
4496,Vicrea Solutions,https://www.ictergezocht.nl/ict-bedrijven/9661-vicrea-solutions/
4497,Vict Automatisering,https://www.ictergezocht.nl/ict-bedrijven/4271-vict-automatisering/
4498,Victa,https://www.ictergezocht.nl/ict-bedrijven/9621-victa/
4499,VictorMundi,https://www.ictergezocht.nl/ict-bedrijven/1163-victormundi/
4500,Vidicode,https://www.ictergezocht.nl/ict-bedrijven/5389-vidicode/
4501,VidiGo,https://www.ictergezocht.nl/ict-bedrijven/4751-vidigo/
4502,Vidomes,https://www.ictergezocht.nl/ict-bedrijven/1150-vidomes/
4503,Vidua - Cleverbase,https://www.ictergezocht.nl/ict-bedrijven/10760-vidua-cleverbase/
4504,Viecuri Medisch Centrum,https://www.ictergezocht.nl/ict-bedrijven/4562-viecuri-medisch-centrum/
4505,Vierstroom,https://www.ictergezocht.nl/ict-bedrijven/3765-vierstroom/
4506,Viewbook,https://www.ictergezocht.nl/ict-bedrijven/4224-viewbook/
4507,VIG ICT,https://www.ictergezocht.nl/ict-bedrijven/6011-vig-ict/
4508,VIG ICT,https://www.ictergezocht.nl/ict-bedrijven/8648-vig-ict/
4509,Vignet'D,https://www.ictergezocht.nl/ict-bedrijven/4862-vignetd/
4510,VIJFHART IT-OPLEIDINGEN,https://www.ictergezocht.nl/ict-bedrijven/5805-vijfhart-it-opleidingen/
4511,"Vilans, In voor Zorg",https://www.ictergezocht.nl/ict-bedrijven/2074-vilans-in-voor-zorg/
4512,Vion Food Nederland,https://www.ictergezocht.nl/ict-bedrijven/8478-vion-food-nederland/
4513,VION ICT Services,https://www.ictergezocht.nl/ict-bedrijven/1028-vion-ict-services/
4514,ViriCiti,https://www.ictergezocht.nl/ict-bedrijven/5846-viriciti/
4515,Virtical Solutions,https://www.ictergezocht.nl/ict-bedrijven/7752-virtical-solutions/
4516,Virtual Sciences Conclusion,https://www.ictergezocht.nl/ict-bedrijven/10458-virtual-sciences-conclusion/
4517,VirtuosoMedia,https://www.ictergezocht.nl/ict-bedrijven/5563-virtuosomedia/
4518,VisieDoc Informatievoorziening,https://www.ictergezocht.nl/ict-bedrijven/2033-visiedoc-informatievoorziening/
4519,Vision4it,https://www.ictergezocht.nl/ict-bedrijven/5258-vision4it/
4520,VisionWaves,https://www.ictergezocht.nl/ict-bedrijven/700-visionwaves/
4521,VisionWillow,https://www.ictergezocht.nl/ict-bedrijven/9663-visionwillow/
4522,Visitid,https://www.ictergezocht.nl/ict-bedrijven/9777-visitid/
4523,Visma PlusPort,https://www.ictergezocht.nl/ict-bedrijven/10198-visma-plusport/
4524,Visma Software,https://www.ictergezocht.nl/ict-bedrijven/6190-visma-software/
4525,Visser en Van Baars,https://www.ictergezocht.nl/ict-bedrijven/8476-visser-en-van-baars/
4526,Visser Group,https://www.ictergezocht.nl/ict-bedrijven/2656-visser-group/
4527,Visuall,https://www.ictergezocht.nl/ict-bedrijven/10334-visuall/
4528,VitalHealth Software,https://www.ictergezocht.nl/ict-bedrijven/5759-vitalhealth-software/
4529,VitalHealth Solutions,https://www.ictergezocht.nl/ict-bedrijven/5769-vitalhealth-solutions/
4530,Vitalis,https://www.ictergezocht.nl/ict-bedrijven/10800-vitalis/
4531,Vitas,https://www.ictergezocht.nl/ict-bedrijven/9028-vitas/
4532,Vitasys,https://www.ictergezocht.nl/ict-bedrijven/6200-vitasys/
4533,Vito,https://www.ictergezocht.nl/ict-bedrijven/10648-vito/
4534,Vitoz,https://www.ictergezocht.nl/ict-bedrijven/8828-vitoz/
4535,Vitree,https://www.ictergezocht.nl/ict-bedrijven/4083-vitree/
4536,ViVa! Zorggroep,https://www.ictergezocht.nl/ict-bedrijven/10036-viva-zorggroep/
4537,ViVa! Zorggroep 120000,https://www.ictergezocht.nl/ict-bedrijven/9361-viva-zorggroep-120000/
4538,Vivid Resourcing,https://www.ictergezocht.nl/ict-bedrijven/9950-vivid-resourcing/
4539,Vivium Zorggroep,https://www.ictergezocht.nl/ict-bedrijven/9204-vivium-zorggroep/
4540,VL Consultants,https://www.ictergezocht.nl/ict-bedrijven/682-vl-consultants/
4541,Vlastuin Group,https://www.ictergezocht.nl/ict-bedrijven/9586-vlastuin-group/
4542,VLF Networks,https://www.ictergezocht.nl/ict-bedrijven/979-vlf-networks/
4543,Vlint,https://www.ictergezocht.nl/ict-bedrijven/9605-vlint/
4544,VNCI,https://www.ictergezocht.nl/ict-bedrijven/9463-vnci/
4545,VNG Connect,https://www.ictergezocht.nl/ict-bedrijven/9552-vng-connect/
4546,VNU Exhibitions Europe,https://www.ictergezocht.nl/ict-bedrijven/1859-vnu-exhibitions-europe/
4547,VNU Media,https://www.ictergezocht.nl/ict-bedrijven/4338-vnu-media/
4548,Vodafone Retail,https://www.ictergezocht.nl/ict-bedrijven/5035-vodafone-retail/
4549,VodafoneZiggo,https://www.ictergezocht.nl/ict-bedrijven/8776-vodafoneziggo/
4550,Voedselbank Amsterdam,https://www.ictergezocht.nl/ict-bedrijven/8636-voedselbank-amsterdam/
4551,Voedselbanken Nederland,https://www.ictergezocht.nl/ict-bedrijven/9466-voedselbanken-nederland/
4552,voestalpine group-IT GmbH,https://www.ictergezocht.nl/ict-bedrijven/3968-voestalpine-group-it-gmbh/
4553,VoetbalTravel.nl,https://www.ictergezocht.nl/ict-bedrijven/1830-voetbaltravelnl/
4554,Vogelbescherming Nederland,https://www.ictergezocht.nl/ict-bedrijven/5911-vogelbescherming-nederland/
4555,Voice IT,https://www.ictergezocht.nl/ict-bedrijven/6018-voice-it/
4556,Voiceworks,https://www.ictergezocht.nl/ict-bedrijven/4657-voiceworks/
4557,VOICT Services,https://www.ictergezocht.nl/ict-bedrijven/3211-voict-services/
4558,Volkers,https://www.ictergezocht.nl/ict-bedrijven/8140-volkers/
4559,VolkerWessels,https://www.ictergezocht.nl/ict-bedrijven/9317-volkerwessels/
4560,Volvo Nederland,https://www.ictergezocht.nl/ict-bedrijven/4499-volvo-nederland/
4561,Vondelborgh Recruitment,https://www.ictergezocht.nl/ict-bedrijven/379-vondelborgh-recruitment/
4562,Vonq,https://www.ictergezocht.nl/ict-bedrijven/1186-vonq/
4563,Voogd & Voogd,https://www.ictergezocht.nl/ict-bedrijven/8818-voogd-voogd/
4564,Voortmangroep,https://www.ictergezocht.nl/ict-bedrijven/5956-voortmangroep/
4565,Vos Logistics,https://www.ictergezocht.nl/ict-bedrijven/10242-vos-logistics/
4566,Vostermans Ventilation,https://www.ictergezocht.nl/ict-bedrijven/9926-vostermans-ventilation/
4567,VPInstruments,https://www.ictergezocht.nl/ict-bedrijven/1059-vpinstruments/
4568,VPRO,https://www.ictergezocht.nl/ict-bedrijven/10455-vpro/
4569,Vraag het aan Tjappie,https://www.ictergezocht.nl/ict-bedrijven/10313-vraag-het-aan-tjappie/
4570,Vrest Medical,https://www.ictergezocht.nl/ict-bedrijven/2229-vrest-medical/
4571,Vreugdenhil Young Plants,https://www.ictergezocht.nl/ict-bedrijven/10132-vreugdenhil-young-plants/
4572,VrijdagOnline,https://www.ictergezocht.nl/ict-bedrijven/10697-vrijdagonline/
4573,VSM Geneesmiddelen,https://www.ictergezocht.nl/ict-bedrijven/4282-vsm-geneesmiddelen/
4574,VSO Daaf Geluk,https://www.ictergezocht.nl/ict-bedrijven/9873-vso-daaf-geluk/
4575,VTM Services,https://www.ictergezocht.nl/ict-bedrijven/10059-vtm-services/
4576,Vuursteen,https://www.ictergezocht.nl/ict-bedrijven/7794-vuursteen/
4577,Vuursteen online media,https://www.ictergezocht.nl/ict-bedrijven/2260-vuursteen-online-media/
4578,VWC Groep,https://www.ictergezocht.nl/ict-bedrijven/7779-vwc-groep/
4579,VX Company,https://www.ictergezocht.nl/ict-bedrijven/72-vx-company/
4580,VX Company IT Services,https://www.ictergezocht.nl/ict-bedrijven/6179-vx-company-it-services/
4581,VYXIT,https://www.ictergezocht.nl/ict-bedrijven/8046-vyxit/
4582,vZine,https://www.ictergezocht.nl/ict-bedrijven/17-vzine/
4583,ICT bedrijven zoeken,https://www.ictergezocht.nl/ict-bedrijven/
4584,ICT bedrijven zoeken,https://www.ictergezocht.nl/ict-bedrijven/
4585,W.T. Group,https://www.ictergezocht.nl/ict-bedrijven/10715-wt-group/
4586,W/E adviseurs,https://www.ictergezocht.nl/ict-bedrijven/5291-w-e-adviseurs/
4587,WaarbenJij.NU,https://www.ictergezocht.nl/ict-bedrijven/2067-waarbenjijnu/
4588,Waelwijk,https://www.ictergezocht.nl/ict-bedrijven/8786-waelwijk/
4589,Wageningen UR,https://www.ictergezocht.nl/ict-bedrijven/3979-wageningen-ur/
4590,"Wageningen UR, Plant Sciences Group, Business Unit Biometris",https://www.ictergezocht.nl/ict-bedrijven/1222-wageningen-ur-plant-sciences-group-business-unit-biometris/
4591,Walibi Holland,https://www.ictergezocht.nl/ict-bedrijven/5788-walibi-holland/
4592,Wallbrink Crossmedia,https://www.ictergezocht.nl/ict-bedrijven/7829-wallbrink-crossmedia/
4593,"WAME, Web and Media Design",https://www.ictergezocht.nl/ict-bedrijven/350-wame-web-and-media-design/
4594,Wanders Heutinck Horeman Associates,https://www.ictergezocht.nl/ict-bedrijven/509-wanders-heutinck-horeman-associates/
4595,Watcherenterprises,https://www.ictergezocht.nl/ict-bedrijven/5157-watcherenterprises/
4596,Waterdrinker Aalsmeer,https://www.ictergezocht.nl/ict-bedrijven/6182-waterdrinker-aalsmeer/
4597,Wattkraft GmbH & Co. KG,https://www.ictergezocht.nl/ict-bedrijven/9830-wattkraft-gmbh-co-kg/
4598,Wavebytes,https://www.ictergezocht.nl/ict-bedrijven/8640-wavebytes/
4599,Wavecall,https://www.ictergezocht.nl/ict-bedrijven/1221-wavecall/
4600,WCC Software EMEA,https://www.ictergezocht.nl/ict-bedrijven/4080-wcc-software-emea/
4601,WD6.net,https://www.ictergezocht.nl/ict-bedrijven/7971-wd6net/
4602,We Brand You.,https://www.ictergezocht.nl/ict-bedrijven/8507-we-brand-you/
4603,WE Fashion,https://www.ictergezocht.nl/ict-bedrijven/4970-we-fashion/
4604,"Weathernews Benelux, subsidary of Weathernews Inc.",https://www.ictergezocht.nl/ict-bedrijven/8927-weathernews-benelux-subsidary-of-weathernews-inc/
4605,Weave,https://www.ictergezocht.nl/ict-bedrijven/9793-weave/
4606,Web Integration,https://www.ictergezocht.nl/ict-bedrijven/5101-web-integration/
4607,Web-Company,https://www.ictergezocht.nl/ict-bedrijven/6161-web-company/
4608,Web2all,https://www.ictergezocht.nl/ict-bedrijven/4076-web2all/
4609,Web2Many,https://www.ictergezocht.nl/ict-bedrijven/135-web2many/
4610,Webavance,https://www.ictergezocht.nl/ict-bedrijven/357-webavance/
4611,Webavance,https://www.ictergezocht.nl/ict-bedrijven/4735-webavance/
4612,Webbakery,https://www.ictergezocht.nl/ict-bedrijven/8113-webbakery/
4613,Webbbasing,https://www.ictergezocht.nl/ict-bedrijven/5580-webbbasing/
4614,Webbeat,https://www.ictergezocht.nl/ict-bedrijven/584-webbeat/
4615,Webber interactief,https://www.ictergezocht.nl/ict-bedrijven/3336-webber-interactief/
4616,Webbol,https://www.ictergezocht.nl/ict-bedrijven/2995-webbol/
4617,Webbureau Safira,https://www.ictergezocht.nl/ict-bedrijven/8416-webbureau-safira/
4618,webCentral,https://www.ictergezocht.nl/ict-bedrijven/5210-webcentral/
4619,Webcolors,https://www.ictergezocht.nl/ict-bedrijven/172-webcolors/
4620,WeBe Engineering,https://www.ictergezocht.nl/ict-bedrijven/4472-webe-engineering/
4621,Webfauna,https://www.ictergezocht.nl/ict-bedrijven/807-webfauna/
4622,Webhelp Nederland,https://www.ictergezocht.nl/ict-bedrijven/5418-webhelp-nederland/
4623,Webparking,https://www.ictergezocht.nl/ict-bedrijven/8256-webparking/
4624,Webresult,https://www.ictergezocht.nl/ict-bedrijven/6092-webresult/
4625,Websdesign Internet Communicatie,https://www.ictergezocht.nl/ict-bedrijven/3573-websdesign-internet-communicatie/
4626,Webshop Plus,https://www.ictergezocht.nl/ict-bedrijven/140-webshop-plus/
4627,Websites Nederland,https://www.ictergezocht.nl/ict-bedrijven/272-websites-nederland/
4628,Webskoel,https://www.ictergezocht.nl/ict-bedrijven/948-webskoel/
4629,WEBSOLVE,https://www.ictergezocht.nl/ict-bedrijven/8815-websolve/
4630,Websolve,https://www.ictergezocht.nl/ict-bedrijven/9855-websolve/
4631,Webvanced,https://www.ictergezocht.nl/ict-bedrijven/3637-webvanced/
4632,Webvector,https://www.ictergezocht.nl/ict-bedrijven/22-webvector/
4633,Webverzorgers,https://www.ictergezocht.nl/ict-bedrijven/4084-webverzorgers/
4634,WebWare,https://www.ictergezocht.nl/ict-bedrijven/752-webware/
4635,Webwerkers,https://www.ictergezocht.nl/ict-bedrijven/557-webwerkers/
4636,WebwinkelPro,https://www.ictergezocht.nl/ict-bedrijven/696-webwinkelpro/
4637,Weevil,https://www.ictergezocht.nl/ict-bedrijven/5913-weevil/
4638,WeFact,https://www.ictergezocht.nl/ict-bedrijven/7571-wefact/
4639,weinor,https://www.ictergezocht.nl/ict-bedrijven/8569-weinor/
4640,WeKaDATA,https://www.ictergezocht.nl/ict-bedrijven/5680-wekadata/
4641,Weleda Nederland,https://www.ictergezocht.nl/ict-bedrijven/102-weleda-nederland/
4642,Well-outComm,https://www.ictergezocht.nl/ict-bedrijven/427-well-outcomm/
4643,Welvaarts Weegsystemen,https://www.ictergezocht.nl/ict-bedrijven/6095-welvaarts-weegsystemen/
4644,Wend,https://www.ictergezocht.nl/ict-bedrijven/4943-wend/
4645,Wensink Automotive,https://www.ictergezocht.nl/ict-bedrijven/10543-wensink-automotive/
4646,Wereld Natuur Fonds,https://www.ictergezocht.nl/ict-bedrijven/7944-wereld-natuur-fonds/
4647,Wereldhorloges,https://www.ictergezocht.nl/ict-bedrijven/1114-wereldhorloges/
4648,Werken bij de Overheid,https://www.ictergezocht.nl/ict-bedrijven/9549-werken-bij-de-overheid/
4649,Werken voor Nederland,https://www.ictergezocht.nl/ict-bedrijven/9550-werken-voor-nederland/
4650,Werving op Maat,https://www.ictergezocht.nl/ict-bedrijven/8400-werving-op-maat/
4651,Wervingsbureau Zoetermeer,https://www.ictergezocht.nl/ict-bedrijven/123-wervingsbureau-zoetermeer/
4652,WeSeeDo,https://www.ictergezocht.nl/ict-bedrijven/10916-weseedo/
4653,Weserve,https://www.ictergezocht.nl/ict-bedrijven/9699-weserve/
4654,West 8 urban design & landscape architecture,https://www.ictergezocht.nl/ict-bedrijven/9187-west-8-urban-design-landscape-architecture/
4655,Wezz Interactive,https://www.ictergezocht.nl/ict-bedrijven/232-wezz-interactive/
4656,WGV Zorg en Welzijn,https://www.ictergezocht.nl/ict-bedrijven/5115-wgv-zorg-en-welzijn/
4657,Wheldon Technologies,https://www.ictergezocht.nl/ict-bedrijven/839-wheldon-technologies/
4658,White Lioness technologies,https://www.ictergezocht.nl/ict-bedrijven/5834-white-lioness-technologies/
4659,WHITE new media architects,https://www.ictergezocht.nl/ict-bedrijven/216-white-new-media-architects/
4660,Whitehorses,https://www.ictergezocht.nl/ict-bedrijven/4066-whitehorses/
4661,Whitevision,https://www.ictergezocht.nl/ict-bedrijven/9787-whitevision/
4662,Whoopaa,https://www.ictergezocht.nl/ict-bedrijven/4910-whoopaa/
4663,Wial,https://www.ictergezocht.nl/ict-bedrijven/8102-wial/
4664,Wifac,https://www.ictergezocht.nl/ict-bedrijven/3375-wifac/
4665,Wijnhoff & Van Gulpen & Larsen,https://www.ictergezocht.nl/ict-bedrijven/5092-wijnhoff-van-gulpen-larsen/
4666,Wijnhoff & Van Gulpen & Larsen,https://www.ictergezocht.nl/ict-bedrijven/4347-wijnhoff-van-gulpen-larsen/
4667,Wildflowers,https://www.ictergezocht.nl/ict-bedrijven/10628-wildflowers/
4668,Wilhelmina Ziekenhuis Assen,https://www.ictergezocht.nl/ict-bedrijven/8795-wilhelmina-ziekenhuis-assen/
4669,Wilhelmina Ziekenhuis Assen,https://www.ictergezocht.nl/ict-bedrijven/10596-wilhelmina-ziekenhuis-assen/
4670,William Schrikker Groep,https://www.ictergezocht.nl/ict-bedrijven/3816-william-schrikker-groep/
4671,Wiltec,https://www.ictergezocht.nl/ict-bedrijven/9173-wiltec/
4672,WiNC Solutions,https://www.ictergezocht.nl/ict-bedrijven/8405-winc-solutions/
4673,Winterbanden.nl & VelgenShop.nl (Innoting),https://www.ictergezocht.nl/ict-bedrijven/4201-winterbandennl-velgenshopnl-innoting/
4674,Winvision,https://www.ictergezocht.nl/ict-bedrijven/4889-winvision/
4675,Winvision,https://www.ictergezocht.nl/ict-bedrijven/10452-winvision/
4676,Wireless Logic Benelux.,https://www.ictergezocht.nl/ict-bedrijven/10174-wireless-logic-benelux/
4677,Wiseguys Solutions,https://www.ictergezocht.nl/ict-bedrijven/5991-wiseguys-solutions/
4678,WizBizz Webwinkels,https://www.ictergezocht.nl/ict-bedrijven/167-wizbizz-webwinkels/
4679,WMOMO / My-Link Design,https://www.ictergezocht.nl/ict-bedrijven/9461-wmomo-my-link-design/
4680,WN-media,https://www.ictergezocht.nl/ict-bedrijven/4525-wn-media/
4681,Woger Trading,https://www.ictergezocht.nl/ict-bedrijven/857-woger-trading/
4682,Wolter & Dros,https://www.ictergezocht.nl/ict-bedrijven/5174-wolter-dros/
4683,Wolters Kluwer,https://www.ictergezocht.nl/ict-bedrijven/9885-wolters-kluwer/
4684,Wolters Kluwer,https://www.ictergezocht.nl/ict-bedrijven/10417-wolters-kluwer/
4685,WonenBreburg,https://www.ictergezocht.nl/ict-bedrijven/5544-wonenbreburg/
4686,WoningNet,https://www.ictergezocht.nl/ict-bedrijven/9986-woningnet/
4687,WoningNet,https://www.ictergezocht.nl/ict-bedrijven/5265-woningnet/
4688,Woningstichting Leusden,https://www.ictergezocht.nl/ict-bedrijven/5333-woningstichting-leusden/
4689,Woningstichting Wageningen,https://www.ictergezocht.nl/ict-bedrijven/5883-woningstichting-wageningen/
4690,Wonion,https://www.ictergezocht.nl/ict-bedrijven/9091-wonion/
4691,WoodWIng Software,https://www.ictergezocht.nl/ict-bedrijven/9597-woodwing-software/
4692,Woongroen,https://www.ictergezocht.nl/ict-bedrijven/10918-woongroen/
4693,Woonkracht10,https://www.ictergezocht.nl/ict-bedrijven/10412-woonkracht10/
4694,Woonplus Schiedam,https://www.ictergezocht.nl/ict-bedrijven/10178-woonplus-schiedam/
4695,Woonzorg Nederland,https://www.ictergezocht.nl/ict-bedrijven/9414-woonzorg-nederland/
4696,Woonzorggroep Samen,https://www.ictergezocht.nl/ict-bedrijven/5263-woonzorggroep-samen/
4697,Work IT Professionals,https://www.ictergezocht.nl/ict-bedrijven/9878-work-it-professionals/
4698,Working Spirit ICT,https://www.ictergezocht.nl/ict-bedrijven/5525-working-spirit-ict/
4699,Working Spirit ICT,https://www.ictergezocht.nl/ict-bedrijven/7924-working-spirit-ict/
4700,Working Talent,https://www.ictergezocht.nl/ict-bedrijven/8537-working-talent/
4701,Workspace 365,https://www.ictergezocht.nl/ict-bedrijven/8555-workspace-365/
4702,Workx Materieelverhuur,https://www.ictergezocht.nl/ict-bedrijven/5363-workx-materieelverhuur/
4703,World Animal Protection,https://www.ictergezocht.nl/ict-bedrijven/7641-world-animal-protection/
4704,World of Content,https://www.ictergezocht.nl/ict-bedrijven/10041-world-of-content/
4705,Worth It Systems,https://www.ictergezocht.nl/ict-bedrijven/9981-worth-it-systems/
4706,WowDeal,https://www.ictergezocht.nl/ict-bedrijven/4733-wowdeal/
4707,WR,https://www.ictergezocht.nl/ict-bedrijven/9336-wr/
4708,WSB Solutions,https://www.ictergezocht.nl/ict-bedrijven/10121-wsb-solutions/
4709,WSB Solutions,https://www.ictergezocht.nl/ict-bedrijven/4555-wsb-solutions/
4710,WTS Detachering,https://www.ictergezocht.nl/ict-bedrijven/9230-wts-detachering/
4711,WunderWorks,https://www.ictergezocht.nl/ict-bedrijven/333-wunderworks/
4712,WWAV,https://www.ictergezocht.nl/ict-bedrijven/200-wwav/
4713,www.polteq.com,https://www.ictergezocht.nl/ict-bedrijven/9693-wwwpolteqcom/
4714,WZC IJsselheem,https://www.ictergezocht.nl/ict-bedrijven/7967-wzc-ijsselheem/
4715,ICT bedrijven zoeken,https://www.ictergezocht.nl/ict-bedrijven/
4716,ICT bedrijven zoeken,https://www.ictergezocht.nl/ict-bedrijven/
4717,Xafax ICT,https://www.ictergezocht.nl/ict-bedrijven/8966-xafax-ict/
4718,Xafax Nederland,https://www.ictergezocht.nl/ict-bedrijven/10737-xafax-nederland/
4719,Xantion,https://www.ictergezocht.nl/ict-bedrijven/5823-xantion/
4720,Xaris ICT,https://www.ictergezocht.nl/ict-bedrijven/10670-xaris-ict/
4721,XCES,https://www.ictergezocht.nl/ict-bedrijven/7994-xces/
4722,XD Connects,https://www.ictergezocht.nl/ict-bedrijven/10569-xd-connects/
4723,XDEV,https://www.ictergezocht.nl/ict-bedrijven/607-xdev/
4724,Xerox,https://www.ictergezocht.nl/ict-bedrijven/4645-xerox/
4725,Xillio,https://www.ictergezocht.nl/ict-bedrijven/5405-xillio/
4726,Xilloc Medical,https://www.ictergezocht.nl/ict-bedrijven/8211-xilloc-medical/
4727,Xim Systems,https://www.ictergezocht.nl/ict-bedrijven/5992-xim-systems/
4728,Xindao,https://www.ictergezocht.nl/ict-bedrijven/5626-xindao/
4729,XINNO,https://www.ictergezocht.nl/ict-bedrijven/8071-xinno/
4730,XIPIO,https://www.ictergezocht.nl/ict-bedrijven/8141-xipio/
4731,Xlab Cloud Services,https://www.ictergezocht.nl/ict-bedrijven/10362-xlab-cloud-services/
4732,Xlence,https://www.ictergezocht.nl/ict-bedrijven/460-xlence/
4733,XLence Companies,https://www.ictergezocht.nl/ict-bedrijven/5513-xlence-companies/
4734,XOIP,https://www.ictergezocht.nl/ict-bedrijven/5276-xoip/
4735,Xolphin,https://www.ictergezocht.nl/ict-bedrijven/8719-xolphin/
4736,Xpertise-ict,https://www.ictergezocht.nl/ict-bedrijven/399-xpertise-ict/
4737,Xpletus,https://www.ictergezocht.nl/ict-bedrijven/5519-xpletus/
4738,Xplicare,https://www.ictergezocht.nl/ict-bedrijven/2084-xplicare/
4739,XpressionLabs,https://www.ictergezocht.nl/ict-bedrijven/5786-xpressionlabs/
4740,XpressionLabs,https://www.ictergezocht.nl/ict-bedrijven/10909-xpressionlabs/
4741,XSARUS E-development & Consulting,https://www.ictergezocht.nl/ict-bedrijven/5206-xsarus-e-development-consulting/
4742,XSservice,https://www.ictergezocht.nl/ict-bedrijven/4807-xsservice/
4743,Xtra Active Advertising,https://www.ictergezocht.nl/ict-bedrijven/3551-xtra-active-advertising/
4744,XTRN-GROUP,https://www.ictergezocht.nl/ict-bedrijven/6052-xtrn-group/
4745,Xzisu,https://www.ictergezocht.nl/ict-bedrijven/4524-xzisu/
4746,ICT bedrijven zoeken,https://www.ictergezocht.nl/ict-bedrijven/
4747,ICT bedrijven zoeken,https://www.ictergezocht.nl/ict-bedrijven/
4748,YACHT,https://www.ictergezocht.nl/ict-bedrijven/9303-yacht/
4749,Yaguti Systems,https://www.ictergezocht.nl/ict-bedrijven/8905-yaguti-systems/
4750,Yanmar Europe,https://www.ictergezocht.nl/ict-bedrijven/9801-yanmar-europe/
4751,Yello IT,https://www.ictergezocht.nl/ict-bedrijven/8799-yello-it/
4752,Yellow Lemon Tree,https://www.ictergezocht.nl/ict-bedrijven/5693-yellow-lemon-tree/
4753,Yellowmind,https://www.ictergezocht.nl/ict-bedrijven/7657-yellowmind/
4754,Yellowtail,https://www.ictergezocht.nl/ict-bedrijven/6069-yellowtail/
4755,YER,https://www.ictergezocht.nl/ict-bedrijven/5902-yer/
4756,YipYip,https://www.ictergezocht.nl/ict-bedrijven/8947-yipyip/
4757,Ymere,https://www.ictergezocht.nl/ict-bedrijven/10539-ymere/
4758,yndenz,https://www.ictergezocht.nl/ict-bedrijven/8199-yndenz/
4759,Yoob,https://www.ictergezocht.nl/ict-bedrijven/3015-yoob/
4760,Yoomy,https://www.ictergezocht.nl/ict-bedrijven/4214-yoomy/
4761,yoreM,https://www.ictergezocht.nl/ict-bedrijven/5847-yorem/
4762,Yorteam,https://www.ictergezocht.nl/ict-bedrijven/5441-yorteam/
4763,YouBeDo,https://www.ictergezocht.nl/ict-bedrijven/9671-youbedo/
4764,YouCT,https://www.ictergezocht.nl/ict-bedrijven/10552-youct/
4765,Young Coders,https://www.ictergezocht.nl/ict-bedrijven/10194-young-coders/
4766,YoungCapital,https://www.ictergezocht.nl/ict-bedrijven/6035-youngcapital/
4767,YoungCapital NEXT,https://www.ictergezocht.nl/ict-bedrijven/10374-youngcapital-next/
4768,YoungCapital Professionals Talent Development,https://www.ictergezocht.nl/ict-bedrijven/9241-youngcapital-professionals-talent-development/
4769,YoungMinded,https://www.ictergezocht.nl/ict-bedrijven/4829-youngminded/
4770,YoungOrange,https://www.ictergezocht.nl/ict-bedrijven/8547-youngorange/
4771,YoungOrange,https://www.ictergezocht.nl/ict-bedrijven/10636-youngorange/
4772,Younity Media,https://www.ictergezocht.nl/ict-bedrijven/2629-younity-media/
4773,Your Process in Line,https://www.ictergezocht.nl/ict-bedrijven/8861-your-process-in-line/
4774,Your Professionals IT,https://www.ictergezocht.nl/ict-bedrijven/4849-your-professionals-it/
4775,Your Recruitment Agency,https://www.ictergezocht.nl/ict-bedrijven/9519-your-recruitment-agency/
4776,Your Test Professionals,https://www.ictergezocht.nl/ict-bedrijven/8352-your-test-professionals/
4777,Yourbrandhub,https://www.ictergezocht.nl/ict-bedrijven/10060-yourbrandhub/
4778,Yourhosting,https://www.ictergezocht.nl/ict-bedrijven/4969-yourhosting/
4779,YourICT,https://www.ictergezocht.nl/ict-bedrijven/3970-yourict/
4780,YPOS internettoepassingen,https://www.ictergezocht.nl/ict-bedrijven/2704-ypos-internettoepassingen/
4781,Yunoo,https://www.ictergezocht.nl/ict-bedrijven/1049-yunoo/
4782,ICT bedrijven zoeken,https://www.ictergezocht.nl/ict-bedrijven/
4783,ICT bedrijven zoeken,https://www.ictergezocht.nl/ict-bedrijven/
4784,Z-NetwerkenNederland,https://www.ictergezocht.nl/ict-bedrijven/5097-z-netwerkennederland/
4785,Zadkine,https://www.ictergezocht.nl/ict-bedrijven/10333-zadkine/
4786,Zadkine,https://www.ictergezocht.nl/ict-bedrijven/4765-zadkine/
4787,zanox,https://www.ictergezocht.nl/ict-bedrijven/4774-zanox/
4788,Zapphire,https://www.ictergezocht.nl/ict-bedrijven/9575-zapphire/
4789,Zeeman,https://www.ictergezocht.nl/ict-bedrijven/4990-zeeman/
4790,Zeeuws Zakelijk,https://www.ictergezocht.nl/ict-bedrijven/9399-zeeuws-zakelijk/
4791,Zenda Support,https://www.ictergezocht.nl/ict-bedrijven/5336-zenda-support/
4792,Zentis Medical Solutions,https://www.ictergezocht.nl/ict-bedrijven/10551-zentis-medical-solutions/
4793,Zeppelin Informatica,https://www.ictergezocht.nl/ict-bedrijven/3032-zeppelin-informatica/
4794,Zervices,https://www.ictergezocht.nl/ict-bedrijven/10234-zervices/
4795,Zetacom,https://www.ictergezocht.nl/ict-bedrijven/10156-zetacom/
4796,ZF Marine Krimpen,https://www.ictergezocht.nl/ict-bedrijven/7637-zf-marine-krimpen/
4797,ZGT,https://www.ictergezocht.nl/ict-bedrijven/9937-zgt/
4798,Ziekenhuis Amstelland,https://www.ictergezocht.nl/ict-bedrijven/9087-ziekenhuis-amstelland/
4799,Ziekenhuis Gelderse Vallei,https://www.ictergezocht.nl/ict-bedrijven/10188-ziekenhuis-gelderse-vallei/
4800,Ziekenhuis Gelderse Vallei,https://www.ictergezocht.nl/ict-bedrijven/10449-ziekenhuis-gelderse-vallei/
4801,Ziekenhuis Gelderse Vallei,https://www.ictergezocht.nl/ict-bedrijven/10719-ziekenhuis-gelderse-vallei/
4802,Ziekenhuis Rivierenland,https://www.ictergezocht.nl/ict-bedrijven/4627-ziekenhuis-rivierenland/
4803,ziekenhuis Tjongerschans,https://www.ictergezocht.nl/ict-bedrijven/9848-ziekenhuis-tjongerschans/
4804,Zign Innovations,https://www.ictergezocht.nl/ict-bedrijven/5721-zign-innovations/
4805,Zimmerman,https://www.ictergezocht.nl/ict-bedrijven/6070-zimmerman/
4806,Zite Media,https://www.ictergezocht.nl/ict-bedrijven/8874-zite-media/
4807,ZiZo beheerorganisatie,https://www.ictergezocht.nl/ict-bedrijven/8365-zizo-beheerorganisatie/
4808,ZOA,https://www.ictergezocht.nl/ict-bedrijven/8549-zoa/
4809,ZoAnders,https://www.ictergezocht.nl/ict-bedrijven/3665-zoanders/
4810,Zolemba,https://www.ictergezocht.nl/ict-bedrijven/7645-zolemba/
4811,ZON ICT,https://www.ictergezocht.nl/ict-bedrijven/10099-zon-ict/
4812,ZonMw,https://www.ictergezocht.nl/ict-bedrijven/8882-zonmw/
4813,Zookini,https://www.ictergezocht.nl/ict-bedrijven/5404-zookini/
4814,Zoolt Web Development,https://www.ictergezocht.nl/ict-bedrijven/9680-zoolt-web-development/
4815,Zoover - MeteoVista,https://www.ictergezocht.nl/ict-bedrijven/4307-zoover-meteovista/
4816,Zorgcampus Rotterdam,https://www.ictergezocht.nl/ict-bedrijven/8373-zorgcampus-rotterdam/
4817,ZorgDomein,https://www.ictergezocht.nl/ict-bedrijven/387-zorgdomein/
4818,ZorgGemak,https://www.ictergezocht.nl/ict-bedrijven/4295-zorggemak/
4819,Zorggroep Alliade,https://www.ictergezocht.nl/ict-bedrijven/5577-zorggroep-alliade/
4820,Zorggroep Charim,https://www.ictergezocht.nl/ict-bedrijven/10704-zorggroep-charim/
4821,Zorggroep Elde Maasduinen,https://www.ictergezocht.nl/ict-bedrijven/8977-zorggroep-elde-maasduinen/
4822,Zorggroep Elde Maasduinen,https://www.ictergezocht.nl/ict-bedrijven/10803-zorggroep-elde-maasduinen/
4823,Zorggroep Oude en Nieuwe Land,https://www.ictergezocht.nl/ict-bedrijven/9217-zorggroep-oude-en-nieuwe-land/
4824,Zorggroep Reinalda,https://www.ictergezocht.nl/ict-bedrijven/8181-zorggroep-reinalda/
4825,Zorggroep Solis,https://www.ictergezocht.nl/ict-bedrijven/9041-zorggroep-solis/
4826,Zorginstituut Nederland,https://www.ictergezocht.nl/ict-bedrijven/10360-zorginstituut-nederland/
4827,Zorgna,https://www.ictergezocht.nl/ict-bedrijven/5637-zorgna/
4828,ZorgNed Automatisering,https://www.ictergezocht.nl/ict-bedrijven/56-zorgned-automatisering/
4829,ZorgPlus Systemen,https://www.ictergezocht.nl/ict-bedrijven/784-zorgplus-systemen/
4830,Zorgportaal Rijnmond,https://www.ictergezocht.nl/ict-bedrijven/4380-zorgportaal-rijnmond/
4831,ZSV Zorg en Wonen,https://www.ictergezocht.nl/ict-bedrijven/5717-zsv-zorg-en-wonen/
4832,Zuiderhuis Assurantiën,https://www.ictergezocht.nl/ict-bedrijven/6181-zuiderhuis-assurantien/
4833,Zuyd Hogeschool,https://www.ictergezocht.nl/ict-bedrijven/9964-zuyd-hogeschool/
4834,Zuyderland Medisch Centrum,https://www.ictergezocht.nl/ict-bedrijven/7602-zuyderland-medisch-centrum/
